PM2.5 (ug/m3),PM10 (ug/m3),PM1 (ug/m3),CO2 (ppm),Temperature (Celsius),Humidity (%),Pressure (pascal),Particle Count,hour,day,month,day_of_week,AQI,AQI Category
21,34,16,420,22,68,83315,1967,21,31,12,Tuesday,70.0,Unhealthy
20,31,15,421,21,69,83260,1745,22,31,12,Tuesday,66.66666666666666,Unhealthy
18,29,14,420,21,69,83207,1599,23,31,12,Tuesday,60.0,Unhealthy
16,27,13,420,21,70,83182,1469,0,1,1,Wednesday,53.333333333333336,Unhealthy
18,29,14,429,21,71,83193,1657,1,1,1,Wednesday,60.0,Unhealthy
19,30,14,440,21,71,83219,1663,2,1,1,Wednesday,63.33333333333333,Unhealthy
16,26,13,444,20,71,83226,1491,3,1,1,Wednesday,53.333333333333336,Unhealthy
15,23,12,433,22,65,83263,1365,4,1,1,Wednesday,50.0,Unhealthy
13,20,10,409,25,57,83309,1168,5,1,1,Wednesday,43.333333333333336,Unhealthy for Sensitive Groups
12,19,9,406,26,51,83316,1059,6,1,1,Wednesday,40.0,Unhealthy for Sensitive Groups
11,18,9,406,28,45,83281,997,7,1,1,Wednesday,36.666666666666664,Unhealthy for Sensitive Groups
10,18,8,404,28,43,83239,955,8,1,1,Wednesday,33.33333333333333,Unhealthy for Sensitive Groups
10,17,8,403,29,42,83157,935,9,1,1,Wednesday,33.33333333333333,Unhealthy for Sensitive Groups
11,18,9,405,29,42,83074,992,10,1,1,Wednesday,36.666666666666664,Unhealthy for Sensitive Groups
11,19,9,405,28,44,83006,996,11,1,1,Wednesday,36.666666666666664,Unhealthy for Sensitive Groups
11,19,9,403,28,45,82953,1010,12,1,1,Wednesday,36.666666666666664,Unhealthy for Sensitive Groups
10,19,8,403,27,48,82945,941,13,1,1,Wednesday,33.33333333333333,Unhealthy for Sensitive Groups
11,19,9,406,25,52,82984,993,14,1,1,Wednesday,36.666666666666664,Unhealthy for Sensitive Groups
12,21,10,409,24,57,83045,1074,15,1,1,Wednesday,40.0,Unhealthy for Sensitive Groups
13,23,10,413,23,60,83129,1190,16,1,1,Wednesday,43.333333333333336,Unhealthy for Sensitive Groups
12,21,10,414,23,62,83206,1129,17,1,1,Wednesday,40.0,Unhealthy for Sensitive Groups
12,20,10,415,22,63,83273,1120,18,1,1,Wednesday,40.0,Unhealthy for Sensitive Groups
15,24,12,420,22,64,83334,1345,19,1,1,Wednesday,50.0,Unhealthy
13,22,10,419,22,64,83327,1202,20,1,1,Wednesday,43.333333333333336,Unhealthy for Sensitive Groups
13,20,10,419,22,65,83322,1151,21,1,1,Wednesday,43.333333333333336,Unhealthy for Sensitive Groups
10,16,8,414,21,69,83276,934,22,1,1,Wednesday,33.33333333333333,Unhealthy for Sensitive Groups
10,16,8,417,21,69,83225,942,23,1,1,Wednesday,33.33333333333333,Unhealthy for Sensitive Groups
10,17,8,422,20,70,83179,960,0,2,1,Thursday,33.33333333333333,Unhealthy for Sensitive Groups
10,16,8,427,20,70,83181,912,1,2,1,Thursday,33.33333333333333,Unhealthy for Sensitive Groups
9,15,7,441,20,69,83208,882,2,2,1,Thursday,30.0,Unhealthy for Sensitive Groups
11,16,9,451,19,69,83238,992,3,2,1,Thursday,36.666666666666664,Unhealthy for Sensitive Groups
12,19,10,439,22,63,83306,1115,4,2,1,Thursday,40.0,Unhealthy for Sensitive Groups
10,15,8,412,25,56,83342,903,5,2,1,Thursday,33.33333333333333,Unhealthy for Sensitive Groups
9,14,7,410,25,53,83350,865,6,2,1,Thursday,30.0,Unhealthy for Sensitive Groups
9,15,7,407,26,47,83336,826,7,2,1,Thursday,30.0,Unhealthy for Sensitive Groups
10,16,7,407,27,43,83272,882,8,2,1,Thursday,33.33333333333333,Unhealthy for Sensitive Groups
9,16,7,405,28,42,83206,846,9,2,1,Thursday,30.0,Unhealthy for Sensitive Groups
8,14,6,404,28,39,83117,730,10,2,1,Thursday,26.666666666666668,Moderate
7,12,6,403,28,38,83037,647,11,2,1,Thursday,23.333333333333332,Moderate
8,16,6,403,27,42,82999,689,12,2,1,Thursday,26.666666666666668,Moderate
7,14,6,404,26,42,83004,656,13,2,1,Thursday,23.333333333333332,Moderate
8,14,6,406,25,45,83043,695,14,2,1,Thursday,26.666666666666668,Moderate
8,15,6,412,24,47,83103,753,15,2,1,Thursday,26.666666666666668,Moderate
8,15,6,415,23,49,83149,759,16,2,1,Thursday,26.666666666666668,Moderate
12,19,9,419,22,54,83225,1060,17,2,1,Thursday,40.0,Unhealthy for Sensitive Groups
15,24,12,421,21,57,83303,1341,18,2,1,Thursday,50.0,Unhealthy
15,23,12,424,21,60,83343,1327,19,2,1,Thursday,50.0,Unhealthy
14,23,11,429,20,62,83351,1313,20,2,1,Thursday,46.666666666666664,Unhealthy for Sensitive Groups
13,20,10,428,20,64,83341,1171,21,2,1,Thursday,43.333333333333336,Unhealthy for Sensitive Groups
12,18,9,432,19,67,83297,1064,22,2,1,Thursday,40.0,Unhealthy for Sensitive Groups
9,15,7,435,19,67,83264,875,23,2,1,Thursday,30.0,Unhealthy for Sensitive Groups
8,12,6,426,19,68,83242,737,0,3,1,Friday,26.666666666666668,Moderate
8,13,6,424,19,68,83215,757,1,3,1,Friday,26.666666666666668,Moderate
9,13,7,435,19,68,83234,800,2,3,1,Friday,30.0,Unhealthy for Sensitive Groups
8,13,6,449,19,68,83297,793,3,3,1,Friday,26.666666666666668,Moderate
10,15,8,447,20,66,83383,886,4,3,1,Friday,33.33333333333333,Unhealthy for Sensitive Groups
14,22,11,418,23,58,83418,1271,5,3,1,Friday,46.666666666666664,Unhealthy for Sensitive Groups
14,21,11,413,25,52,83410,1256,6,3,1,Friday,46.666666666666664,Unhealthy for Sensitive Groups
9,15,7,409,25,50,83390,863,7,3,1,Friday,30.0,Unhealthy for Sensitive Groups
9,14,7,407,27,45,83326,816,8,3,1,Friday,30.0,Unhealthy for Sensitive Groups
8,14,6,406,28,41,83261,755,9,3,1,Friday,26.666666666666668,Moderate
7,13,6,405,28,39,83174,670,10,3,1,Friday,23.333333333333332,Moderate
7,13,5,405,27,39,83088,633,11,3,1,Friday,23.333333333333332,Moderate
6,11,5,403,27,39,83041,542,12,3,1,Friday,20.0,Moderate
6,11,4,404,26,39,83048,524,13,3,1,Friday,20.0,Moderate
6,11,5,406,25,43,83084,568,14,3,1,Friday,20.0,Moderate
8,13,6,411,24,48,83139,735,15,3,1,Friday,26.666666666666668,Moderate
9,15,7,415,23,54,83201,798,16,3,1,Friday,30.0,Unhealthy for Sensitive Groups
12,21,10,418,22,57,83282,1084,17,3,1,Friday,40.0,Unhealthy for Sensitive Groups
15,24,11,421,21,59,83330,1325,18,3,1,Friday,50.0,Unhealthy
16,25,13,425,21,60,83359,1475,19,3,1,Friday,53.333333333333336,Unhealthy
15,23,12,430,21,62,83362,1348,20,3,1,Friday,50.0,Unhealthy
12,19,10,426,21,62,83334,1096,21,3,1,Friday,40.0,Unhealthy for Sensitive Groups
10,16,8,422,21,63,83275,968,22,3,1,Friday,33.33333333333333,Unhealthy for Sensitive Groups
9,14,7,419,21,64,83234,817,23,3,1,Friday,30.0,Unhealthy for Sensitive Groups
9,14,7,420,21,64,83256,798,0,4,1,Saturday,30.0,Unhealthy for Sensitive Groups
9,14,7,421,20,64,83286,812,1,4,1,Saturday,30.0,Unhealthy for Sensitive Groups
9,15,7,426,20,68,83309,863,2,4,1,Saturday,30.0,Unhealthy for Sensitive Groups
11,17,9,432,20,70,83357,1012,3,4,1,Saturday,36.666666666666664,Unhealthy for Sensitive Groups
13,19,10,430,20,69,83398,1148,4,4,1,Saturday,43.333333333333336,Unhealthy for Sensitive Groups
13,21,10,422,21,69,83446,1198,5,4,1,Saturday,43.333333333333336,Unhealthy for Sensitive Groups
12,18,10,413,23,63,83432,1096,6,4,1,Saturday,40.0,Unhealthy for Sensitive Groups
10,15,8,406,25,56,83396,920,7,4,1,Saturday,33.33333333333333,Unhealthy for Sensitive Groups
8,13,7,404,26,50,83326,778,8,4,1,Saturday,26.666666666666668,Moderate
7,10,6,402,27,43,83243,628,9,4,1,Saturday,23.333333333333332,Moderate
6,10,5,403,28,41,83152,591,10,4,1,Saturday,20.0,Moderate
7,11,6,402,28,41,83068,661,11,4,1,Saturday,23.333333333333332,Moderate
8,13,6,402,27,44,83022,732,12,4,1,Saturday,26.666666666666668,Moderate
7,12,6,402,27,46,83039,668,13,4,1,Saturday,23.333333333333332,Moderate
8,13,6,404,25,49,83055,715,14,4,1,Saturday,26.666666666666668,Moderate
8,14,6,408,24,53,83108,732,15,4,1,Saturday,26.666666666666668,Moderate
9,15,7,411,23,55,83171,817,16,4,1,Saturday,30.0,Unhealthy for Sensitive Groups
10,17,8,415,23,56,83240,920,17,4,1,Saturday,33.33333333333333,Unhealthy for Sensitive Groups
9,15,7,417,22,58,83296,853,18,4,1,Saturday,30.0,Unhealthy for Sensitive Groups
11,18,9,419,22,60,83344,1012,19,4,1,Saturday,36.666666666666664,Unhealthy for Sensitive Groups
11,17,9,421,22,61,83346,1024,20,4,1,Saturday,36.666666666666664,Unhealthy for Sensitive Groups
11,17,9,422,21,61,83322,984,21,4,1,Saturday,36.666666666666664,Unhealthy for Sensitive Groups
10,15,8,422,21,61,83255,893,22,4,1,Saturday,33.33333333333333,Unhealthy for Sensitive Groups
8,14,6,422,21,62,83207,789,23,4,1,Saturday,26.666666666666668,Moderate
8,13,6,421,21,63,83190,762,0,5,1,Sunday,26.666666666666668,Moderate
8,13,6,417,21,63,83194,748,1,5,1,Sunday,26.666666666666668,Moderate
8,14,6,424,20,65,83236,776,2,5,1,Sunday,26.666666666666668,Moderate
10,16,8,426,19,67,83301,906,3,5,1,Sunday,33.33333333333333,Unhealthy for Sensitive Groups
12,20,10,425,20,68,83361,1132,4,5,1,Sunday,40.0,Unhealthy for Sensitive Groups
15,23,12,421,20,68,83405,1321,5,5,1,Sunday,50.0,Unhealthy
13,22,10,417,21,67,83421,1202,6,5,1,Sunday,43.333333333333336,Unhealthy for Sensitive Groups
11,19,9,411,24,56,83384,989,7,5,1,Sunday,36.666666666666664,Unhealthy for Sensitive Groups
9,15,6,407,26,47,83311,790,8,5,1,Sunday,30.0,Unhealthy for Sensitive Groups
9,15,6,405,27,45,83228,763,9,5,1,Sunday,30.0,Unhealthy for Sensitive Groups
8,14,6,404,28,42,83132,745,10,5,1,Sunday,26.666666666666668,Moderate
8,14,6,403,28,42,83055,741,11,5,1,Sunday,26.666666666666668,Moderate
9,16,6,402,28,45,83005,770,12,5,1,Sunday,30.0,Unhealthy for Sensitive Groups
10,18,7,403,26,47,82993,825,13,5,1,Sunday,33.33333333333333,Unhealthy for Sensitive Groups
11,21,7,404,25,51,83020,859,14,5,1,Sunday,36.666666666666664,Unhealthy for Sensitive Groups
13,24,9,408,24,56,83076,1015,15,5,1,Sunday,43.333333333333336,Unhealthy for Sensitive Groups
14,26,10,412,23,58,83139,1161,16,5,1,Sunday,46.666666666666664,Unhealthy for Sensitive Groups
16,28,11,414,22,61,83200,1283,17,5,1,Sunday,53.333333333333336,Unhealthy
16,28,12,417,21,63,83261,1336,18,5,1,Sunday,53.333333333333336,Unhealthy
19,33,14,420,21,64,83288,1588,19,5,1,Sunday,63.33333333333333,Unhealthy
18,31,13,424,20,65,83297,1489,20,5,1,Sunday,60.0,Unhealthy
21,36,15,433,20,65,83282,1849,21,5,1,Sunday,70.0,Unhealthy
21,35,16,449,19,67,83236,1891,22,5,1,Sunday,70.0,Unhealthy
17,28,13,451,19,67,83194,1469,23,5,1,Sunday,56.666666666666664,Unhealthy
14,25,11,455,18,67,83172,1271,0,6,1,Monday,46.666666666666664,Unhealthy for Sensitive Groups
13,23,10,454,18,68,83198,1173,1,6,1,Monday,43.333333333333336,Unhealthy for Sensitive Groups
13,23,10,451,17,68,83227,1134,2,6,1,Monday,43.333333333333336,Unhealthy for Sensitive Groups
13,23,10,452,17,68,83266,1124,3,6,1,Monday,43.333333333333336,Unhealthy for Sensitive Groups
19,35,14,445,20,63,83338,1642,4,6,1,Monday,63.33333333333333,Unhealthy
16,30,11,416,23,54,83387,1255,5,6,1,Monday,53.333333333333336,Unhealthy
14,27,10,409,25,49,83392,1087,6,6,1,Monday,46.666666666666664,Unhealthy for Sensitive Groups
15,28,10,409,26,46,83370,1158,7,6,1,Monday,50.0,Unhealthy
15,28,10,408,27,42,83304,1112,8,6,1,Monday,50.0,Unhealthy
17,32,11,409,27,43,83228,1277,9,6,1,Monday,56.666666666666664,Unhealthy
14,29,9,405,27,42,83148,1060,10,6,1,Monday,46.666666666666664,Unhealthy for Sensitive Groups
14,28,9,404,27,43,83076,1042,11,6,1,Monday,46.666666666666664,Unhealthy for Sensitive Groups
14,28,9,403,27,45,83033,1073,12,6,1,Monday,46.666666666666664,Unhealthy for Sensitive Groups
13,27,8,404,26,45,83027,948,13,6,1,Monday,43.333333333333336,Unhealthy for Sensitive Groups
13,26,8,407,24,47,83051,931,14,6,1,Monday,43.333333333333336,Unhealthy for Sensitive Groups
17,31,12,411,23,50,83084,1438,15,6,1,Monday,56.666666666666664,Unhealthy
16,30,11,416,22,53,83170,1270,16,6,1,Monday,53.333333333333336,Unhealthy
19,35,13,418,22,56,83258,1475,17,6,1,Monday,63.33333333333333,Unhealthy
29,50,20,419,21,58,83326,2512,18,6,1,Monday,96.66666666666667,Unhealthy
21,38,14,422,20,61,83364,1709,19,6,1,Monday,70.0,Unhealthy
15,28,11,422,20,60,83352,1212,20,6,1,Monday,50.0,Unhealthy
13,26,9,430,19,61,83326,1071,21,6,1,Monday,43.333333333333336,Unhealthy for Sensitive Groups
13,24,9,433,19,62,83287,1043,22,6,1,Monday,43.333333333333336,Unhealthy for Sensitive Groups
12,22,8,443,18,64,83252,974,23,6,1,Monday,40.0,Unhealthy for Sensitive Groups
11,21,8,448,18,64,83241,927,0,7,1,Tuesday,36.666666666666664,Unhealthy for Sensitive Groups
11,20,8,449,18,65,83260,927,1,7,1,Tuesday,36.666666666666664,Unhealthy for Sensitive Groups
11,21,8,455,17,65,83291,975,2,7,1,Tuesday,36.666666666666664,Unhealthy for Sensitive Groups
13,23,10,466,17,65,83324,1135,3,7,1,Tuesday,43.333333333333336,Unhealthy for Sensitive Groups
20,34,14,465,19,61,83375,1721,4,7,1,Tuesday,66.66666666666666,Unhealthy
15,28,10,414,23,53,83408,1213,5,7,1,Tuesday,50.0,Unhealthy
11,22,7,409,25,47,83419,854,6,7,1,Tuesday,36.666666666666664,Unhealthy for Sensitive Groups
12,22,8,408,27,43,83378,981,7,7,1,Tuesday,40.0,Unhealthy for Sensitive Groups
11,21,8,407,28,37,83311,922,8,7,1,Tuesday,36.666666666666664,Unhealthy for Sensitive Groups
10,19,7,406,29,32,83224,789,9,7,1,Tuesday,33.33333333333333,Unhealthy for Sensitive Groups
10,19,7,405,30,30,83112,809,10,7,1,Tuesday,33.33333333333333,Unhealthy for Sensitive Groups
10,20,7,405,30,29,83028,823,11,7,1,Tuesday,33.33333333333333,Unhealthy for Sensitive Groups
10,19,6,405,29,29,82980,754,12,7,1,Tuesday,33.33333333333333,Unhealthy for Sensitive Groups
9,17,6,404,28,31,82980,670,13,7,1,Tuesday,30.0,Unhealthy for Sensitive Groups
8,17,6,408,26,33,83012,651,14,7,1,Tuesday,26.666666666666668,Moderate
11,23,7,412,25,38,83062,883,15,7,1,Tuesday,36.666666666666664,Unhealthy for Sensitive Groups
13,26,9,416,23,45,83129,1049,16,7,1,Tuesday,43.333333333333336,Unhealthy for Sensitive Groups
15,27,11,419,22,51,83207,1251,17,7,1,Tuesday,50.0,Unhealthy
19,34,14,420,21,56,83275,1645,18,7,1,Tuesday,63.33333333333333,Unhealthy
22,39,16,423,21,60,83301,1875,19,7,1,Tuesday,73.33333333333333,Unhealthy
16,29,12,421,21,62,83293,1346,20,7,1,Tuesday,53.333333333333336,Unhealthy
14,26,10,422,20,63,83259,1169,21,7,1,Tuesday,46.666666666666664,Unhealthy for Sensitive Groups
13,23,10,432,20,64,83215,1121,22,7,1,Tuesday,43.333333333333336,Unhealthy for Sensitive Groups
12,22,10,444,19,65,83180,1093,23,7,1,Tuesday,40.0,Unhealthy for Sensitive Groups
12,20,10,457,19,65,83183,1066,0,8,1,Wednesday,40.0,Unhealthy for Sensitive Groups
12,19,10,467,18,66,83208,1064,1,8,1,Wednesday,40.0,Unhealthy for Sensitive Groups
13,22,10,470,18,67,83240,1165,2,8,1,Wednesday,43.333333333333336,Unhealthy for Sensitive Groups
15,26,11,468,17,67,83298,1312,3,8,1,Wednesday,50.0,Unhealthy
19,31,14,464,20,62,83361,1669,4,8,1,Wednesday,63.33333333333333,Unhealthy
17,30,12,436,24,54,83402,1442,5,8,1,Wednesday,56.666666666666664,Unhealthy
11,20,8,413,26,47,83398,940,6,8,1,Wednesday,36.666666666666664,Unhealthy for Sensitive Groups
13,23,9,406,27,44,83344,1072,7,8,1,Wednesday,43.333333333333336,Unhealthy for Sensitive Groups
15,28,11,407,29,40,83264,1262,8,8,1,Wednesday,50.0,Unhealthy
15,28,10,406,30,36,83168,1213,9,8,1,Wednesday,50.0,Unhealthy
10,19,7,405,30,31,83066,846,10,8,1,Wednesday,33.33333333333333,Unhealthy for Sensitive Groups
9,17,6,406,31,28,82971,730,11,8,1,Wednesday,30.0,Unhealthy for Sensitive Groups
8,16,6,407,30,28,82915,657,12,8,1,Wednesday,26.666666666666668,Moderate
7,14,5,406,29,29,82906,548,13,8,1,Wednesday,23.333333333333332,Moderate
8,17,6,408,28,35,82923,679,14,8,1,Wednesday,26.666666666666668,Moderate
9,18,6,411,26,38,82967,747,15,8,1,Wednesday,30.0,Unhealthy for Sensitive Groups
11,21,9,416,24,42,83045,990,16,8,1,Wednesday,36.666666666666664,Unhealthy for Sensitive Groups
16,27,12,428,23,47,83117,1362,17,8,1,Wednesday,53.333333333333336,Unhealthy
19,32,14,432,22,51,83165,1666,18,8,1,Wednesday,63.33333333333333,Unhealthy
17,29,14,433,21,53,83214,1535,19,8,1,Wednesday,56.666666666666664,Unhealthy
16,28,12,425,22,56,83224,1401,20,8,1,Wednesday,53.333333333333336,Unhealthy
11,20,9,421,21,61,83184,1001,21,8,1,Wednesday,36.666666666666664,Unhealthy for Sensitive Groups
11,20,8,423,21,63,83144,972,22,8,1,Wednesday,36.666666666666664,Unhealthy for Sensitive Groups
11,18,8,429,20,64,83132,958,23,8,1,Wednesday,36.666666666666664,Unhealthy for Sensitive Groups
10,16,7,432,20,65,83125,879,0,9,1,Thursday,33.33333333333333,Unhealthy for Sensitive Groups
8,15,6,434,20,65,83141,775,1,9,1,Thursday,26.666666666666668,Moderate
8,13,6,440,19,67,83160,743,2,9,1,Thursday,26.666666666666668,Moderate
26,61,11,459,19,67,83218,1199,3,9,1,Thursday,86.66666666666667,Unhealthy
19,38,12,451,21,64,83278,1375,4,9,1,Thursday,63.33333333333333,Unhealthy
11,19,8,414,24,56,83324,966,5,9,1,Thursday,36.666666666666664,Unhealthy for Sensitive Groups
8,14,6,406,27,50,83321,671,6,9,1,Thursday,26.666666666666668,Moderate
9,16,6,405,28,44,83280,787,7,9,1,Thursday,30.0,Unhealthy for Sensitive Groups
11,20,8,404,29,41,83208,972,8,9,1,Thursday,36.666666666666664,Unhealthy for Sensitive Groups
15,27,11,406,30,40,83102,1290,9,9,1,Thursday,50.0,Unhealthy
15,26,11,406,30,39,83002,1221,10,9,1,Thursday,50.0,Unhealthy
12,21,9,405,31,37,82921,1016,11,9,1,Thursday,40.0,Unhealthy for Sensitive Groups
10,20,7,405,30,38,82871,867,12,9,1,Thursday,33.33333333333333,Unhealthy for Sensitive Groups
9,17,6,406,29,40,82879,750,13,9,1,Thursday,30.0,Unhealthy for Sensitive Groups
9,19,6,410,27,42,82918,774,14,9,1,Thursday,30.0,Unhealthy for Sensitive Groups
10,20,7,414,26,47,82993,845,15,9,1,Thursday,33.33333333333333,Unhealthy for Sensitive Groups
10,19,7,414,24,53,83056,847,16,9,1,Thursday,33.33333333333333,Unhealthy for Sensitive Groups
11,21,8,417,24,55,83143,970,17,9,1,Thursday,36.666666666666664,Unhealthy for Sensitive Groups
13,24,9,419,23,58,83214,1105,18,9,1,Thursday,43.333333333333336,Unhealthy for Sensitive Groups
9,16,7,419,23,60,83279,835,19,9,1,Thursday,30.0,Unhealthy for Sensitive Groups
8,13,6,420,23,61,83308,734,20,9,1,Thursday,26.666666666666668,Moderate
8,14,6,420,22,63,83257,737,21,9,1,Thursday,26.666666666666668,Moderate
8,13,6,421,22,64,83200,725,22,9,1,Thursday,26.666666666666668,Moderate
8,12,6,426,22,64,83160,723,23,9,1,Thursday,26.666666666666668,Moderate
8,13,6,425,22,65,83132,737,0,10,1,Friday,26.666666666666668,Moderate
9,14,7,426,21,66,83175,782,1,10,1,Friday,30.0,Unhealthy for Sensitive Groups
8,14,6,433,21,66,83233,785,2,10,1,Friday,26.666666666666668,Moderate
10,16,8,433,21,69,83309,901,3,10,1,Friday,33.33333333333333,Unhealthy for Sensitive Groups
15,26,12,436,21,68,83397,1362,4,10,1,Friday,50.0,Unhealthy
18,30,13,426,22,66,83431,1487,5,10,1,Friday,60.0,Unhealthy
13,22,10,415,24,62,83443,1160,6,10,1,Friday,43.333333333333336,Unhealthy for Sensitive Groups
11,18,9,410,25,57,83403,1008,7,10,1,Friday,36.666666666666664,Unhealthy for Sensitive Groups
10,17,8,409,27,50,83335,915,8,10,1,Friday,33.33333333333333,Unhealthy for Sensitive Groups
11,17,8,407,29,45,83255,964,9,10,1,Friday,36.666666666666664,Unhealthy for Sensitive Groups
9,16,7,406,29,44,83126,836,10,10,1,Friday,30.0,Unhealthy for Sensitive Groups
8,15,6,405,29,41,83038,704,11,10,1,Friday,26.666666666666668,Moderate
9,17,6,406,28,44,82984,631,12,10,1,Friday,30.0,Unhealthy for Sensitive Groups
8,15,6,406,27,44,82982,638,13,10,1,Friday,26.666666666666668,Moderate
8,15,6,407,25,50,83026,633,14,10,1,Friday,26.666666666666668,Moderate
8,15,6,410,24,55,83084,702,15,10,1,Friday,26.666666666666668,Moderate
10,18,8,413,23,61,83183,901,16,10,1,Friday,33.33333333333333,Unhealthy for Sensitive Groups
12,21,10,418,23,64,83245,1106,17,10,1,Friday,40.0,Unhealthy for Sensitive Groups
12,21,10,421,22,66,83305,1105,18,10,1,Friday,40.0,Unhealthy for Sensitive Groups
12,20,10,423,22,67,83379,1115,19,10,1,Friday,40.0,Unhealthy for Sensitive Groups
11,19,8,420,22,69,83382,971,20,10,1,Friday,36.666666666666664,Unhealthy for Sensitive Groups
9,16,7,418,21,73,83368,854,21,10,1,Friday,30.0,Unhealthy for Sensitive Groups
9,15,7,418,20,74,83334,803,22,10,1,Friday,30.0,Unhealthy for Sensitive Groups
7,12,6,418,20,74,83299,699,23,10,1,Friday,23.333333333333332,Moderate
7,12,6,418,20,74,83268,683,0,11,1,Saturday,23.333333333333332,Moderate
8,13,6,421,20,74,83264,763,1,11,1,Saturday,26.666666666666668,Moderate
9,14,7,422,20,74,83307,817,2,11,1,Saturday,30.0,Unhealthy for Sensitive Groups
8,12,6,428,20,72,83373,727,3,11,1,Saturday,26.666666666666668,Moderate
9,13,7,425,21,70,83440,792,4,11,1,Saturday,30.0,Unhealthy for Sensitive Groups
7,12,6,415,24,59,83455,704,5,11,1,Saturday,23.333333333333332,Moderate
5,10,4,411,25,53,83448,510,6,11,1,Saturday,16.666666666666664,Moderate
6,10,5,411,27,46,83420,578,7,11,1,Saturday,20.0,Moderate
8,13,6,410,29,43,83361,731,8,11,1,Saturday,26.666666666666668,Moderate
10,18,8,409,29,41,83280,939,9,11,1,Saturday,33.33333333333333,Unhealthy for Sensitive Groups
8,15,6,407,29,40,83177,761,10,11,1,Saturday,26.666666666666668,Moderate
7,13,6,406,29,39,83081,682,11,11,1,Saturday,23.333333333333332,Moderate
7,12,5,406,29,39,83022,623,12,11,1,Saturday,23.333333333333332,Moderate
6,12,5,406,28,41,83002,562,13,11,1,Saturday,20.0,Moderate
5,11,4,408,27,44,83011,508,14,11,1,Saturday,16.666666666666664,Moderate
7,13,6,412,25,48,83059,631,15,11,1,Saturday,23.333333333333332,Moderate
11,19,8,418,25,51,83108,957,16,11,1,Saturday,36.666666666666664,Unhealthy for Sensitive Groups
15,24,12,418,24,51,83157,1381,17,11,1,Saturday,50.0,Unhealthy
15,24,12,423,24,54,83231,1366,18,11,1,Saturday,50.0,Unhealthy
15,24,12,424,23,60,83277,1335,19,11,1,Saturday,50.0,Unhealthy
17,26,13,428,22,66,83308,1502,20,11,1,Saturday,56.666666666666664,Unhealthy
11,19,9,424,22,66,83303,1024,21,11,1,Saturday,36.666666666666664,Unhealthy for Sensitive Groups
7,13,6,418,22,67,83256,655,22,11,1,Saturday,23.333333333333332,Moderate
8,13,6,421,22,67,83198,706,23,11,1,Saturday,26.666666666666668,Moderate
7,12,6,422,21,69,83178,669,0,12,1,Sunday,23.333333333333332,Moderate
6,12,5,420,21,69,83213,609,1,12,1,Sunday,20.0,Moderate
6,11,5,424,21,69,83219,605,2,12,1,Sunday,20.0,Moderate
6,11,5,439,20,69,83231,620,3,12,1,Sunday,20.0,Moderate
7,11,6,446,21,69,83285,650,4,12,1,Sunday,23.333333333333332,Moderate
9,15,7,420,23,62,83347,860,5,12,1,Sunday,30.0,Unhealthy for Sensitive Groups
8,12,6,409,26,52,83360,715,6,12,1,Sunday,26.666666666666668,Moderate
7,11,6,407,28,46,83312,664,7,12,1,Sunday,23.333333333333332,Moderate
6,10,5,405,30,42,83237,600,8,12,1,Sunday,20.0,Moderate
6,9,5,406,31,35,83154,557,9,12,1,Sunday,20.0,Moderate
5,8,4,405,31,31,83048,481,10,12,1,Sunday,16.666666666666664,Moderate
6,10,5,405,31,32,82945,566,11,12,1,Sunday,20.0,Moderate
7,12,6,407,29,35,82875,625,12,12,1,Sunday,23.333333333333332,Moderate
7,13,6,405,29,38,82857,671,13,12,1,Sunday,23.333333333333332,Moderate
7,13,6,406,27,41,82879,673,14,12,1,Sunday,23.333333333333332,Moderate
8,15,6,411,26,41,82934,685,15,12,1,Sunday,26.666666666666668,Moderate
12,22,9,420,25,45,83023,1092,16,12,1,Sunday,40.0,Unhealthy for Sensitive Groups
11,19,9,419,24,52,83099,1033,17,12,1,Sunday,36.666666666666664,Unhealthy for Sensitive Groups
14,22,11,418,24,56,83166,1233,18,12,1,Sunday,46.666666666666664,Unhealthy for Sensitive Groups
14,24,11,420,23,59,83204,1290,19,12,1,Sunday,46.666666666666664,Unhealthy for Sensitive Groups
13,21,10,421,23,61,83211,1138,20,12,1,Sunday,43.333333333333336,Unhealthy for Sensitive Groups
10,17,8,421,22,64,83189,920,21,12,1,Sunday,33.33333333333333,Unhealthy for Sensitive Groups
9,15,7,422,22,64,83159,821,22,12,1,Sunday,30.0,Unhealthy for Sensitive Groups
8,13,6,420,22,64,83104,713,23,12,1,Sunday,26.666666666666668,Moderate
8,13,6,421,22,64,83066,705,0,13,1,Monday,26.666666666666668,Moderate
7,12,6,420,21,64,83054,697,1,13,1,Monday,23.333333333333332,Moderate
7,12,6,433,21,66,83078,693,2,13,1,Monday,23.333333333333332,Moderate
9,14,7,446,20,67,83138,825,3,13,1,Monday,30.0,Unhealthy for Sensitive Groups
18,28,13,460,22,64,83197,1596,4,13,1,Monday,60.0,Unhealthy
15,25,11,427,25,56,83244,1343,5,13,1,Monday,50.0,Unhealthy
9,16,7,409,27,49,83234,841,6,13,1,Monday,30.0,Unhealthy for Sensitive Groups
9,16,7,408,28,44,83209,805,7,13,1,Monday,30.0,Unhealthy for Sensitive Groups
8,15,6,406,30,39,83144,714,8,13,1,Monday,26.666666666666668,Moderate
8,14,6,404,31,35,83064,691,9,13,1,Monday,26.666666666666668,Moderate
8,16,6,404,31,34,82977,721,10,13,1,Monday,26.666666666666668,Moderate
9,18,7,403,30,37,82884,803,11,13,1,Monday,30.0,Unhealthy for Sensitive Groups
9,17,6,404,29,39,82817,760,12,13,1,Monday,30.0,Unhealthy for Sensitive Groups
10,19,6,404,28,40,82794,787,13,13,1,Monday,33.33333333333333,Unhealthy for Sensitive Groups
10,20,7,407,27,42,82812,822,14,13,1,Monday,33.33333333333333,Unhealthy for Sensitive Groups
10,20,7,411,26,47,82880,846,15,13,1,Monday,33.33333333333333,Unhealthy for Sensitive Groups
11,21,8,414,25,52,82965,928,16,13,1,Monday,36.666666666666664,Unhealthy for Sensitive Groups
13,22,10,418,24,55,83043,1101,17,13,1,Monday,43.333333333333336,Unhealthy for Sensitive Groups
15,27,12,420,24,57,83128,1364,18,13,1,Monday,50.0,Unhealthy
14,24,11,421,23,58,83173,1257,19,13,1,Monday,46.666666666666664,Unhealthy for Sensitive Groups
14,24,11,432,22,60,83180,1240,20,13,1,Monday,46.666666666666664,Unhealthy for Sensitive Groups
14,23,11,442,22,62,83153,1261,21,13,1,Monday,46.666666666666664,Unhealthy for Sensitive Groups
14,22,11,450,21,63,83110,1249,22,13,1,Monday,46.666666666666664,Unhealthy for Sensitive Groups
12,20,10,455,20,63,83071,1123,23,13,1,Monday,40.0,Unhealthy for Sensitive Groups
13,21,10,462,20,64,83047,1200,0,14,1,Tuesday,43.333333333333336,Unhealthy for Sensitive Groups
15,23,12,463,19,64,83069,1328,1,14,1,Tuesday,50.0,Unhealthy
12,20,10,447,18,64,83109,1107,2,14,1,Tuesday,40.0,Unhealthy for Sensitive Groups
11,18,9,447,18,63,83164,1047,3,14,1,Tuesday,36.666666666666664,Unhealthy for Sensitive Groups
13,21,10,444,20,58,83219,1135,4,14,1,Tuesday,43.333333333333336,Unhealthy for Sensitive Groups
12,21,9,416,24,47,83257,1022,5,14,1,Tuesday,40.0,Unhealthy for Sensitive Groups
11,19,8,411,26,42,83262,960,6,14,1,Tuesday,36.666666666666664,Unhealthy for Sensitive Groups
10,18,7,405,27,37,83213,835,7,14,1,Tuesday,33.33333333333333,Unhealthy for Sensitive Groups
11,21,7,404,28,34,83154,862,8,14,1,Tuesday,36.666666666666664,Unhealthy for Sensitive Groups
12,25,7,403,29,31,83088,893,9,14,1,Tuesday,40.0,Unhealthy for Sensitive Groups
10,19,7,403,29,32,83000,860,10,14,1,Tuesday,33.33333333333333,Unhealthy for Sensitive Groups
10,19,7,401,28,35,82917,863,11,14,1,Tuesday,33.33333333333333,Unhealthy for Sensitive Groups
10,19,7,401,28,36,82825,863,12,14,1,Tuesday,33.33333333333333,Unhealthy for Sensitive Groups
10,19,7,402,27,38,82800,882,13,14,1,Tuesday,33.33333333333333,Unhealthy for Sensitive Groups
11,22,8,404,26,42,82854,965,14,14,1,Tuesday,36.666666666666664,Unhealthy for Sensitive Groups
11,21,8,408,24,43,82922,928,15,14,1,Tuesday,36.666666666666664,Unhealthy for Sensitive Groups
14,26,10,413,23,48,83009,1173,16,14,1,Tuesday,46.666666666666664,Unhealthy for Sensitive Groups
16,28,12,420,22,52,83090,1336,17,14,1,Tuesday,53.333333333333336,Unhealthy
18,31,14,426,22,54,83135,1643,18,14,1,Tuesday,60.0,Unhealthy
19,31,15,434,21,56,83169,1768,19,14,1,Tuesday,63.33333333333333,Unhealthy
14,23,11,430,20,56,83190,1280,20,14,1,Tuesday,46.666666666666664,Unhealthy for Sensitive Groups
13,21,10,434,20,56,83165,1207,21,14,1,Tuesday,43.333333333333336,Unhealthy for Sensitive Groups
15,24,12,441,19,57,83130,1386,22,14,1,Tuesday,50.0,Unhealthy
14,21,11,453,19,59,83104,1282,23,14,1,Tuesday,46.666666666666664,Unhealthy for Sensitive Groups
13,19,10,457,18,61,83100,1145,0,15,1,Wednesday,43.333333333333336,Unhealthy for Sensitive Groups
15,22,12,462,18,62,83137,1337,1,15,1,Wednesday,50.0,Unhealthy
14,21,11,450,17,62,83178,1237,2,15,1,Wednesday,46.666666666666664,Unhealthy for Sensitive Groups
13,21,10,451,17,62,83246,1228,3,15,1,Wednesday,43.333333333333336,Unhealthy for Sensitive Groups
20,33,15,442,18,60,83347,1790,4,15,1,Wednesday,66.66666666666666,Unhealthy
19,31,14,433,19,65,83427,1655,5,15,1,Wednesday,63.33333333333333,Unhealthy
14,23,11,420,20,62,83442,1288,6,15,1,Wednesday,46.666666666666664,Unhealthy for Sensitive Groups
13,21,10,416,21,59,83439,1213,7,15,1,Wednesday,43.333333333333336,Unhealthy for Sensitive Groups
10,18,7,410,23,54,83366,841,8,15,1,Wednesday,33.33333333333333,Unhealthy for Sensitive Groups
9,18,6,404,25,48,83293,664,9,15,1,Wednesday,30.0,Unhealthy for Sensitive Groups
7,15,5,402,25,45,83211,565,10,15,1,Wednesday,23.333333333333332,Moderate
6,13,4,401,26,43,83115,502,11,15,1,Wednesday,20.0,Moderate
7,14,4,402,26,42,83048,504,12,15,1,Wednesday,23.333333333333332,Moderate
7,14,4,402,26,41,83038,509,13,15,1,Wednesday,23.333333333333332,Moderate
7,15,5,404,25,42,83064,570,14,15,1,Wednesday,23.333333333333332,Moderate
8,16,6,408,23,44,83111,681,15,15,1,Wednesday,26.666666666666668,Moderate
17,32,11,413,22,48,83178,1356,16,15,1,Wednesday,56.666666666666664,Unhealthy
26,48,18,417,21,52,83238,2177,17,15,1,Wednesday,86.66666666666667,Unhealthy
16,28,13,422,20,55,83315,1416,18,15,1,Wednesday,53.333333333333336,Unhealthy
15,26,12,426,20,57,83367,1370,19,15,1,Wednesday,50.0,Unhealthy
13,23,10,425,19,59,83369,1195,20,15,1,Wednesday,43.333333333333336,Unhealthy for Sensitive Groups
13,22,10,426,19,60,83350,1149,21,15,1,Wednesday,43.333333333333336,Unhealthy for Sensitive Groups
10,19,8,428,19,62,83318,935,22,15,1,Wednesday,33.33333333333333,Unhealthy for Sensitive Groups
8,14,6,437,18,63,83275,729,23,15,1,Wednesday,26.666666666666668,Moderate
7,13,6,436,18,63,83261,659,0,16,1,Thursday,23.333333333333332,Moderate
6,11,5,437,17,64,83251,604,1,16,1,Thursday,20.0,Moderate
6,11,5,440,17,65,83267,579,2,16,1,Thursday,20.0,Moderate
7,12,5,442,17,65,83288,620,3,16,1,Thursday,23.333333333333332,Moderate
16,29,11,432,19,61,83333,1288,4,16,1,Thursday,53.333333333333336,Unhealthy
16,27,11,424,21,55,83406,1312,5,16,1,Thursday,53.333333333333336,Unhealthy
17,30,13,417,23,51,83420,1453,6,16,1,Thursday,56.666666666666664,Unhealthy
11,21,8,409,25,45,83383,959,7,16,1,Thursday,36.666666666666664,Unhealthy for Sensitive Groups
8,15,6,405,26,40,83322,667,8,16,1,Thursday,26.666666666666668,Moderate
9,18,6,405,27,38,83251,694,9,16,1,Thursday,30.0,Unhealthy for Sensitive Groups
9,17,6,404,28,36,83179,635,10,16,1,Thursday,30.0,Unhealthy for Sensitive Groups
7,14,4,403,27,35,83109,503,11,16,1,Thursday,23.333333333333332,Moderate
6,11,4,403,27,37,83069,460,12,16,1,Thursday,20.0,Moderate
5,10,3,403,27,37,83061,420,13,16,1,Thursday,16.666666666666664,Moderate
6,12,4,404,26,41,83079,503,14,16,1,Thursday,20.0,Moderate
7,13,5,407,24,45,83117,593,15,16,1,Thursday,23.333333333333332,Moderate
10,19,7,413,23,49,83169,870,16,16,1,Thursday,33.33333333333333,Unhealthy for Sensitive Groups
12,20,10,418,22,52,83236,1128,17,16,1,Thursday,40.0,Unhealthy for Sensitive Groups
20,33,15,420,21,54,83275,1846,18,16,1,Thursday,66.66666666666666,Unhealthy
22,34,16,428,20,57,83287,2038,19,16,1,Thursday,73.33333333333333,Unhealthy
21,32,15,435,20,58,83293,1931,20,16,1,Thursday,70.0,Unhealthy
17,27,13,435,19,59,83260,1573,21,16,1,Thursday,56.666666666666664,Unhealthy
12,18,10,431,19,59,83205,1089,22,16,1,Thursday,40.0,Unhealthy for Sensitive Groups
11,17,9,427,19,60,83148,1004,23,16,1,Thursday,36.666666666666664,Unhealthy for Sensitive Groups
9,13,7,427,19,61,83130,798,0,17,1,Friday,30.0,Unhealthy for Sensitive Groups
8,13,6,426,18,61,83144,724,1,17,1,Friday,26.666666666666668,Moderate
8,14,6,431,18,63,83208,770,2,17,1,Friday,26.666666666666668,Moderate
11,17,8,432,17,64,83269,977,3,17,1,Friday,36.666666666666664,Unhealthy for Sensitive Groups
16,28,12,435,19,60,83335,1368,4,17,1,Friday,53.333333333333336,Unhealthy
12,20,9,417,22,56,83386,1059,5,17,1,Friday,40.0,Unhealthy for Sensitive Groups
10,17,7,410,25,49,83396,883,6,17,1,Friday,33.33333333333333,Unhealthy for Sensitive Groups
10,19,8,406,25,48,83371,912,7,17,1,Friday,33.33333333333333,Unhealthy for Sensitive Groups
10,17,7,403,27,45,83316,852,8,17,1,Friday,33.33333333333333,Unhealthy for Sensitive Groups
8,14,6,402,28,39,83229,747,9,17,1,Friday,26.666666666666668,Moderate
7,13,6,401,29,34,83150,644,10,17,1,Friday,23.333333333333332,Moderate
8,15,6,401,29,34,83068,741,11,17,1,Friday,26.666666666666668,Moderate
8,16,6,402,29,35,83007,690,12,17,1,Friday,26.666666666666668,Moderate
8,15,6,402,28,36,82968,697,13,17,1,Friday,26.666666666666668,Moderate
8,14,6,404,26,38,82993,646,14,17,1,Friday,26.666666666666668,Moderate
9,16,6,408,25,42,83062,747,15,17,1,Friday,30.0,Unhealthy for Sensitive Groups
14,25,10,413,24,45,83112,1169,16,17,1,Friday,46.666666666666664,Unhealthy for Sensitive Groups
18,32,13,417,23,49,83149,1519,17,17,1,Friday,60.0,Unhealthy
15,25,11,418,22,52,83210,1298,18,17,1,Friday,50.0,Unhealthy
17,29,13,420,21,55,83224,1494,19,17,1,Friday,56.666666666666664,Unhealthy
16,27,13,439,20,59,83220,1467,20,17,1,Friday,53.333333333333336,Unhealthy
18,28,14,452,20,61,83212,1593,21,17,1,Friday,60.0,Unhealthy
18,28,14,460,20,62,83177,1611,22,17,1,Friday,60.0,Unhealthy
17,26,14,453,19,63,83137,1512,23,17,1,Friday,56.666666666666664,Unhealthy
18,28,14,456,19,63,83126,1595,0,18,1,Saturday,60.0,Unhealthy
19,30,15,467,18,64,83145,1745,1,18,1,Saturday,63.33333333333333,Unhealthy
18,27,14,475,18,64,83169,1608,2,18,1,Saturday,60.0,Unhealthy
18,28,14,471,17,64,83212,1641,3,18,1,Saturday,60.0,Unhealthy
21,32,15,468,19,61,83254,1931,4,18,1,Saturday,70.0,Unhealthy
19,30,14,425,24,55,83307,1722,5,18,1,Saturday,63.33333333333333,Unhealthy
11,19,9,405,26,47,83310,1037,6,18,1,Saturday,36.666666666666664,Unhealthy for Sensitive Groups
11,17,8,404,28,41,83263,971,7,18,1,Saturday,36.666666666666664,Unhealthy for Sensitive Groups
8,13,6,404,30,34,83198,730,8,18,1,Saturday,26.666666666666668,Moderate
6,9,5,403,31,27,83108,548,9,18,1,Saturday,20.0,Moderate
6,9,5,405,32,25,83036,532,10,18,1,Saturday,20.0,Moderate
6,11,5,406,32,25,82920,565,11,18,1,Saturday,20.0,Moderate
6,12,5,407,30,27,82855,590,12,18,1,Saturday,20.0,Moderate
5,10,4,409,29,29,82834,488,13,18,1,Saturday,16.666666666666664,Moderate
4,8,3,411,28,32,82859,407,14,18,1,Saturday,13.333333333333334,Good
6,12,5,414,27,35,82902,589,15,18,1,Saturday,20.0,Moderate
11,21,9,420,25,37,82970,972,16,18,1,Saturday,36.666666666666664,Unhealthy for Sensitive Groups
12,22,10,429,24,41,83063,1126,17,18,1,Saturday,40.0,Unhealthy for Sensitive Groups
17,31,13,430,23,44,83174,1457,18,18,1,Saturday,56.666666666666664,Unhealthy
22,42,15,439,23,47,83209,1872,19,18,1,Saturday,73.33333333333333,Unhealthy
18,32,14,433,23,49,83228,1580,20,18,1,Saturday,60.0,Unhealthy
18,30,13,429,22,55,83205,1552,21,18,1,Saturday,60.0,Unhealthy
16,25,12,435,21,57,83143,1389,22,18,1,Saturday,53.333333333333336,Unhealthy
12,19,10,441,21,59,83086,1115,23,18,1,Saturday,40.0,Unhealthy for Sensitive Groups
11,18,9,439,21,61,83086,1029,0,19,1,Sunday,36.666666666666664,Unhealthy for Sensitive Groups
10,17,8,439,21,62,83119,960,1,19,1,Sunday,33.33333333333333,Unhealthy for Sensitive Groups
10,16,8,444,20,63,83161,971,2,19,1,Sunday,33.33333333333333,Unhealthy for Sensitive Groups
16,25,13,452,20,65,83207,1503,3,19,1,Sunday,53.333333333333336,Unhealthy
15,24,12,456,21,62,83258,1372,4,19,1,Sunday,50.0,Unhealthy
11,19,9,413,25,56,83285,1041,5,19,1,Sunday,36.666666666666664,Unhealthy for Sensitive Groups
10,16,7,406,27,49,83285,867,6,19,1,Sunday,33.33333333333333,Unhealthy for Sensitive Groups
10,18,8,405,28,46,83251,957,7,19,1,Sunday,33.33333333333333,Unhealthy for Sensitive Groups
14,24,11,407,30,42,83185,1233,8,19,1,Sunday,46.666666666666664,Unhealthy for Sensitive Groups
13,22,10,406,30,39,83107,1143,9,19,1,Sunday,43.333333333333336,Unhealthy for Sensitive Groups
10,18,8,406,30,37,83015,933,10,19,1,Sunday,33.33333333333333,Unhealthy for Sensitive Groups
9,15,7,405,31,34,82911,787,11,19,1,Sunday,30.0,Unhealthy for Sensitive Groups
7,13,6,405,30,33,82844,648,12,19,1,Sunday,23.333333333333332,Moderate
7,13,6,405,30,32,82811,672,13,19,1,Sunday,23.333333333333332,Moderate
8,15,6,406,28,37,82823,759,14,19,1,Sunday,26.666666666666668,Moderate
12,20,9,410,27,42,82877,1082,15,19,1,Sunday,40.0,Unhealthy for Sensitive Groups
10,18,8,417,25,46,82943,949,16,19,1,Sunday,33.33333333333333,Unhealthy for Sensitive Groups
12,21,10,426,24,50,83004,1109,17,19,1,Sunday,40.0,Unhealthy for Sensitive Groups
19,32,14,425,23,52,83062,1692,18,19,1,Sunday,63.33333333333333,Unhealthy
17,27,13,441,22,57,83128,1529,19,19,1,Sunday,56.666666666666664,Unhealthy
19,30,15,450,22,58,83129,1738,20,19,1,Sunday,63.33333333333333,Unhealthy
20,32,15,452,21,60,83099,1832,21,19,1,Sunday,66.66666666666666,Unhealthy
19,30,15,453,21,62,83067,1741,22,19,1,Sunday,63.33333333333333,Unhealthy
16,24,13,452,20,62,83043,1412,23,19,1,Sunday,53.333333333333336,Unhealthy
14,21,11,455,20,63,83020,1246,0,20,1,Monday,46.666666666666664,Unhealthy for Sensitive Groups
12,19,10,459,19,64,83072,1137,1,20,1,Monday,40.0,Unhealthy for Sensitive Groups
11,18,9,455,19,65,83137,1048,2,20,1,Monday,36.666666666666664,Unhealthy for Sensitive Groups
12,19,10,462,19,65,83154,1067,3,20,1,Monday,40.0,Unhealthy for Sensitive Groups
16,27,13,453,21,62,83194,1439,4,20,1,Monday,53.333333333333336,Unhealthy
12,21,9,417,25,53,83262,1069,5,20,1,Monday,40.0,Unhealthy for Sensitive Groups
10,16,7,410,27,48,83302,879,6,20,1,Monday,33.33333333333333,Unhealthy for Sensitive Groups
11,18,9,410,27,45,83282,1000,7,20,1,Monday,36.666666666666664,Unhealthy for Sensitive Groups
11,18,8,409,30,39,83206,975,8,20,1,Monday,36.666666666666664,Unhealthy for Sensitive Groups
13,20,10,409,31,35,83122,1160,9,20,1,Monday,43.333333333333336,Unhealthy for Sensitive Groups
12,18,9,407,32,33,83003,1049,10,20,1,Monday,40.0,Unhealthy for Sensitive Groups
9,15,7,407,32,29,82898,866,11,20,1,Monday,30.0,Unhealthy for Sensitive Groups
8,13,6,407,32,27,82821,743,12,20,1,Monday,26.666666666666668,Moderate
8,13,6,408,31,27,82804,708,13,20,1,Monday,26.666666666666668,Moderate
8,16,6,411,29,28,82835,761,14,20,1,Monday,26.666666666666668,Moderate
12,23,9,416,27,33,82922,1071,15,20,1,Monday,40.0,Unhealthy for Sensitive Groups
15,26,11,423,25,38,83040,1259,16,20,1,Monday,50.0,Unhealthy
16,27,13,424,24,44,83126,1433,17,20,1,Monday,53.333333333333336,Unhealthy
20,34,15,433,24,48,83227,1840,18,20,1,Monday,66.66666666666666,Unhealthy
20,33,15,432,24,51,83280,1832,19,20,1,Monday,66.66666666666666,Unhealthy
16,27,12,428,23,51,83271,1434,20,20,1,Monday,53.333333333333336,Unhealthy
12,21,10,427,23,52,83260,1064,21,20,1,Monday,40.0,Unhealthy for Sensitive Groups
12,21,10,431,23,54,83258,1087,22,20,1,Monday,40.0,Unhealthy for Sensitive Groups
12,19,10,441,22,57,83217,1078,23,20,1,Monday,40.0,Unhealthy for Sensitive Groups
12,19,10,444,22,59,83209,1089,0,21,1,Tuesday,40.0,Unhealthy for Sensitive Groups
12,18,9,454,21,62,83213,1050,1,21,1,Tuesday,40.0,Unhealthy for Sensitive Groups
12,18,10,466,20,63,83227,1069,2,21,1,Tuesday,40.0,Unhealthy for Sensitive Groups
13,22,10,469,20,63,83243,1132,3,21,1,Tuesday,43.333333333333336,Unhealthy for Sensitive Groups
19,30,14,468,21,60,83284,1701,4,21,1,Tuesday,63.33333333333333,Unhealthy
17,28,12,429,25,52,83347,1485,5,21,1,Tuesday,56.666666666666664,Unhealthy
9,16,7,410,28,44,83339,844,6,21,1,Tuesday,30.0,Unhealthy for Sensitive Groups
10,17,8,408,30,39,83306,918,7,21,1,Tuesday,33.33333333333333,Unhealthy for Sensitive Groups
10,17,8,406,30,36,83236,946,8,21,1,Tuesday,33.33333333333333,Unhealthy for Sensitive Groups
12,19,9,405,31,33,83133,1043,9,21,1,Tuesday,40.0,Unhealthy for Sensitive Groups
12,20,10,406,32,30,83034,1136,10,21,1,Tuesday,40.0,Unhealthy for Sensitive Groups
13,22,10,406,32,29,82944,1148,11,21,1,Tuesday,43.333333333333336,Unhealthy for Sensitive Groups
12,21,10,406,31,30,82884,1099,12,21,1,Tuesday,40.0,Unhealthy for Sensitive Groups
12,22,9,408,29,35,82878,1037,13,21,1,Tuesday,40.0,Unhealthy for Sensitive Groups
11,20,8,409,28,36,82897,918,14,21,1,Tuesday,36.666666666666664,Unhealthy for Sensitive Groups
12,22,9,414,26,38,82953,1047,15,21,1,Tuesday,40.0,Unhealthy for Sensitive Groups
16,30,12,424,25,43,83023,1406,16,21,1,Tuesday,53.333333333333336,Unhealthy
16,29,12,424,24,49,83113,1397,17,21,1,Tuesday,53.333333333333336,Unhealthy
18,29,14,424,23,54,83190,1565,18,21,1,Tuesday,60.0,Unhealthy
20,34,15,427,23,57,83246,1834,19,21,1,Tuesday,66.66666666666666,Unhealthy
20,32,15,434,22,58,83267,1786,20,21,1,Tuesday,66.66666666666666,Unhealthy
18,28,14,445,22,61,83261,1600,21,21,1,Tuesday,60.0,Unhealthy
19,30,15,448,21,62,83223,1771,22,21,1,Tuesday,63.33333333333333,Unhealthy
17,26,13,457,21,62,83203,1553,23,21,1,Tuesday,56.666666666666664,Unhealthy
14,22,11,463,20,63,83192,1319,0,22,1,Wednesday,46.666666666666664,Unhealthy for Sensitive Groups
15,24,12,474,20,63,83208,1401,1,22,1,Wednesday,50.0,Unhealthy
12,18,10,472,19,63,83245,1091,2,22,1,Wednesday,40.0,Unhealthy for Sensitive Groups
12,18,9,465,19,63,83271,1064,3,22,1,Wednesday,40.0,Unhealthy for Sensitive Groups
25,44,17,465,20,60,83339,2054,4,22,1,Wednesday,83.33333333333334,Unhealthy
17,29,13,435,24,53,83376,1529,5,22,1,Wednesday,56.666666666666664,Unhealthy
9,17,7,410,26,48,83380,874,6,22,1,Wednesday,30.0,Unhealthy for Sensitive Groups
10,16,8,408,29,41,83322,941,7,22,1,Wednesday,33.33333333333333,Unhealthy for Sensitive Groups
12,19,10,406,30,38,83267,1104,8,22,1,Wednesday,40.0,Unhealthy for Sensitive Groups
15,24,11,407,31,33,83184,1315,9,22,1,Wednesday,50.0,Unhealthy
13,22,10,407,32,30,83061,1116,10,22,1,Wednesday,43.333333333333336,Unhealthy for Sensitive Groups
9,16,7,407,32,28,82985,805,11,22,1,Wednesday,30.0,Unhealthy for Sensitive Groups
9,16,6,406,31,29,82904,801,12,22,1,Wednesday,30.0,Unhealthy for Sensitive Groups
8,14,6,408,30,28,82870,762,13,22,1,Wednesday,26.666666666666668,Moderate
9,16,6,410,28,31,82893,779,14,22,1,Wednesday,30.0,Unhealthy for Sensitive Groups
9,17,7,413,27,37,82984,817,15,22,1,Wednesday,30.0,Unhealthy for Sensitive Groups
12,23,9,418,25,42,83125,1065,16,22,1,Wednesday,40.0,Unhealthy for Sensitive Groups
13,25,10,419,24,50,83218,1156,17,22,1,Wednesday,43.333333333333336,Unhealthy for Sensitive Groups
15,26,12,420,23,56,83301,1371,18,22,1,Wednesday,50.0,Unhealthy
14,23,11,420,23,57,83327,1280,19,22,1,Wednesday,46.666666666666664,Unhealthy for Sensitive Groups
11,18,9,422,22,58,83364,1017,20,22,1,Wednesday,36.666666666666664,Unhealthy for Sensitive Groups
8,14,6,417,22,62,83327,791,21,22,1,Wednesday,26.666666666666668,Moderate
8,13,6,417,22,63,83252,740,22,22,1,Wednesday,26.666666666666668,Moderate
9,14,7,425,21,64,83202,845,23,22,1,Wednesday,30.0,Unhealthy for Sensitive Groups
9,15,7,435,20,65,83175,860,0,23,1,Thursday,30.0,Unhealthy for Sensitive Groups
9,14,7,447,20,65,83179,827,1,23,1,Thursday,30.0,Unhealthy for Sensitive Groups
10,16,8,448,20,65,83179,959,2,23,1,Thursday,33.33333333333333,Unhealthy for Sensitive Groups
13,21,11,458,19,65,83217,1227,3,23,1,Thursday,43.333333333333336,Unhealthy for Sensitive Groups
20,31,15,456,21,61,83284,1805,4,23,1,Thursday,66.66666666666666,Unhealthy
19,31,14,435,24,54,83350,1755,5,23,1,Thursday,63.33333333333333,Unhealthy
10,16,8,409,26,45,83346,910,6,23,1,Thursday,33.33333333333333,Unhealthy for Sensitive Groups
10,17,8,407,28,42,83306,950,7,23,1,Thursday,33.33333333333333,Unhealthy for Sensitive Groups
11,17,9,408,30,37,83230,991,8,23,1,Thursday,36.666666666666664,Unhealthy for Sensitive Groups
9,14,7,406,31,33,83133,854,9,23,1,Thursday,30.0,Unhealthy for Sensitive Groups
11,17,9,405,31,32,83023,981,10,23,1,Thursday,36.666666666666664,Unhealthy for Sensitive Groups
11,19,9,406,31,33,82921,1030,11,23,1,Thursday,36.666666666666664,Unhealthy for Sensitive Groups
12,20,9,406,30,36,82853,1033,12,23,1,Thursday,40.0,Unhealthy for Sensitive Groups
12,21,9,405,29,40,82818,1025,13,23,1,Thursday,40.0,Unhealthy for Sensitive Groups
12,20,9,411,28,42,82854,1052,14,23,1,Thursday,40.0,Unhealthy for Sensitive Groups
13,23,11,412,26,45,82884,1192,15,23,1,Thursday,43.333333333333336,Unhealthy for Sensitive Groups
18,29,14,419,25,47,82947,1595,16,23,1,Thursday,60.0,Unhealthy
20,31,15,424,24,51,83032,1781,17,23,1,Thursday,66.66666666666666,Unhealthy
19,31,15,420,24,55,83125,1704,18,23,1,Thursday,63.33333333333333,Unhealthy
18,27,14,420,23,56,83176,1573,19,23,1,Thursday,60.0,Unhealthy
16,24,13,420,23,57,83190,1424,20,23,1,Thursday,53.333333333333336,Unhealthy
15,24,12,424,22,58,83172,1395,21,23,1,Thursday,50.0,Unhealthy
17,26,14,430,21,60,83128,1534,22,23,1,Thursday,56.666666666666664,Unhealthy
14,22,11,438,21,62,83092,1312,23,23,1,Thursday,46.666666666666664,Unhealthy for Sensitive Groups
13,20,10,435,20,63,83061,1217,0,24,1,Friday,43.333333333333336,Unhealthy for Sensitive Groups
13,20,10,445,20,63,83093,1187,1,24,1,Friday,43.333333333333336,Unhealthy for Sensitive Groups
16,25,13,452,20,64,83134,1462,2,24,1,Friday,53.333333333333336,Unhealthy
19,29,14,459,19,64,83173,1714,3,24,1,Friday,63.33333333333333,Unhealthy
25,40,19,460,21,61,83220,2350,4,24,1,Friday,83.33333333333334,Unhealthy
23,37,17,427,24,54,83257,2072,5,24,1,Friday,76.66666666666667,Unhealthy
15,24,12,408,26,49,83277,1333,6,24,1,Friday,50.0,Unhealthy
15,23,11,406,28,43,83226,1320,7,24,1,Friday,50.0,Unhealthy
15,24,12,406,29,41,83147,1335,8,24,1,Friday,50.0,Unhealthy
16,27,13,406,30,37,83067,1453,9,24,1,Friday,53.333333333333336,Unhealthy
15,25,12,406,31,35,82955,1347,10,24,1,Friday,50.0,Unhealthy
16,27,13,407,31,36,82843,1433,11,24,1,Friday,53.333333333333336,Unhealthy
17,28,13,407,30,38,82775,1428,12,24,1,Friday,56.666666666666664,Unhealthy
17,29,13,406,29,42,82765,1431,13,24,1,Friday,56.666666666666664,Unhealthy
13,22,10,408,27,42,82833,1161,14,24,1,Friday,43.333333333333336,Unhealthy for Sensitive Groups
17,27,13,412,26,46,82891,1498,15,24,1,Friday,56.666666666666664,Unhealthy
22,36,16,417,25,51,82951,1988,16,24,1,Friday,73.33333333333333,Unhealthy
23,38,17,419,24,56,83032,2095,17,24,1,Friday,76.66666666666667,Unhealthy
24,38,18,420,23,58,83119,2195,18,24,1,Friday,80.0,Unhealthy
25,40,19,422,23,59,83158,2314,19,24,1,Friday,83.33333333333334,Unhealthy
22,36,16,420,23,59,83158,1973,20,24,1,Friday,73.33333333333333,Unhealthy
20,33,15,420,22,58,83130,1815,21,24,1,Friday,66.66666666666666,Unhealthy
20,33,15,424,22,60,83081,1779,22,24,1,Friday,66.66666666666666,Unhealthy
20,32,15,433,21,62,83040,1776,23,24,1,Friday,66.66666666666666,Unhealthy
19,30,14,432,20,64,83028,1679,0,25,1,Saturday,63.33333333333333,Unhealthy
18,28,14,443,20,64,83040,1605,1,25,1,Saturday,60.0,Unhealthy
19,30,15,457,19,64,83076,1737,2,25,1,Saturday,63.33333333333333,Unhealthy
21,33,16,459,19,65,83107,1930,3,25,1,Saturday,70.0,Unhealthy
24,40,18,453,20,63,83143,2230,4,25,1,Saturday,80.0,Unhealthy
22,37,16,419,25,54,83223,1990,5,25,1,Saturday,73.33333333333333,Unhealthy
18,30,14,404,27,46,83260,1563,6,25,1,Saturday,60.0,Unhealthy
17,29,14,404,29,41,83231,1552,7,25,1,Saturday,56.666666666666664,Unhealthy
17,28,13,403,30,38,83169,1500,8,25,1,Saturday,56.666666666666664,Unhealthy
18,29,14,404,31,35,83064,1538,9,25,1,Saturday,60.0,Unhealthy
18,29,14,406,32,33,82951,1598,10,25,1,Saturday,60.0,Unhealthy
20,32,14,407,32,32,82836,1709,11,25,1,Saturday,66.66666666666666,Unhealthy
20,34,14,407,31,32,82752,1746,12,25,1,Saturday,66.66666666666666,Unhealthy
14,24,11,404,30,34,82750,1244,13,25,1,Saturday,46.666666666666664,Unhealthy for Sensitive Groups
12,19,9,407,28,38,82799,1076,14,25,1,Saturday,40.0,Unhealthy for Sensitive Groups
16,25,12,414,27,42,82896,1388,15,25,1,Saturday,53.333333333333336,Unhealthy
21,33,16,423,26,46,82999,1907,16,25,1,Saturday,70.0,Unhealthy
20,31,15,419,24,55,83149,1811,17,25,1,Saturday,66.66666666666666,Unhealthy
11,17,9,415,22,66,83271,1014,18,25,1,Saturday,36.666666666666664,Unhealthy for Sensitive Groups
10,16,8,417,22,67,83311,954,19,25,1,Saturday,33.33333333333333,Unhealthy for Sensitive Groups
10,15,8,420,21,66,83288,897,20,25,1,Saturday,33.33333333333333,Unhealthy for Sensitive Groups
14,21,11,426,22,67,83252,1242,21,25,1,Saturday,46.666666666666664,Unhealthy for Sensitive Groups
14,21,11,434,22,68,83202,1255,22,25,1,Saturday,46.666666666666664,Unhealthy for Sensitive Groups
13,19,10,447,21,69,83146,1164,23,25,1,Saturday,43.333333333333336,Unhealthy for Sensitive Groups
13,20,10,455,21,69,83131,1192,0,26,1,Sunday,43.333333333333336,Unhealthy for Sensitive Groups
13,19,10,468,21,70,83149,1142,1,26,1,Sunday,43.333333333333336,Unhealthy for Sensitive Groups
15,23,12,474,21,70,83204,1399,2,26,1,Sunday,50.0,Unhealthy
16,25,13,481,21,69,83254,1471,3,26,1,Sunday,53.333333333333336,Unhealthy
17,25,14,464,21,69,83297,1512,4,26,1,Sunday,56.666666666666664,Unhealthy
20,30,15,423,23,65,83343,1888,5,26,1,Sunday,66.66666666666666,Unhealthy
20,30,15,409,25,58,83329,1841,6,26,1,Sunday,66.66666666666666,Unhealthy
18,28,14,406,26,55,83301,1678,7,26,1,Sunday,60.0,Unhealthy
16,25,12,406,29,46,83227,1414,8,26,1,Sunday,53.333333333333336,Unhealthy
16,26,13,406,31,39,83109,1419,9,26,1,Sunday,53.333333333333336,Unhealthy
15,24,12,405,31,38,82989,1357,10,26,1,Sunday,50.0,Unhealthy
13,22,10,404,31,37,82867,1200,11,26,1,Sunday,43.333333333333336,Unhealthy for Sensitive Groups
16,27,12,405,30,41,82842,1447,12,26,1,Sunday,53.333333333333336,Unhealthy
12,20,9,413,23,62,82977,1048,13,26,1,Sunday,40.0,Unhealthy for Sensitive Groups
9,13,7,420,22,66,83013,798,14,26,1,Sunday,30.0,Unhealthy for Sensitive Groups
12,18,9,424,22,66,83043,1072,15,26,1,Sunday,40.0,Unhealthy for Sensitive Groups
21,32,16,439,22,68,83069,1962,16,26,1,Sunday,70.0,Unhealthy
24,36,18,436,22,68,83134,2271,17,26,1,Sunday,80.0,Unhealthy
22,34,17,439,21,69,83232,2119,18,26,1,Sunday,73.33333333333333,Unhealthy
26,40,20,441,21,71,83313,2489,19,26,1,Sunday,86.66666666666667,Unhealthy
16,24,13,419,19,77,83335,1417,20,26,1,Sunday,53.333333333333336,Unhealthy
13,20,10,418,20,76,83285,1183,21,26,1,Sunday,43.333333333333336,Unhealthy for Sensitive Groups
14,21,11,426,20,74,83181,1242,22,26,1,Sunday,46.666666666666664,Unhealthy for Sensitive Groups
20,31,16,426,21,72,83123,1910,23,26,1,Sunday,66.66666666666666,Unhealthy
19,29,15,440,21,73,83110,1735,0,27,1,Monday,63.33333333333333,Unhealthy
18,27,14,454,20,74,83106,1605,1,27,1,Monday,60.0,Unhealthy
17,25,13,451,20,74,83140,1507,2,27,1,Monday,56.666666666666664,Unhealthy
16,24,13,455,21,74,83170,1422,3,27,1,Monday,53.333333333333336,Unhealthy
18,27,14,455,21,74,83249,1590,4,27,1,Monday,60.0,Unhealthy
23,35,17,458,21,74,83307,2134,5,27,1,Monday,76.66666666666667,Unhealthy
34,52,26,452,22,72,83339,3293,6,27,1,Monday,113.33333333333333,Very Unhealthy
39,60,31,440,23,69,83331,3844,7,27,1,Monday,130.0,Very Unhealthy
38,58,29,419,25,62,83262,3643,8,27,1,Monday,126.66666666666666,Very Unhealthy
36,56,28,415,27,55,83167,3482,9,27,1,Monday,120.0,Very Unhealthy
23,37,18,409,28,50,83083,2141,10,27,1,Monday,76.66666666666667,Unhealthy
20,32,15,406,27,51,82988,1797,11,27,1,Monday,66.66666666666666,Unhealthy
19,31,14,405,27,54,82913,1658,12,27,1,Monday,63.33333333333333,Unhealthy
17,28,13,406,26,54,82907,1522,13,27,1,Monday,56.666666666666664,Unhealthy
14,22,11,413,24,57,82990,1267,14,27,1,Monday,46.666666666666664,Unhealthy for Sensitive Groups
17,26,14,426,23,67,82996,1535,15,27,1,Monday,56.666666666666664,Unhealthy
23,35,18,431,22,68,83049,2152,16,27,1,Monday,76.66666666666667,Unhealthy
29,43,22,444,22,69,83087,2756,17,27,1,Monday,96.66666666666667,Unhealthy
37,57,30,458,22,69,83141,3679,18,27,1,Monday,123.33333333333334,Very Unhealthy
38,56,30,464,22,69,83177,3746,19,27,1,Monday,126.66666666666666,Very Unhealthy
36,55,29,485,21,71,83158,3584,20,27,1,Monday,120.0,Very Unhealthy
38,57,30,497,21,71,83123,3753,21,27,1,Monday,126.66666666666666,Very Unhealthy
35,52,27,490,21,70,83078,3356,22,27,1,Monday,116.66666666666667,Very Unhealthy
28,43,22,491,21,70,83067,2663,23,27,1,Monday,93.33333333333333,Unhealthy
19,28,15,498,21,70,83065,1712,0,28,1,Tuesday,63.33333333333333,Unhealthy
17,26,14,493,21,70,83097,1536,1,28,1,Tuesday,56.666666666666664,Unhealthy
15,23,12,507,21,71,83130,1350,2,28,1,Tuesday,50.0,Unhealthy
16,24,12,520,21,72,83184,1421,3,28,1,Tuesday,53.333333333333336,Unhealthy
24,38,18,534,21,72,83240,2213,4,28,1,Tuesday,80.0,Unhealthy
24,38,18,489,23,68,83300,2201,5,28,1,Tuesday,80.0,Unhealthy
15,26,12,419,24,60,83338,1335,6,28,1,Tuesday,50.0,Unhealthy
22,36,17,421,23,63,83347,2020,7,28,1,Tuesday,73.33333333333333,Unhealthy
23,38,17,419,23,62,83296,2105,8,28,1,Tuesday,76.66666666666667,Unhealthy
23,38,17,418,24,58,83221,2098,9,28,1,Tuesday,76.66666666666667,Unhealthy
24,38,18,416,28,50,83065,2214,10,28,1,Tuesday,80.0,Unhealthy
16,26,13,410,29,46,82966,1487,11,28,1,Tuesday,53.333333333333336,Unhealthy
15,25,12,412,27,52,82924,1358,12,28,1,Tuesday,50.0,Unhealthy
15,23,11,417,23,64,83006,1327,13,28,1,Tuesday,50.0,Unhealthy
13,20,11,422,21,69,83028,1221,14,28,1,Tuesday,43.333333333333336,Unhealthy for Sensitive Groups
18,28,14,425,21,69,83141,1660,15,28,1,Tuesday,60.0,Unhealthy
25,38,19,437,21,71,83196,2383,16,28,1,Tuesday,83.33333333333334,Unhealthy
19,29,15,431,21,71,83207,1786,17,28,1,Tuesday,63.33333333333333,Unhealthy
18,28,14,436,20,71,83246,1657,18,28,1,Tuesday,60.0,Unhealthy
19,30,14,446,20,71,83270,1813,19,28,1,Tuesday,63.33333333333333,Unhealthy
28,42,22,453,19,72,83269,2669,20,28,1,Tuesday,93.33333333333333,Unhealthy
23,35,18,454,19,72,83270,2195,21,28,1,Tuesday,76.66666666666667,Unhealthy
24,36,18,467,19,73,83243,2272,22,28,1,Tuesday,80.0,Unhealthy
21,32,16,467,19,73,83217,2022,23,28,1,Tuesday,70.0,Unhealthy
23,34,17,469,19,73,83183,2146,0,29,1,Wednesday,76.66666666666667,Unhealthy
24,36,18,467,19,74,83177,2278,1,29,1,Wednesday,80.0,Unhealthy
20,31,15,468,19,73,83181,1906,2,29,1,Wednesday,66.66666666666666,Unhealthy
18,27,14,476,19,74,83221,1601,3,29,1,Wednesday,60.0,Unhealthy
17,26,14,483,20,74,83279,1570,4,29,1,Wednesday,56.666666666666664,Unhealthy
24,37,19,482,20,73,83393,2325,5,29,1,Wednesday,80.0,Unhealthy
12,19,10,426,23,66,83401,1122,6,29,1,Wednesday,40.0,Unhealthy for Sensitive Groups
8,13,6,414,24,61,83391,769,7,29,1,Wednesday,26.666666666666668,Moderate
4,6,3,405,27,50,83333,387,8,29,1,Wednesday,13.333333333333334,Good
3,5,2,405,29,41,83221,333,9,29,1,Wednesday,10.0,Good
2,4,2,404,30,39,83109,246,10,29,1,Wednesday,6.666666666666667,Good
2,4,2,405,30,37,83002,248,11,29,1,Wednesday,6.666666666666667,Good
3,5,2,407,28,42,82941,348,12,29,1,Wednesday,10.0,Good
6,9,5,404,27,52,82913,558,13,29,1,Wednesday,20.0,Moderate
7,10,5,410,26,53,82918,616,14,29,1,Wednesday,23.333333333333332,Moderate
10,15,8,419,25,52,82993,900,15,29,1,Wednesday,33.33333333333333,Unhealthy for Sensitive Groups
13,22,11,427,24,56,83098,1220,16,29,1,Wednesday,43.333333333333336,Unhealthy for Sensitive Groups
12,18,10,423,24,57,83161,1093,17,29,1,Wednesday,40.0,Unhealthy for Sensitive Groups
13,20,10,455,23,62,83237,1174,18,29,1,Wednesday,43.333333333333336,Unhealthy for Sensitive Groups
16,25,12,443,22,65,83304,1427,19,29,1,Wednesday,53.333333333333336,Unhealthy
16,26,13,429,22,67,83311,1456,20,29,1,Wednesday,53.333333333333336,Unhealthy
16,25,13,435,22,68,83283,1479,21,29,1,Wednesday,53.333333333333336,Unhealthy
16,24,13,452,22,69,83240,1448,22,29,1,Wednesday,53.333333333333336,Unhealthy
16,25,13,471,21,70,83209,1479,23,29,1,Wednesday,53.333333333333336,Unhealthy
18,27,14,460,21,70,83223,1584,0,30,1,Thursday,60.0,Unhealthy
13,20,11,437,21,71,83261,1230,1,30,1,Thursday,43.333333333333336,Unhealthy for Sensitive Groups
13,19,10,442,21,71,83287,1165,2,30,1,Thursday,43.333333333333336,Unhealthy for Sensitive Groups
11,17,9,446,21,71,83305,1007,3,30,1,Thursday,36.666666666666664,Unhealthy for Sensitive Groups
12,19,10,451,21,71,83334,1135,4,30,1,Thursday,40.0,Unhealthy for Sensitive Groups
13,20,11,439,22,70,83388,1209,5,30,1,Thursday,43.333333333333336,Unhealthy for Sensitive Groups
17,25,13,432,22,70,83435,1534,6,30,1,Thursday,56.666666666666664,Unhealthy
13,19,10,418,23,65,83421,1160,7,30,1,Thursday,43.333333333333336,Unhealthy for Sensitive Groups
10,15,8,406,25,58,83357,928,8,30,1,Thursday,33.33333333333333,Unhealthy for Sensitive Groups
9,14,8,409,25,60,83268,854,9,30,1,Thursday,30.0,Unhealthy for Sensitive Groups
9,14,7,413,23,66,83229,838,10,30,1,Thursday,30.0,Unhealthy for Sensitive Groups
10,15,8,408,23,64,83164,934,11,30,1,Thursday,33.33333333333333,Unhealthy for Sensitive Groups
12,18,9,405,24,63,83087,1058,12,30,1,Thursday,40.0,Unhealthy for Sensitive Groups
6,9,5,414,22,68,83152,569,13,30,1,Thursday,20.0,Moderate
9,14,7,421,21,71,83175,864,14,30,1,Thursday,30.0,Unhealthy for Sensitive Groups
14,21,11,425,21,71,83193,1237,15,30,1,Thursday,46.666666666666664,Unhealthy for Sensitive Groups
18,27,14,439,20,73,83205,1643,16,30,1,Thursday,60.0,Unhealthy
23,36,18,450,20,73,83217,2255,17,30,1,Thursday,76.66666666666667,Unhealthy
28,42,22,467,19,73,83282,2707,18,30,1,Thursday,93.33333333333333,Unhealthy
30,45,23,483,19,73,83287,2904,19,30,1,Thursday,100.0,Very Unhealthy
32,48,25,501,19,73,83277,3129,20,30,1,Thursday,106.66666666666667,Very Unhealthy
27,42,21,503,19,72,83240,2644,21,30,1,Thursday,90.0,Unhealthy
20,31,15,490,18,73,83168,1873,22,30,1,Thursday,66.66666666666666,Unhealthy
17,25,13,488,18,72,83110,1512,23,30,1,Thursday,56.666666666666664,Unhealthy
19,29,15,497,18,73,83093,1822,0,31,1,Friday,63.33333333333333,Unhealthy
19,29,15,507,18,73,83102,1796,1,31,1,Friday,63.33333333333333,Unhealthy
16,25,13,508,18,73,83140,1475,2,31,1,Friday,53.333333333333336,Unhealthy
14,21,11,502,18,73,83167,1259,3,31,1,Friday,46.666666666666664,Unhealthy for Sensitive Groups
17,26,13,499,19,71,83204,1535,4,31,1,Friday,56.666666666666664,Unhealthy
18,28,14,443,23,67,83258,1686,5,31,1,Friday,60.0,Unhealthy
11,17,9,407,26,55,83262,988,6,31,1,Friday,36.666666666666664,Unhealthy for Sensitive Groups
13,20,10,407,27,51,83246,1165,7,31,1,Friday,43.333333333333336,Unhealthy for Sensitive Groups
17,27,14,414,28,49,83183,1553,8,31,1,Friday,56.666666666666664,Unhealthy
13,21,10,406,29,45,83087,1153,9,31,1,Friday,43.333333333333336,Unhealthy for Sensitive Groups
9,15,7,403,29,40,83005,868,10,31,1,Friday,30.0,Unhealthy for Sensitive Groups
10,16,8,401,29,41,82928,901,11,31,1,Friday,33.33333333333333,Unhealthy for Sensitive Groups
10,17,8,402,28,44,82885,939,12,31,1,Friday,33.33333333333333,Unhealthy for Sensitive Groups
10,16,7,404,26,46,82865,886,13,31,1,Friday,33.33333333333333,Unhealthy for Sensitive Groups
9,15,7,407,26,47,82917,848,14,31,1,Friday,30.0,Unhealthy for Sensitive Groups
10,17,8,410,25,49,82968,942,15,31,1,Friday,33.33333333333333,Unhealthy for Sensitive Groups
12,19,9,415,24,52,83015,1055,16,31,1,Friday,40.0,Unhealthy for Sensitive Groups
13,21,10,416,23,54,83079,1191,17,31,1,Friday,43.333333333333336,Unhealthy for Sensitive Groups
16,24,12,421,23,57,83163,1421,18,31,1,Friday,53.333333333333336,Unhealthy
21,33,16,428,22,60,83205,1926,19,31,1,Friday,70.0,Unhealthy
20,31,14,442,22,63,83196,1795,20,31,1,Friday,66.66666666666666,Unhealthy
20,31,15,452,22,65,83182,1817,21,31,1,Friday,66.66666666666666,Unhealthy
16,25,13,433,22,64,83154,1463,22,31,1,Friday,53.333333333333336,Unhealthy
11,17,9,429,21,66,83081,1032,0,1,2,Saturday,36.666666666666664,Unhealthy for Sensitive Groups
12,18,10,438,21,67,83087,1069,1,1,2,Saturday,40.0,Unhealthy for Sensitive Groups
12,18,10,441,21,68,83122,1105,2,1,2,Saturday,40.0,Unhealthy for Sensitive Groups
12,18,10,452,20,68,83168,1063,3,1,2,Saturday,40.0,Unhealthy for Sensitive Groups
14,21,11,439,22,65,83209,1232,4,1,2,Saturday,46.666666666666664,Unhealthy for Sensitive Groups
13,20,10,411,25,56,83263,1155,5,1,2,Saturday,43.333333333333336,Unhealthy for Sensitive Groups
11,17,9,404,26,51,83264,969,6,1,2,Saturday,36.666666666666664,Unhealthy for Sensitive Groups
12,19,10,405,28,48,83257,1115,7,1,2,Saturday,40.0,Unhealthy for Sensitive Groups
12,19,10,405,28,46,83192,1113,8,1,2,Saturday,40.0,Unhealthy for Sensitive Groups
12,18,10,403,29,44,83118,1091,9,1,2,Saturday,40.0,Unhealthy for Sensitive Groups
12,19,10,401,29,42,83036,1103,10,1,2,Saturday,40.0,Unhealthy for Sensitive Groups
12,18,10,401,29,41,82939,1065,11,1,2,Saturday,40.0,Unhealthy for Sensitive Groups
10,17,8,401,29,41,82891,942,12,1,2,Saturday,33.33333333333333,Unhealthy for Sensitive Groups
11,18,9,403,28,43,82878,1012,13,1,2,Saturday,36.666666666666664,Unhealthy for Sensitive Groups
11,18,9,406,26,49,82880,1048,14,1,2,Saturday,36.666666666666664,Unhealthy for Sensitive Groups
13,21,11,412,25,52,82938,1213,15,1,2,Saturday,43.333333333333336,Unhealthy for Sensitive Groups
19,29,15,422,24,56,83025,1765,16,1,2,Saturday,63.33333333333333,Unhealthy
27,41,21,435,23,59,83095,2554,17,1,2,Saturday,90.0,Unhealthy
25,38,19,435,22,62,83157,2360,18,1,2,Saturday,83.33333333333334,Unhealthy
22,34,17,443,22,64,83217,2094,19,1,2,Saturday,73.33333333333333,Unhealthy
16,25,13,421,22,63,83233,1529,20,1,2,Saturday,53.333333333333336,Unhealthy
12,18,10,420,22,63,83211,1106,21,1,2,Saturday,40.0,Unhealthy for Sensitive Groups
11,17,9,426,22,64,83150,1029,22,1,2,Saturday,36.666666666666664,Unhealthy for Sensitive Groups
12,18,10,434,22,65,83114,1089,23,1,2,Saturday,40.0,Unhealthy for Sensitive Groups
12,18,10,436,21,65,83108,1075,0,2,2,Sunday,40.0,Unhealthy for Sensitive Groups
11,17,9,458,21,67,83108,1033,1,2,2,Sunday,36.666666666666664,Unhealthy for Sensitive Groups
12,19,10,447,21,67,83114,1073,2,2,2,Sunday,40.0,Unhealthy for Sensitive Groups
13,21,10,460,20,68,83127,1175,3,2,2,Sunday,43.333333333333336,Unhealthy for Sensitive Groups
13,21,10,444,21,66,83182,1158,4,2,2,Sunday,43.333333333333336,Unhealthy for Sensitive Groups
14,22,11,417,22,64,83230,1320,5,2,2,Sunday,46.666666666666664,Unhealthy for Sensitive Groups
15,22,12,406,24,61,83238,1333,6,2,2,Sunday,50.0,Unhealthy
12,20,10,402,26,49,83229,1122,7,2,2,Sunday,40.0,Unhealthy for Sensitive Groups
10,17,8,400,28,43,83176,948,8,2,2,Sunday,33.33333333333333,Unhealthy for Sensitive Groups
11,18,9,400,28,42,83104,986,9,2,2,Sunday,36.666666666666664,Unhealthy for Sensitive Groups
9,14,7,401,29,39,83019,851,10,2,2,Sunday,30.0,Unhealthy for Sensitive Groups
12,19,9,402,30,37,82915,1066,11,2,2,Sunday,40.0,Unhealthy for Sensitive Groups
15,25,12,405,28,38,82837,1358,12,2,2,Sunday,50.0,Unhealthy
12,21,10,408,27,44,82826,1123,13,2,2,Sunday,40.0,Unhealthy for Sensitive Groups
10,17,8,408,26,48,82845,905,14,2,2,Sunday,33.33333333333333,Unhealthy for Sensitive Groups
11,18,9,415,26,52,82873,1046,15,2,2,Sunday,36.666666666666664,Unhealthy for Sensitive Groups
15,23,12,428,24,56,82940,1359,16,2,2,Sunday,50.0,Unhealthy
19,29,14,434,23,58,83024,1684,17,2,2,Sunday,63.33333333333333,Unhealthy
20,30,15,446,23,61,83098,1775,18,2,2,Sunday,66.66666666666666,Unhealthy
19,30,14,440,23,60,83132,1743,19,2,2,Sunday,63.33333333333333,Unhealthy
18,28,14,437,22,62,83173,1613,20,2,2,Sunday,60.0,Unhealthy
19,30,14,447,22,63,83128,1766,21,2,2,Sunday,63.33333333333333,Unhealthy
18,27,13,446,21,64,83077,1603,22,2,2,Sunday,60.0,Unhealthy
14,23,10,441,21,64,83037,1237,23,2,2,Sunday,46.666666666666664,Unhealthy for Sensitive Groups
14,22,11,458,21,65,83042,1257,0,3,2,Monday,46.666666666666664,Unhealthy for Sensitive Groups
14,22,11,466,20,67,83043,1246,1,3,2,Monday,46.666666666666664,Unhealthy for Sensitive Groups
14,22,11,479,20,67,83083,1238,2,3,2,Monday,46.666666666666664,Unhealthy for Sensitive Groups
16,27,13,492,19,67,83122,1431,3,3,2,Monday,53.333333333333336,Unhealthy
22,37,16,488,20,66,83147,1937,4,3,2,Monday,73.33333333333333,Unhealthy
23,42,16,429,24,55,83160,1989,5,3,2,Monday,76.66666666666667,Unhealthy
16,30,10,408,26,47,83154,1211,6,3,2,Monday,53.333333333333336,Unhealthy
17,31,11,407,27,44,83144,1271,7,3,2,Monday,56.666666666666664,Unhealthy
17,31,11,404,28,42,83098,1291,8,3,2,Monday,56.666666666666664,Unhealthy
18,34,11,403,29,39,83022,1316,9,3,2,Monday,60.0,Unhealthy
18,34,11,404,30,38,82934,1319,10,3,2,Monday,60.0,Unhealthy
16,30,11,404,30,38,82843,1252,11,3,2,Monday,53.333333333333336,Unhealthy
16,30,10,403,29,40,82782,1236,12,3,2,Monday,53.333333333333336,Unhealthy
17,31,11,403,27,44,82781,1284,13,3,2,Monday,56.666666666666664,Unhealthy
16,30,11,405,26,46,82825,1258,14,3,2,Monday,53.333333333333336,Unhealthy
16,30,11,408,25,47,82879,1309,15,3,2,Monday,53.333333333333336,Unhealthy
18,33,13,412,25,48,82915,1478,16,3,2,Monday,60.0,Unhealthy
19,34,14,414,24,50,82980,1572,17,3,2,Monday,63.33333333333333,Unhealthy
18,32,13,416,24,51,83068,1516,18,3,2,Monday,60.0,Unhealthy
20,36,15,418,23,53,83132,1711,19,3,2,Monday,66.66666666666666,Unhealthy
22,39,16,420,23,55,83162,1929,20,3,2,Monday,73.33333333333333,Unhealthy
22,38,16,422,23,56,83152,1913,21,3,2,Monday,73.33333333333333,Unhealthy
19,34,14,420,22,56,83115,1608,22,3,2,Monday,63.33333333333333,Unhealthy
19,33,14,420,22,57,83090,1547,23,3,2,Monday,63.33333333333333,Unhealthy
19,33,14,431,21,59,83085,1547,0,4,2,Tuesday,63.33333333333333,Unhealthy
18,32,14,437,21,61,83091,1550,1,4,2,Tuesday,60.0,Unhealthy
18,31,14,448,20,63,83134,1569,2,4,2,Tuesday,60.0,Unhealthy
19,33,14,449,19,63,83177,1688,3,4,2,Tuesday,63.33333333333333,Unhealthy
24,42,17,447,20,60,83229,2170,4,4,2,Tuesday,80.0,Unhealthy
25,44,18,427,23,53,83280,2237,5,4,2,Tuesday,83.33333333333334,Unhealthy
22,37,15,418,25,50,83293,1828,6,4,2,Tuesday,73.33333333333333,Unhealthy
22,38,15,412,26,48,83285,1875,7,4,2,Tuesday,73.33333333333333,Unhealthy
22,39,15,409,27,47,83231,1910,8,4,2,Tuesday,73.33333333333333,Unhealthy
21,37,15,406,28,43,83136,1758,9,4,2,Tuesday,70.0,Unhealthy
20,34,14,402,28,44,83048,1657,10,4,2,Tuesday,66.66666666666666,Unhealthy
20,35,14,400,28,44,82974,1670,11,4,2,Tuesday,66.66666666666666,Unhealthy
20,36,14,401,28,45,82907,1689,12,4,2,Tuesday,66.66666666666666,Unhealthy
20,36,14,402,27,46,82883,1677,13,4,2,Tuesday,66.66666666666666,Unhealthy
22,39,15,403,26,49,82897,1735,14,4,2,Tuesday,73.33333333333333,Unhealthy
21,39,15,408,24,51,82958,1720,15,4,2,Tuesday,70.0,Unhealthy
26,48,18,412,24,53,83031,2256,16,4,2,Tuesday,86.66666666666667,Unhealthy
23,43,16,414,23,54,83105,1942,17,4,2,Tuesday,76.66666666666667,Unhealthy
25,45,17,415,23,55,83180,2106,18,4,2,Tuesday,83.33333333333334,Unhealthy
25,46,18,416,22,56,83208,2167,19,4,2,Tuesday,83.33333333333334,Unhealthy
21,39,14,417,22,56,83193,1773,20,4,2,Tuesday,70.0,Unhealthy
20,37,14,418,22,57,83163,1672,21,4,2,Tuesday,66.66666666666666,Unhealthy
20,35,14,425,21,58,83135,1656,22,4,2,Tuesday,66.66666666666666,Unhealthy
19,34,14,429,20,61,83099,1600,23,4,2,Tuesday,63.33333333333333,Unhealthy
20,35,15,439,19,63,83077,1741,0,5,2,Wednesday,66.66666666666666,Unhealthy
20,34,15,443,18,64,83091,1709,1,5,2,Wednesday,66.66666666666666,Unhealthy
19,31,14,446,18,64,83132,1626,2,5,2,Wednesday,63.33333333333333,Unhealthy
20,34,15,462,18,64,83161,1834,3,5,2,Wednesday,66.66666666666666,Unhealthy
26,43,18,456,19,61,83193,2323,4,5,2,Wednesday,86.66666666666667,Unhealthy
20,35,15,421,23,50,83227,1755,5,5,2,Wednesday,66.66666666666666,Unhealthy
20,34,14,408,25,46,83228,1670,6,5,2,Wednesday,66.66666666666666,Unhealthy
21,37,15,408,26,44,83205,1853,7,5,2,Wednesday,70.0,Unhealthy
18,31,13,404,28,39,83152,1446,8,5,2,Wednesday,60.0,Unhealthy
17,30,13,403,29,36,83065,1441,9,5,2,Wednesday,56.666666666666664,Unhealthy
18,31,13,402,29,37,82959,1509,10,5,2,Wednesday,60.0,Unhealthy
19,33,14,402,29,37,82865,1630,11,5,2,Wednesday,63.33333333333333,Unhealthy
19,34,14,400,29,39,82815,1630,12,5,2,Wednesday,63.33333333333333,Unhealthy
18,31,13,399,28,41,82799,1466,13,5,2,Wednesday,60.0,Unhealthy
15,27,10,400,27,43,82833,1242,14,5,2,Wednesday,50.0,Unhealthy
15,28,11,405,25,45,82901,1272,15,5,2,Wednesday,50.0,Unhealthy
18,32,13,410,24,48,82971,1510,16,5,2,Wednesday,60.0,Unhealthy
19,34,14,416,23,51,83035,1646,17,5,2,Wednesday,63.33333333333333,Unhealthy
19,33,14,420,23,53,83076,1627,18,5,2,Wednesday,63.33333333333333,Unhealthy
20,35,15,420,22,54,83129,1791,19,5,2,Wednesday,66.66666666666666,Unhealthy
18,30,14,421,22,54,83159,1530,20,5,2,Wednesday,60.0,Unhealthy
15,26,12,425,21,56,83129,1337,21,5,2,Wednesday,50.0,Unhealthy
14,24,11,429,21,57,83092,1268,22,5,2,Wednesday,46.666666666666664,Unhealthy for Sensitive Groups
15,25,12,439,20,59,83037,1347,23,5,2,Wednesday,50.0,Unhealthy
15,24,11,443,19,61,83001,1317,0,6,2,Thursday,50.0,Unhealthy
12,20,10,441,19,63,83003,1128,1,6,2,Thursday,40.0,Unhealthy for Sensitive Groups
14,21,11,457,19,63,83037,1243,2,6,2,Thursday,46.666666666666664,Unhealthy for Sensitive Groups
15,24,12,464,19,64,83046,1372,3,6,2,Thursday,50.0,Unhealthy
20,33,15,466,20,61,83087,1827,4,6,2,Thursday,66.66666666666666,Unhealthy
17,28,13,425,23,53,83148,1494,5,6,2,Thursday,56.666666666666664,Unhealthy
15,25,11,410,25,47,83155,1321,6,6,2,Thursday,50.0,Unhealthy
12,21,10,408,27,41,83131,1101,7,6,2,Thursday,40.0,Unhealthy for Sensitive Groups
15,25,11,402,27,40,83074,1269,8,6,2,Thursday,50.0,Unhealthy
15,25,11,403,29,39,82994,1278,9,6,2,Thursday,50.0,Unhealthy
14,24,10,402,29,38,82908,1209,10,6,2,Thursday,46.666666666666664,Unhealthy for Sensitive Groups
14,25,10,400,29,40,82828,1238,11,6,2,Thursday,46.666666666666664,Unhealthy for Sensitive Groups
13,24,10,398,29,41,82765,1179,12,6,2,Thursday,43.333333333333336,Unhealthy for Sensitive Groups
13,23,10,398,28,42,82750,1104,13,6,2,Thursday,43.333333333333336,Unhealthy for Sensitive Groups
13,23,9,400,26,46,82796,1061,14,6,2,Thursday,43.333333333333336,Unhealthy for Sensitive Groups
12,22,9,404,25,49,82871,1074,15,6,2,Thursday,40.0,Unhealthy for Sensitive Groups
13,23,10,408,25,51,82959,1151,16,6,2,Thursday,43.333333333333336,Unhealthy for Sensitive Groups
13,22,10,412,24,53,83024,1149,17,6,2,Thursday,43.333333333333336,Unhealthy for Sensitive Groups
16,27,13,419,23,56,83100,1461,18,6,2,Thursday,53.333333333333336,Unhealthy
21,35,15,422,23,57,83168,1851,19,6,2,Thursday,70.0,Unhealthy
22,39,16,433,22,58,83212,1950,20,6,2,Thursday,73.33333333333333,Unhealthy
18,30,14,430,22,60,83195,1560,21,6,2,Thursday,60.0,Unhealthy
17,28,13,435,21,62,83138,1511,22,6,2,Thursday,56.666666666666664,Unhealthy
12,21,10,426,21,62,83102,1121,23,6,2,Thursday,40.0,Unhealthy for Sensitive Groups
10,16,8,434,21,63,83080,923,0,7,2,Friday,33.33333333333333,Unhealthy for Sensitive Groups
10,17,8,450,20,64,83118,929,1,7,2,Friday,33.33333333333333,Unhealthy for Sensitive Groups
15,24,12,433,20,68,83191,1327,2,7,2,Friday,50.0,Unhealthy
14,23,11,427,20,69,83232,1299,3,7,2,Friday,46.666666666666664,Unhealthy for Sensitive Groups
15,26,12,423,20,70,83277,1347,4,7,2,Friday,50.0,Unhealthy
17,29,13,421,21,66,83311,1494,5,7,2,Friday,56.666666666666664,Unhealthy
14,23,11,416,23,61,83305,1252,6,7,2,Friday,46.666666666666664,Unhealthy for Sensitive Groups
12,20,10,408,27,51,83263,1108,7,7,2,Friday,40.0,Unhealthy for Sensitive Groups
11,17,8,405,28,46,83195,965,8,7,2,Friday,36.666666666666664,Unhealthy for Sensitive Groups
9,15,7,406,29,40,83116,853,9,7,2,Friday,30.0,Unhealthy for Sensitive Groups
8,14,6,405,29,38,83016,756,10,7,2,Friday,26.666666666666668,Moderate
8,14,6,403,29,36,82947,716,11,7,2,Friday,26.666666666666668,Moderate
8,14,6,403,28,37,82900,753,12,7,2,Friday,26.666666666666668,Moderate
7,13,6,403,27,38,82870,643,13,7,2,Friday,23.333333333333332,Moderate
7,12,5,405,26,39,82896,610,14,7,2,Friday,23.333333333333332,Moderate
7,13,6,410,25,40,82962,658,15,7,2,Friday,23.333333333333332,Moderate
9,17,7,414,24,44,83040,849,16,7,2,Friday,30.0,Unhealthy for Sensitive Groups
10,17,8,418,23,49,83129,950,17,7,2,Friday,33.33333333333333,Unhealthy for Sensitive Groups
13,22,10,417,22,54,83203,1158,18,7,2,Friday,43.333333333333336,Unhealthy for Sensitive Groups
12,20,9,416,22,57,83244,1059,19,7,2,Friday,40.0,Unhealthy for Sensitive Groups
17,28,14,426,22,57,83268,1555,20,7,2,Friday,56.666666666666664,Unhealthy
15,23,12,432,21,62,83238,1351,21,7,2,Friday,50.0,Unhealthy
15,23,12,432,21,62,83208,1343,22,7,2,Friday,50.0,Unhealthy
13,20,10,433,21,63,83168,1166,23,7,2,Friday,43.333333333333336,Unhealthy for Sensitive Groups
12,19,10,436,21,65,83154,1123,0,8,2,Saturday,40.0,Unhealthy for Sensitive Groups
11,17,9,425,21,65,83180,993,1,8,2,Saturday,36.666666666666664,Unhealthy for Sensitive Groups
11,17,9,433,20,67,83222,993,2,8,2,Saturday,36.666666666666664,Unhealthy for Sensitive Groups
12,18,10,444,20,68,83233,1101,3,8,2,Saturday,40.0,Unhealthy for Sensitive Groups
15,24,12,435,20,68,83275,1404,4,8,2,Saturday,50.0,Unhealthy
16,26,13,421,22,65,83337,1474,5,8,2,Saturday,53.333333333333336,Unhealthy
14,21,11,414,26,55,83348,1250,6,8,2,Saturday,46.666666666666664,Unhealthy for Sensitive Groups
13,20,10,413,28,46,83335,1192,7,8,2,Saturday,43.333333333333336,Unhealthy for Sensitive Groups
10,16,8,408,29,38,83279,912,8,8,2,Saturday,33.33333333333333,Unhealthy for Sensitive Groups
9,15,7,406,31,32,83175,818,9,8,2,Saturday,30.0,Unhealthy for Sensitive Groups
8,13,6,406,31,29,83069,706,10,8,2,Saturday,26.666666666666668,Moderate
6,9,5,407,32,26,82991,526,11,8,2,Saturday,20.0,Moderate
5,9,4,407,31,25,82932,475,12,8,2,Saturday,16.666666666666664,Moderate
4,7,3,408,30,24,82916,404,13,8,2,Saturday,13.333333333333334,Good
4,6,3,409,29,24,82932,357,14,8,2,Saturday,13.333333333333334,Good
7,12,5,413,27,32,82978,612,15,8,2,Saturday,23.333333333333332,Moderate
8,14,6,418,26,36,83048,767,16,8,2,Saturday,26.666666666666668,Moderate
12,20,10,428,25,40,83136,1102,17,8,2,Saturday,40.0,Unhealthy for Sensitive Groups
13,22,10,430,24,45,83202,1131,18,8,2,Saturday,43.333333333333336,Unhealthy for Sensitive Groups
12,22,10,426,24,49,83236,1107,19,8,2,Saturday,40.0,Unhealthy for Sensitive Groups
19,33,14,432,23,50,83276,1678,20,8,2,Saturday,63.33333333333333,Unhealthy
17,27,13,431,23,51,83257,1522,21,8,2,Saturday,56.666666666666664,Unhealthy
12,19,10,435,22,54,83197,1109,22,8,2,Saturday,40.0,Unhealthy for Sensitive Groups
14,22,11,440,22,58,83146,1273,23,8,2,Saturday,46.666666666666664,Unhealthy for Sensitive Groups
11,17,9,433,21,60,83086,982,0,9,2,Sunday,36.666666666666664,Unhealthy for Sensitive Groups
12,19,10,454,21,62,83101,1113,1,9,2,Sunday,40.0,Unhealthy for Sensitive Groups
10,16,8,454,21,64,83164,936,2,9,2,Sunday,33.33333333333333,Unhealthy for Sensitive Groups
10,16,8,459,21,64,83203,937,3,9,2,Sunday,33.33333333333333,Unhealthy for Sensitive Groups
12,19,10,453,22,61,83241,1131,4,9,2,Sunday,40.0,Unhealthy for Sensitive Groups
11,18,9,422,26,53,83291,1045,5,9,2,Sunday,36.666666666666664,Unhealthy for Sensitive Groups
10,16,8,410,28,46,83293,955,6,9,2,Sunday,33.33333333333333,Unhealthy for Sensitive Groups
10,16,8,408,30,42,83270,942,7,9,2,Sunday,33.33333333333333,Unhealthy for Sensitive Groups
12,20,10,408,31,37,83230,1135,8,9,2,Sunday,40.0,Unhealthy for Sensitive Groups
9,15,7,406,31,33,83139,858,9,9,2,Sunday,30.0,Unhealthy for Sensitive Groups
6,10,5,406,32,29,83025,603,10,9,2,Sunday,20.0,Moderate
6,10,5,406,32,28,82929,557,11,9,2,Sunday,20.0,Moderate
5,9,4,405,32,27,82860,517,12,9,2,Sunday,16.666666666666664,Moderate
4,8,3,406,31,27,82863,438,13,9,2,Sunday,13.333333333333334,Good
5,8,4,408,29,31,82865,472,14,9,2,Sunday,16.666666666666664,Moderate
7,12,5,413,28,37,82927,613,15,9,2,Sunday,23.333333333333332,Moderate
10,18,8,422,26,41,82986,941,16,9,2,Sunday,33.33333333333333,Unhealthy for Sensitive Groups
13,21,10,427,25,45,83047,1140,17,9,2,Sunday,43.333333333333336,Unhealthy for Sensitive Groups
11,18,9,430,24,47,83155,1046,18,9,2,Sunday,36.666666666666664,Unhealthy for Sensitive Groups
13,22,10,442,23,49,83222,1177,19,9,2,Sunday,43.333333333333336,Unhealthy for Sensitive Groups
13,22,10,442,23,50,83235,1223,20,9,2,Sunday,43.333333333333336,Unhealthy for Sensitive Groups
12,18,10,428,23,51,83174,1058,21,9,2,Sunday,40.0,Unhealthy for Sensitive Groups
10,16,8,430,22,53,83104,928,22,9,2,Sunday,33.33333333333333,Unhealthy for Sensitive Groups
9,14,7,423,22,55,83049,800,23,9,2,Sunday,30.0,Unhealthy for Sensitive Groups
7,12,6,421,22,58,83028,693,0,10,2,Monday,23.333333333333332,Moderate
7,11,6,419,22,61,83033,659,1,10,2,Monday,23.333333333333332,Moderate
8,12,6,423,22,63,83075,708,2,10,2,Monday,26.666666666666668,Moderate
10,16,8,425,22,64,83108,933,3,10,2,Monday,33.33333333333333,Unhealthy for Sensitive Groups
12,20,9,423,22,64,83144,1084,4,10,2,Monday,40.0,Unhealthy for Sensitive Groups
9,15,7,413,23,61,83207,840,5,10,2,Monday,30.0,Unhealthy for Sensitive Groups
9,15,8,411,27,51,83221,879,6,10,2,Monday,30.0,Unhealthy for Sensitive Groups
15,23,12,407,28,46,83187,1327,7,10,2,Monday,50.0,Unhealthy
11,19,9,406,29,41,83123,1010,8,10,2,Monday,36.666666666666664,Unhealthy for Sensitive Groups
7,11,5,405,31,35,83030,635,9,10,2,Monday,23.333333333333332,Moderate
6,11,4,405,32,31,82932,509,10,10,2,Monday,20.0,Moderate
6,11,4,404,31,30,82844,525,11,10,2,Monday,20.0,Moderate
6,11,4,404,31,32,82783,514,12,10,2,Monday,20.0,Moderate
5,10,4,405,29,33,82749,494,13,10,2,Monday,16.666666666666664,Moderate
5,8,4,408,29,33,82771,443,14,10,2,Monday,16.666666666666664,Moderate
6,10,4,411,27,37,82823,530,15,10,2,Monday,20.0,Moderate
8,13,6,414,26,40,82881,722,16,10,2,Monday,26.666666666666668,Moderate
9,16,7,417,25,42,82958,852,17,10,2,Monday,30.0,Unhealthy for Sensitive Groups
10,16,8,419,24,46,83044,916,18,10,2,Monday,33.33333333333333,Unhealthy for Sensitive Groups
9,15,7,421,24,50,83064,875,19,10,2,Monday,30.0,Unhealthy for Sensitive Groups
10,15,8,422,23,52,83071,918,20,10,2,Monday,33.33333333333333,Unhealthy for Sensitive Groups
9,15,7,422,22,53,83056,867,21,10,2,Monday,30.0,Unhealthy for Sensitive Groups
9,14,7,422,21,56,82972,823,22,10,2,Monday,30.0,Unhealthy for Sensitive Groups
9,14,7,426,21,58,82927,830,23,10,2,Monday,30.0,Unhealthy for Sensitive Groups
9,14,7,431,21,60,82902,828,0,11,2,Tuesday,30.0,Unhealthy for Sensitive Groups
9,13,7,436,20,62,82924,809,1,11,2,Tuesday,30.0,Unhealthy for Sensitive Groups
11,16,8,439,20,63,82997,977,2,11,2,Tuesday,36.666666666666664,Unhealthy for Sensitive Groups
10,16,8,430,19,64,83067,917,3,11,2,Tuesday,33.33333333333333,Unhealthy for Sensitive Groups
13,21,10,430,20,66,83160,1145,4,11,2,Tuesday,43.333333333333336,Unhealthy for Sensitive Groups
13,20,10,424,21,67,83256,1187,5,11,2,Tuesday,43.333333333333336,Unhealthy for Sensitive Groups
11,16,9,416,22,62,83292,974,6,11,2,Tuesday,36.666666666666664,Unhealthy for Sensitive Groups
9,14,7,410,25,54,83258,853,7,11,2,Tuesday,30.0,Unhealthy for Sensitive Groups
8,13,6,406,27,46,83207,733,8,11,2,Tuesday,26.666666666666668,Moderate
7,13,6,404,29,41,83118,660,9,11,2,Tuesday,23.333333333333332,Moderate
6,12,5,403,30,37,83029,590,10,11,2,Tuesday,20.0,Moderate
6,12,5,402,29,38,82946,572,11,11,2,Tuesday,20.0,Moderate
7,13,5,403,28,39,82889,561,12,11,2,Tuesday,23.333333333333332,Moderate
6,13,5,404,28,37,82848,534,13,11,2,Tuesday,20.0,Moderate
6,11,4,406,27,37,82880,508,14,11,2,Tuesday,20.0,Moderate
6,12,5,409,25,38,82929,547,15,11,2,Tuesday,20.0,Moderate
7,13,6,412,24,43,83008,686,16,11,2,Tuesday,23.333333333333332,Moderate
9,15,7,415,23,49,83098,825,17,11,2,Tuesday,30.0,Unhealthy for Sensitive Groups
13,20,10,419,23,52,83190,1148,18,11,2,Tuesday,43.333333333333336,Unhealthy for Sensitive Groups
13,21,10,421,22,55,83225,1204,19,11,2,Tuesday,43.333333333333336,Unhealthy for Sensitive Groups
11,16,9,420,22,57,83216,979,20,11,2,Tuesday,36.666666666666664,Unhealthy for Sensitive Groups
10,15,8,424,21,59,83190,889,21,11,2,Tuesday,33.33333333333333,Unhealthy for Sensitive Groups
9,14,7,433,20,62,83136,834,22,11,2,Tuesday,30.0,Unhealthy for Sensitive Groups
9,14,7,438,20,63,83089,853,23,11,2,Tuesday,30.0,Unhealthy for Sensitive Groups
8,13,6,445,19,64,83065,769,0,12,2,Wednesday,26.666666666666668,Moderate
8,13,6,440,19,65,83088,780,1,12,2,Wednesday,26.666666666666668,Moderate
9,13,7,444,19,67,83171,807,2,12,2,Wednesday,30.0,Unhealthy for Sensitive Groups
11,17,9,426,19,68,83243,1005,3,12,2,Wednesday,36.666666666666664,Unhealthy for Sensitive Groups
19,31,15,432,19,70,83312,1763,4,12,2,Wednesday,63.33333333333333,Unhealthy
22,37,16,432,20,71,83358,2031,5,12,2,Wednesday,73.33333333333333,Unhealthy
18,27,14,415,21,69,83394,39041,6,12,2,Wednesday,60.0,Unhealthy
12,19,10,409,23,62,83368,57695,7,12,2,Wednesday,40.0,Unhealthy for Sensitive Groups
10,15,8,406,26,53,83294,46736,8,12,2,Wednesday,33.33333333333333,Unhealthy for Sensitive Groups
10,16,8,404,27,51,83236,48188,9,12,2,Wednesday,33.33333333333333,Unhealthy for Sensitive Groups
7,11,6,403,28,45,83130,33147,10,12,2,Wednesday,23.333333333333332,Moderate
6,9,4,402,29,42,83044,26785,11,12,2,Wednesday,20.0,Moderate
5,9,4,403,28,41,82993,26126,12,12,2,Wednesday,16.666666666666664,Moderate
5,9,4,403,28,40,82976,25377,13,12,2,Wednesday,16.666666666666664,Moderate
5,9,4,405,27,43,82985,24832,14,12,2,Wednesday,16.666666666666664,Moderate
7,12,5,409,26,48,83039,30750,15,12,2,Wednesday,23.333333333333332,Moderate
10,19,8,414,24,53,83109,47321,16,12,2,Wednesday,33.33333333333333,Unhealthy for Sensitive Groups
13,21,10,416,23,58,83173,57044,17,12,2,Wednesday,43.333333333333336,Unhealthy for Sensitive Groups
11,18,9,417,23,62,83230,50713,18,12,2,Wednesday,36.666666666666664,Unhealthy for Sensitive Groups
8,13,6,415,22,67,83272,38178,19,12,2,Wednesday,26.666666666666668,Moderate
9,14,7,418,22,69,83256,40705,20,12,2,Wednesday,30.0,Unhealthy for Sensitive Groups
11,17,9,418,21,71,83214,51954,21,12,2,Wednesday,36.666666666666664,Unhealthy for Sensitive Groups
7,12,6,418,21,73,83159,34722,22,12,2,Wednesday,23.333333333333332,Moderate
8,12,6,417,21,74,83125,36205,23,12,2,Wednesday,26.666666666666668,Moderate
9,14,7,418,21,74,83145,41199,0,13,2,Thursday,30.0,Unhealthy for Sensitive Groups
9,14,7,414,21,74,83160,40449,1,13,2,Thursday,30.0,Unhealthy for Sensitive Groups
9,13,7,413,21,75,83186,40171,2,13,2,Thursday,30.0,Unhealthy for Sensitive Groups
7,12,6,415,20,75,83228,33855,3,13,2,Thursday,23.333333333333332,Moderate
9,15,7,416,20,76,83285,43052,4,13,2,Thursday,30.0,Unhealthy for Sensitive Groups
9,14,7,414,20,78,83371,42581,5,13,2,Thursday,30.0,Unhealthy for Sensitive Groups
8,12,6,412,21,75,83420,37139,6,13,2,Thursday,26.666666666666668,Moderate
7,11,6,411,22,73,83429,32836,7,13,2,Thursday,23.333333333333332,Moderate
5,8,4,409,24,66,83378,25994,8,13,2,Thursday,16.666666666666664,Moderate
7,10,6,406,24,62,83317,31346,9,13,2,Thursday,23.333333333333332,Moderate
7,11,6,404,27,49,83187,32907,10,13,2,Thursday,23.333333333333332,Moderate
7,11,6,403,28,46,83098,32589,11,13,2,Thursday,23.333333333333332,Moderate
6,9,5,403,27,43,83052,27338,12,13,2,Thursday,20.0,Moderate
6,9,5,406,27,43,83019,26851,13,13,2,Thursday,20.0,Moderate
7,11,6,407,26,47,83032,33004,14,13,2,Thursday,23.333333333333332,Moderate
9,15,7,411,24,52,83095,41678,15,13,2,Thursday,30.0,Unhealthy for Sensitive Groups
12,19,10,415,23,57,83148,53925,16,13,2,Thursday,40.0,Unhealthy for Sensitive Groups
15,23,12,419,22,60,83199,70017,17,13,2,Thursday,50.0,Unhealthy
20,31,15,424,21,64,83280,94097,18,13,2,Thursday,66.66666666666666,Unhealthy
21,32,15,425,21,63,83330,101869,19,13,2,Thursday,70.0,Unhealthy
22,33,16,427,21,64,83329,106263,20,13,2,Thursday,73.33333333333333,Unhealthy
20,30,15,433,21,64,83297,95065,21,13,2,Thursday,66.66666666666666,Unhealthy
15,23,12,426,20,67,83216,69836,22,13,2,Thursday,50.0,Unhealthy
13,20,10,426,20,69,83173,59624,23,13,2,Thursday,43.333333333333336,Unhealthy for Sensitive Groups
14,21,11,430,19,69,83153,63462,0,14,2,Friday,46.666666666666664,Unhealthy for Sensitive Groups
15,22,11,446,19,69,83149,66427,1,14,2,Friday,50.0,Unhealthy
15,22,11,457,19,69,83190,66539,2,14,2,Friday,50.0,Unhealthy
15,23,12,463,18,69,83213,71165,3,14,2,Friday,50.0,Unhealthy
23,36,17,470,20,65,83256,113814,4,14,2,Friday,76.66666666666667,Unhealthy
17,26,13,426,23,59,83347,79907,5,14,2,Friday,56.666666666666664,Unhealthy
14,21,11,410,26,53,83376,62735,6,14,2,Friday,46.666666666666664,Unhealthy for Sensitive Groups
13,20,10,408,27,49,83338,58883,7,14,2,Friday,43.333333333333336,Unhealthy for Sensitive Groups
14,21,11,409,28,42,83292,63358,8,14,2,Friday,46.666666666666664,Unhealthy for Sensitive Groups
10,15,8,408,29,34,83221,44092,9,14,2,Friday,33.33333333333333,Unhealthy for Sensitive Groups
8,12,6,406,30,32,83120,37103,10,14,2,Friday,26.666666666666668,Moderate
7,11,6,406,30,31,83035,33738,11,14,2,Friday,23.333333333333332,Moderate
8,12,6,406,30,32,82964,36039,12,14,2,Friday,26.666666666666668,Moderate
8,13,6,407,29,34,82950,37854,13,14,2,Friday,26.666666666666668,Moderate
9,14,7,408,28,37,82985,40494,14,14,2,Friday,30.0,Unhealthy for Sensitive Groups
9,14,7,411,26,38,83049,41770,15,14,2,Friday,30.0,Unhealthy for Sensitive Groups
12,19,10,416,25,41,83114,55545,16,14,2,Friday,40.0,Unhealthy for Sensitive Groups
17,27,13,421,25,44,83169,74890,17,14,2,Friday,56.666666666666664,Unhealthy
20,33,15,429,24,49,83248,90159,18,14,2,Friday,66.66666666666666,Unhealthy
20,33,15,439,23,53,83322,90948,19,14,2,Friday,66.66666666666666,Unhealthy
17,26,14,426,23,52,83317,76334,20,14,2,Friday,56.666666666666664,Unhealthy
17,26,14,428,22,55,83313,78640,21,14,2,Friday,56.666666666666664,Unhealthy
16,24,13,430,22,57,83282,71300,22,14,2,Friday,53.333333333333336,Unhealthy
15,23,12,446,22,59,83251,69591,23,14,2,Friday,50.0,Unhealthy
16,23,12,460,21,62,83217,70972,0,15,2,Saturday,53.333333333333336,Unhealthy
16,24,13,456,21,63,83207,72969,1,15,2,Saturday,53.333333333333336,Unhealthy
15,23,12,436,21,63,83202,70503,2,15,2,Saturday,50.0,Unhealthy
16,23,12,443,20,64,83258,70532,3,15,2,Saturday,53.333333333333336,Unhealthy
17,26,14,441,22,61,83312,79535,4,15,2,Saturday,56.666666666666664,Unhealthy
18,27,14,415,25,53,83371,81276,5,15,2,Saturday,60.0,Unhealthy
15,23,12,408,28,45,83383,70029,6,15,2,Saturday,50.0,Unhealthy
13,20,10,405,30,40,83351,61422,7,15,2,Saturday,43.333333333333336,Unhealthy for Sensitive Groups
12,18,10,405,31,34,83273,55067,8,15,2,Saturday,40.0,Unhealthy for Sensitive Groups
10,15,8,408,32,27,83187,44893,9,15,2,Saturday,33.33333333333333,Unhealthy for Sensitive Groups
10,16,8,409,33,27,83079,47754,10,15,2,Saturday,33.33333333333333,Unhealthy for Sensitive Groups
12,18,9,408,32,28,83004,53761,11,15,2,Saturday,40.0,Unhealthy for Sensitive Groups
9,14,7,408,32,27,82938,43995,12,15,2,Saturday,30.0,Unhealthy for Sensitive Groups
8,13,6,408,31,28,82892,39164,13,15,2,Saturday,26.666666666666668,Moderate
8,12,6,410,29,29,82861,36924,14,15,2,Saturday,26.666666666666668,Moderate
11,17,8,413,28,35,82933,48716,15,15,2,Saturday,36.666666666666664,Unhealthy for Sensitive Groups
17,27,14,418,26,42,83014,78904,16,15,2,Saturday,56.666666666666664,Unhealthy
17,26,13,421,25,45,83142,79149,17,15,2,Saturday,56.666666666666664,Unhealthy
16,26,13,423,25,49,83197,73700,18,15,2,Saturday,53.333333333333336,Unhealthy
14,21,11,421,24,53,83252,64427,19,15,2,Saturday,46.666666666666664,Unhealthy for Sensitive Groups
18,27,14,423,24,56,83280,79794,20,15,2,Saturday,60.0,Unhealthy
19,30,15,423,23,64,83237,89627,21,15,2,Saturday,63.33333333333333,Unhealthy
20,30,14,430,22,67,83196,93626,22,15,2,Saturday,66.66666666666666,Unhealthy
20,30,15,427,22,68,83134,89425,23,15,2,Saturday,66.66666666666666,Unhealthy
20,30,15,431,21,68,83101,89795,0,16,2,Sunday,66.66666666666666,Unhealthy
20,30,15,438,21,68,83098,90461,1,16,2,Sunday,66.66666666666666,Unhealthy
20,30,15,439,21,69,83134,90768,2,16,2,Sunday,66.66666666666666,Unhealthy
20,31,15,437,21,69,83180,97072,3,16,2,Sunday,66.66666666666666,Unhealthy
20,30,15,425,23,65,83227,94389,4,16,2,Sunday,66.66666666666666,Unhealthy
18,27,14,409,25,59,83275,82791,5,16,2,Sunday,60.0,Unhealthy
17,26,14,409,27,51,83297,79149,6,16,2,Sunday,56.666666666666664,Unhealthy
19,29,15,408,29,45,83271,87037,7,16,2,Sunday,63.33333333333333,Unhealthy
17,25,13,407,30,40,83203,76503,8,16,2,Sunday,56.666666666666664,Unhealthy
15,22,12,407,31,37,83089,67192,9,16,2,Sunday,50.0,Unhealthy
13,19,10,405,32,34,82981,57939,10,16,2,Sunday,43.333333333333336,Unhealthy for Sensitive Groups
11,17,9,405,31,33,82887,51891,11,16,2,Sunday,36.666666666666664,Unhealthy for Sensitive Groups
10,15,8,404,30,34,82828,46541,12,16,2,Sunday,33.33333333333333,Unhealthy for Sensitive Groups
8,13,7,405,30,32,82791,39146,13,16,2,Sunday,26.666666666666668,Moderate
9,15,7,406,29,36,82819,44036,14,16,2,Sunday,30.0,Unhealthy for Sensitive Groups
11,17,9,410,27,39,82872,51595,15,16,2,Sunday,36.666666666666664,Unhealthy for Sensitive Groups
13,20,10,416,26,42,82959,59697,16,16,2,Sunday,43.333333333333336,Unhealthy for Sensitive Groups
15,23,12,419,25,45,83026,69744,17,16,2,Sunday,50.0,Unhealthy
17,27,14,420,24,50,83110,79072,18,16,2,Sunday,56.666666666666664,Unhealthy
13,19,10,420,24,56,83175,58391,19,16,2,Sunday,43.333333333333336,Unhealthy for Sensitive Groups
13,19,10,426,23,58,83211,58317,20,16,2,Sunday,43.333333333333336,Unhealthy for Sensitive Groups
18,27,14,431,23,58,83176,80077,21,16,2,Sunday,60.0,Unhealthy
18,27,14,423,22,58,83109,82594,22,16,2,Sunday,60.0,Unhealthy
17,26,14,420,22,59,83067,78644,23,16,2,Sunday,56.666666666666664,Unhealthy
17,26,14,423,22,61,83037,76882,0,17,2,Monday,56.666666666666664,Unhealthy
17,26,14,433,21,63,83051,79267,1,17,2,Monday,56.666666666666664,Unhealthy
20,30,15,436,21,64,83099,90667,2,17,2,Monday,66.66666666666666,Unhealthy
20,31,15,435,20,66,83144,96247,3,17,2,Monday,66.66666666666666,Unhealthy
27,41,19,439,21,64,83214,126288,4,17,2,Monday,90.0,Unhealthy
30,46,22,431,22,65,83272,141456,5,17,2,Monday,100.0,Very Unhealthy
22,34,17,416,23,62,83326,107409,6,17,2,Monday,73.33333333333333,Unhealthy
19,28,14,409,26,52,83331,85893,7,17,2,Monday,63.33333333333333,Unhealthy
17,25,13,407,28,45,83266,76023,8,17,2,Monday,56.666666666666664,Unhealthy
17,25,13,406,30,39,83184,75044,9,17,2,Monday,56.666666666666664,Unhealthy
15,24,12,406,30,36,83090,69983,10,17,2,Monday,50.0,Unhealthy
14,21,11,406,31,33,83008,62638,11,17,2,Monday,46.666666666666664,Unhealthy for Sensitive Groups
12,19,10,406,30,31,82926,57049,12,17,2,Monday,40.0,Unhealthy for Sensitive Groups
10,16,8,406,29,29,82909,46662,13,17,2,Monday,33.33333333333333,Unhealthy for Sensitive Groups
10,15,7,410,28,29,82914,44084,14,17,2,Monday,33.33333333333333,Unhealthy for Sensitive Groups
8,14,6,412,27,28,82960,39370,15,17,2,Monday,26.666666666666668,Moderate
11,19,9,419,25,30,83027,50906,16,17,2,Monday,36.666666666666664,Unhealthy for Sensitive Groups
20,30,15,420,24,36,83088,92882,17,17,2,Monday,66.66666666666666,Unhealthy
18,28,14,422,23,40,83163,84733,18,17,2,Monday,60.0,Unhealthy
17,25,13,425,22,44,83214,75905,19,17,2,Monday,56.666666666666664,Unhealthy
17,26,14,436,21,48,83248,77380,20,17,2,Monday,56.666666666666664,Unhealthy
17,26,14,445,21,51,83250,77102,21,17,2,Monday,56.666666666666664,Unhealthy
16,24,13,461,22,53,83173,73566,22,17,2,Monday,53.333333333333336,Unhealthy
16,24,13,440,20,55,83102,71300,23,17,2,Monday,53.333333333333336,Unhealthy
15,22,12,434,20,56,83090,66829,0,18,2,Tuesday,50.0,Unhealthy
16,24,13,448,19,58,83100,72694,1,18,2,Tuesday,53.333333333333336,Unhealthy
16,24,13,450,19,61,83151,73503,2,18,2,Tuesday,53.333333333333336,Unhealthy
22,41,15,446,18,62,83178,82995,3,18,2,Tuesday,73.33333333333333,Unhealthy
34,64,21,445,20,58,83242,131014,4,18,2,Tuesday,113.33333333333333,Very Unhealthy
22,35,17,420,24,52,83284,103589,5,18,2,Tuesday,73.33333333333333,Unhealthy
17,26,14,411,27,43,83334,76900,6,18,2,Tuesday,56.666666666666664,Unhealthy
12,19,10,407,29,34,83319,57477,7,18,2,Tuesday,40.0,Unhealthy for Sensitive Groups
12,18,10,405,30,30,83269,54088,8,18,2,Tuesday,40.0,Unhealthy for Sensitive Groups
12,18,9,406,31,27,83207,53121,9,18,2,Tuesday,40.0,Unhealthy for Sensitive Groups
11,17,9,406,31,26,83120,50609,10,18,2,Tuesday,36.666666666666664,Unhealthy for Sensitive Groups
10,16,8,407,32,25,83030,47309,11,18,2,Tuesday,33.33333333333333,Unhealthy for Sensitive Groups
11,17,9,406,31,27,82993,49151,12,18,2,Tuesday,36.666666666666664,Unhealthy for Sensitive Groups
10,15,8,406,29,28,83000,44322,13,18,2,Tuesday,33.33333333333333,Unhealthy for Sensitive Groups
10,15,8,409,28,30,83018,45982,14,18,2,Tuesday,33.33333333333333,Unhealthy for Sensitive Groups
11,17,9,412,27,32,83064,49274,15,18,2,Tuesday,36.666666666666664,Unhealthy for Sensitive Groups
14,23,11,418,25,35,83128,64051,16,18,2,Tuesday,46.666666666666664,Unhealthy for Sensitive Groups
15,23,12,419,24,40,83174,67871,17,18,2,Tuesday,50.0,Unhealthy
24,37,18,427,23,41,83231,112951,18,18,2,Tuesday,80.0,Unhealthy
19,29,15,425,22,42,83260,88355,19,18,2,Tuesday,63.33333333333333,Unhealthy
18,28,14,433,21,46,83281,84324,20,18,2,Tuesday,60.0,Unhealthy
18,27,14,442,21,50,83266,79547,21,18,2,Tuesday,60.0,Unhealthy
16,25,13,445,20,52,83204,74138,22,18,2,Tuesday,53.333333333333336,Unhealthy
15,23,12,447,19,54,83175,68842,23,18,2,Tuesday,50.0,Unhealthy
19,28,14,445,19,56,83144,83938,0,19,2,Wednesday,63.33333333333333,Unhealthy
20,31,15,448,18,58,83158,91450,1,19,2,Wednesday,66.66666666666666,Unhealthy
18,27,14,461,18,59,83205,79365,2,19,2,Wednesday,60.0,Unhealthy
19,29,15,459,18,61,83234,84301,3,19,2,Wednesday,63.33333333333333,Unhealthy
26,42,19,458,20,56,83280,120076,4,19,2,Wednesday,86.66666666666667,Unhealthy
22,36,16,437,25,47,83335,101498,5,19,2,Wednesday,73.33333333333333,Unhealthy
13,20,10,409,27,41,83352,58721,6,19,2,Wednesday,43.333333333333336,Unhealthy for Sensitive Groups
11,18,9,407,29,33,83324,52032,7,19,2,Wednesday,36.666666666666664,Unhealthy for Sensitive Groups
10,15,7,405,31,28,83278,44792,8,19,2,Wednesday,33.33333333333333,Unhealthy for Sensitive Groups
8,12,6,407,32,22,83193,36444,9,19,2,Wednesday,26.666666666666668,Moderate
6,10,5,407,32,18,83089,29099,10,19,2,Wednesday,20.0,Moderate
6,10,5,408,32,18,82994,30102,11,19,2,Wednesday,20.0,Moderate
6,9,5,408,31,17,82937,27654,12,19,2,Wednesday,20.0,Moderate
7,11,5,410,30,18,82902,31470,13,19,2,Wednesday,23.333333333333332,Moderate
8,12,6,411,29,21,82902,36023,14,19,2,Wednesday,26.666666666666668,Moderate
11,18,8,414,27,25,82950,49248,15,19,2,Wednesday,36.666666666666664,Unhealthy for Sensitive Groups
15,24,11,421,26,31,83015,66069,16,19,2,Wednesday,50.0,Unhealthy
19,30,15,431,24,35,83071,87753,17,19,2,Wednesday,63.33333333333333,Unhealthy
22,35,16,436,23,39,83128,102354,18,19,2,Wednesday,73.33333333333333,Unhealthy
20,32,15,438,22,43,83170,94059,19,19,2,Wednesday,66.66666666666666,Unhealthy
18,28,14,444,22,47,83208,82816,20,19,2,Wednesday,60.0,Unhealthy
16,25,13,444,21,50,83202,74847,21,19,2,Wednesday,53.333333333333336,Unhealthy
15,23,12,440,21,52,83171,69645,22,19,2,Wednesday,50.0,Unhealthy
14,22,11,442,20,55,83147,64932,23,19,2,Wednesday,46.666666666666664,Unhealthy for Sensitive Groups
13,20,10,441,20,57,83150,61255,0,20,2,Thursday,43.333333333333336,Unhealthy for Sensitive Groups
15,22,12,444,19,58,83159,66853,1,20,2,Thursday,50.0,Unhealthy
17,26,14,462,19,60,83168,76846,2,20,2,Thursday,56.666666666666664,Unhealthy
18,28,14,455,18,61,83192,82667,3,20,2,Thursday,60.0,Unhealthy
24,38,17,451,21,56,83231,114225,4,20,2,Thursday,80.0,Unhealthy
22,35,16,424,25,50,83263,102800,5,20,2,Thursday,73.33333333333333,Unhealthy
14,21,11,406,28,40,83267,61341,6,20,2,Thursday,46.666666666666664,Unhealthy for Sensitive Groups
11,18,9,405,30,33,83252,51469,7,20,2,Thursday,36.666666666666664,Unhealthy for Sensitive Groups
10,16,8,406,31,27,83198,45817,8,20,2,Thursday,33.33333333333333,Unhealthy for Sensitive Groups
11,18,9,406,32,25,83108,50922,9,20,2,Thursday,36.666666666666664,Unhealthy for Sensitive Groups
10,16,8,405,33,23,82993,46120,10,20,2,Thursday,33.33333333333333,Unhealthy for Sensitive Groups
10,16,8,404,32,23,82895,45894,11,20,2,Thursday,33.33333333333333,Unhealthy for Sensitive Groups
8,14,7,405,32,20,82839,39658,12,20,2,Thursday,26.666666666666668,Moderate
8,14,7,404,31,21,82819,39735,13,20,2,Thursday,26.666666666666668,Moderate
10,17,8,406,30,27,82829,46334,14,20,2,Thursday,33.33333333333333,Unhealthy for Sensitive Groups
11,18,9,411,28,30,82872,48865,15,20,2,Thursday,36.666666666666664,Unhealthy for Sensitive Groups
15,27,12,415,26,35,82941,67103,16,20,2,Thursday,50.0,Unhealthy
18,29,14,418,26,40,83011,78884,17,20,2,Thursday,60.0,Unhealthy
19,31,15,422,25,42,83094,88140,18,20,2,Thursday,63.33333333333333,Unhealthy
19,29,14,424,24,44,83152,84639,19,20,2,Thursday,63.33333333333333,Unhealthy
19,30,15,433,23,47,83170,88985,20,20,2,Thursday,63.33333333333333,Unhealthy
18,27,14,439,22,50,83167,80872,21,20,2,Thursday,60.0,Unhealthy
18,27,14,442,21,51,83118,80403,22,20,2,Thursday,60.0,Unhealthy
17,26,14,446,21,53,83097,78045,23,20,2,Thursday,56.666666666666664,Unhealthy
17,26,14,445,20,55,83076,77844,0,21,2,Friday,56.666666666666664,Unhealthy
17,26,14,448,19,56,83103,77287,1,21,2,Friday,56.666666666666664,Unhealthy
18,27,14,453,18,57,83139,79814,2,21,2,Friday,60.0,Unhealthy
19,29,15,454,18,58,83205,86801,3,21,2,Friday,63.33333333333333,Unhealthy
23,37,16,449,21,53,83268,108386,4,21,2,Friday,76.66666666666667,Unhealthy
25,39,18,423,25,45,83324,116687,5,21,2,Friday,83.33333333333334,Unhealthy
18,28,14,407,27,36,83342,80020,6,21,2,Friday,60.0,Unhealthy
13,20,10,405,29,31,83303,59472,7,21,2,Friday,43.333333333333336,Unhealthy for Sensitive Groups
11,17,9,401,30,26,83245,50374,8,21,2,Friday,36.666666666666664,Unhealthy for Sensitive Groups
10,16,8,402,31,23,83151,47529,9,21,2,Friday,33.33333333333333,Unhealthy for Sensitive Groups
9,14,7,402,32,20,83034,42412,10,21,2,Friday,30.0,Unhealthy for Sensitive Groups
11,18,9,402,32,22,82914,49975,11,21,2,Friday,36.666666666666664,Unhealthy for Sensitive Groups
10,19,8,400,31,21,82840,44455,12,21,2,Friday,33.33333333333333,Unhealthy for Sensitive Groups
10,19,7,402,30,20,82840,43606,13,21,2,Friday,33.33333333333333,Unhealthy for Sensitive Groups
11,20,8,404,28,20,82873,46548,14,21,2,Friday,36.666666666666664,Unhealthy for Sensitive Groups
11,20,8,408,27,20,82921,47235,15,21,2,Friday,36.666666666666664,Unhealthy for Sensitive Groups
12,21,9,414,25,22,82985,52741,16,21,2,Friday,40.0,Unhealthy for Sensitive Groups
17,27,13,419,24,28,83075,79677,17,21,2,Friday,56.666666666666664,Unhealthy
19,30,15,421,23,33,83129,87425,18,21,2,Friday,63.33333333333333,Unhealthy
19,29,15,422,22,38,83187,85391,19,21,2,Friday,63.33333333333333,Unhealthy
16,25,13,421,22,40,83205,74896,20,21,2,Friday,53.333333333333336,Unhealthy
15,22,11,426,21,43,83203,67379,21,21,2,Friday,50.0,Unhealthy
16,24,12,432,20,47,83160,72008,22,21,2,Friday,53.333333333333336,Unhealthy
16,24,13,439,20,51,83140,73760,23,21,2,Friday,53.333333333333336,Unhealthy
17,25,13,439,19,54,83111,75974,0,22,2,Saturday,56.666666666666664,Unhealthy
17,26,14,443,18,56,83123,79750,1,22,2,Saturday,56.666666666666664,Unhealthy
19,29,15,449,18,58,83163,88163,2,22,2,Saturday,63.33333333333333,Unhealthy
20,30,15,450,17,59,83209,92551,3,22,2,Saturday,66.66666666666666,Unhealthy
39,61,30,449,20,54,83282,197211,4,22,2,Saturday,130.0,Very Unhealthy
19,30,15,413,24,46,83328,89131,5,22,2,Saturday,63.33333333333333,Unhealthy
18,28,14,406,26,40,83366,82242,6,22,2,Saturday,60.0,Unhealthy
19,31,15,405,28,37,83342,88759,7,22,2,Saturday,63.33333333333333,Unhealthy
13,21,10,401,29,31,83299,60191,8,22,2,Saturday,43.333333333333336,Unhealthy for Sensitive Groups
11,19,9,400,30,27,83219,51366,9,22,2,Saturday,36.666666666666664,Unhealthy for Sensitive Groups
12,20,9,399,30,26,83116,53576,10,22,2,Saturday,40.0,Unhealthy for Sensitive Groups
13,22,10,400,31,27,83032,55939,11,22,2,Saturday,43.333333333333336,Unhealthy for Sensitive Groups
11,21,8,400,30,25,82994,47343,12,22,2,Saturday,36.666666666666664,Unhealthy for Sensitive Groups
10,19,8,401,29,24,82996,45562,13,22,2,Saturday,33.33333333333333,Unhealthy for Sensitive Groups
11,19,9,403,27,26,83022,50414,14,22,2,Saturday,36.666666666666664,Unhealthy for Sensitive Groups
10,17,8,407,26,25,83080,46485,15,22,2,Saturday,33.33333333333333,Unhealthy for Sensitive Groups
13,21,10,411,25,28,83144,58339,16,22,2,Saturday,43.333333333333336,Unhealthy for Sensitive Groups
13,20,10,414,24,33,83222,58858,17,22,2,Saturday,43.333333333333336,Unhealthy for Sensitive Groups
20,31,15,417,23,38,83286,94900,18,22,2,Saturday,66.66666666666666,Unhealthy
22,35,17,420,22,42,83326,107258,19,22,2,Saturday,73.33333333333333,Unhealthy
24,37,17,428,22,46,83351,115059,20,22,2,Saturday,80.0,Unhealthy
22,34,16,432,21,50,83322,104511,21,22,2,Saturday,73.33333333333333,Unhealthy
22,34,16,437,20,52,83288,106768,22,22,2,Saturday,73.33333333333333,Unhealthy
21,32,15,444,20,55,83244,101728,23,22,2,Saturday,70.0,Unhealthy
19,29,15,443,19,56,83226,87804,0,23,2,Sunday,63.33333333333333,Unhealthy
19,29,15,443,19,58,83231,88127,1,23,2,Sunday,63.33333333333333,Unhealthy
19,29,15,453,18,60,83245,88052,2,23,2,Sunday,63.33333333333333,Unhealthy
19,29,15,457,18,61,83309,88855,3,23,2,Sunday,63.33333333333333,Unhealthy
18,28,14,455,20,55,83361,83323,4,23,2,Sunday,60.0,Unhealthy
13,20,11,418,24,45,83398,62447,5,23,2,Sunday,43.333333333333336,Unhealthy for Sensitive Groups
10,16,8,403,28,36,83422,47922,6,23,2,Sunday,33.33333333333333,Unhealthy for Sensitive Groups
9,14,8,402,29,30,83397,44245,7,23,2,Sunday,30.0,Unhealthy for Sensitive Groups
7,11,6,401,31,24,83350,33813,8,23,2,Sunday,23.333333333333332,Moderate
6,10,5,403,32,22,83261,30024,9,23,2,Sunday,20.0,Moderate
6,9,5,404,32,21,83159,28645,10,23,2,Sunday,20.0,Moderate
5,9,4,403,32,20,83076,25957,11,23,2,Sunday,16.666666666666664,Moderate
5,7,3,403,31,20,83020,22147,12,23,2,Sunday,16.666666666666664,Moderate
4,7,3,404,30,21,83013,21099,13,23,2,Sunday,13.333333333333334,Good
5,8,4,405,29,24,83024,23769,14,23,2,Sunday,16.666666666666664,Moderate
6,10,5,409,27,29,83073,30074,15,23,2,Sunday,20.0,Moderate
9,15,7,413,26,34,83161,43673,16,23,2,Sunday,30.0,Unhealthy for Sensitive Groups
11,18,9,416,24,40,83248,51220,17,23,2,Sunday,36.666666666666664,Unhealthy for Sensitive Groups
13,20,10,419,24,43,83332,59955,18,23,2,Sunday,43.333333333333336,Unhealthy for Sensitive Groups
13,20,10,423,23,45,83401,60146,19,23,2,Sunday,43.333333333333336,Unhealthy for Sensitive Groups
16,25,13,429,22,48,83398,74224,20,23,2,Sunday,53.333333333333336,Unhealthy
19,29,15,434,21,52,83356,87152,21,23,2,Sunday,63.33333333333333,Unhealthy
17,26,13,437,21,56,83303,76632,22,23,2,Sunday,56.666666666666664,Unhealthy
18,27,14,437,20,58,83272,80067,23,23,2,Sunday,60.0,Unhealthy
17,26,14,444,19,60,83242,78606,0,24,2,Monday,56.666666666666664,Unhealthy
17,25,14,455,19,61,83235,76099,1,24,2,Monday,56.666666666666664,Unhealthy
16,25,13,462,18,61,83276,74484,2,24,2,Monday,53.333333333333336,Unhealthy
15,23,12,463,18,61,83322,70610,3,24,2,Monday,50.0,Unhealthy
20,32,15,460,21,54,83380,92832,4,24,2,Monday,66.66666666666666,Unhealthy
16,26,12,422,25,48,83410,73478,5,24,2,Monday,53.333333333333336,Unhealthy
9,14,7,405,28,39,83432,41941,6,24,2,Monday,30.0,Unhealthy for Sensitive Groups
7,11,6,402,29,34,83417,33053,7,24,2,Monday,23.333333333333332,Moderate
7,10,5,401,30,30,83362,30971,8,24,2,Monday,23.333333333333332,Moderate
7,12,6,403,31,27,83274,34115,9,24,2,Monday,23.333333333333332,Moderate
10,16,7,404,31,26,83160,45482,10,24,2,Monday,33.33333333333333,Unhealthy for Sensitive Groups
12,19,9,403,31,28,83054,54672,11,24,2,Monday,40.0,Unhealthy for Sensitive Groups
13,20,10,402,30,32,82998,59102,12,24,2,Monday,43.333333333333336,Unhealthy for Sensitive Groups
10,16,7,403,29,34,83011,44305,13,24,2,Monday,33.33333333333333,Unhealthy for Sensitive Groups
8,15,6,405,28,34,83057,38540,14,24,2,Monday,26.666666666666668,Moderate
9,15,7,409,26,39,83093,40847,15,24,2,Monday,30.0,Unhealthy for Sensitive Groups
12,22,9,413,25,34,83183,54107,16,24,2,Monday,40.0,Unhealthy for Sensitive Groups
12,20,10,416,24,38,83252,56461,17,24,2,Monday,40.0,Unhealthy for Sensitive Groups
11,18,9,417,24,42,83307,52633,18,24,2,Monday,36.666666666666664,Unhealthy for Sensitive Groups
13,20,10,418,24,45,83336,61238,19,24,2,Monday,43.333333333333336,Unhealthy for Sensitive Groups
12,18,10,424,22,49,83344,55863,20,24,2,Monday,40.0,Unhealthy for Sensitive Groups
11,17,9,426,22,51,83307,52292,21,24,2,Monday,36.666666666666664,Unhealthy for Sensitive Groups
11,17,9,433,21,54,83236,50968,22,24,2,Monday,36.666666666666664,Unhealthy for Sensitive Groups
12,19,10,444,20,57,83177,55760,23,24,2,Monday,40.0,Unhealthy for Sensitive Groups
11,17,9,450,20,58,83156,52799,0,25,2,Tuesday,36.666666666666664,Unhealthy for Sensitive Groups
12,18,10,445,19,60,83178,55393,1,25,2,Tuesday,40.0,Unhealthy for Sensitive Groups
15,22,11,449,19,61,83230,67351,2,25,2,Tuesday,50.0,Unhealthy
17,26,13,454,19,61,83282,77135,3,25,2,Tuesday,56.666666666666664,Unhealthy
25,40,18,450,21,57,83362,114336,4,25,2,Tuesday,83.33333333333334,Unhealthy
15,24,12,418,24,51,83442,70437,5,25,2,Tuesday,50.0,Unhealthy
17,27,13,416,26,48,83474,79208,6,25,2,Tuesday,56.666666666666664,Unhealthy
14,22,11,408,27,46,83441,64968,7,25,2,Tuesday,46.666666666666664,Unhealthy for Sensitive Groups
13,23,10,403,28,40,83371,59357,8,25,2,Tuesday,43.333333333333336,Unhealthy for Sensitive Groups
12,18,9,404,30,35,83251,53551,9,25,2,Tuesday,40.0,Unhealthy for Sensitive Groups
11,18,9,404,32,32,83158,52891,10,25,2,Tuesday,36.666666666666664,Unhealthy for Sensitive Groups
11,17,8,403,31,30,83046,48888,11,25,2,Tuesday,36.666666666666664,Unhealthy for Sensitive Groups
11,18,9,402,30,28,82972,52091,12,25,2,Tuesday,36.666666666666664,Unhealthy for Sensitive Groups
9,16,7,404,29,25,82955,41911,13,25,2,Tuesday,30.0,Unhealthy for Sensitive Groups
8,13,6,406,28,24,82978,36113,14,25,2,Tuesday,26.666666666666668,Moderate
9,15,7,410,26,27,83040,41397,15,25,2,Tuesday,30.0,Unhealthy for Sensitive Groups
11,19,9,414,25,31,83111,50814,16,25,2,Tuesday,36.666666666666664,Unhealthy for Sensitive Groups
13,22,11,418,24,35,83199,61241,17,25,2,Tuesday,43.333333333333336,Unhealthy for Sensitive Groups
25,40,19,430,23,40,83279,114436,18,25,2,Tuesday,83.33333333333334,Unhealthy
22,35,17,426,22,42,83318,105971,19,25,2,Tuesday,73.33333333333333,Unhealthy
15,23,12,429,22,44,83323,69304,20,25,2,Tuesday,50.0,Unhealthy
16,25,13,438,21,48,83289,75372,21,25,2,Tuesday,53.333333333333336,Unhealthy
18,27,14,445,20,51,83230,81291,22,25,2,Tuesday,60.0,Unhealthy
17,26,14,448,20,53,83185,77638,23,25,2,Tuesday,56.666666666666664,Unhealthy
18,27,14,455,19,55,83197,81279,0,26,2,Wednesday,60.0,Unhealthy
19,28,15,455,18,56,83225,85609,1,26,2,Wednesday,63.33333333333333,Unhealthy
18,27,14,455,18,56,83267,81102,2,26,2,Wednesday,60.0,Unhealthy
16,24,13,443,18,56,83316,73631,3,26,2,Wednesday,53.333333333333336,Unhealthy
17,27,14,436,21,50,83401,77781,4,26,2,Wednesday,56.666666666666664,Unhealthy
17,26,13,420,25,42,83483,76690,5,26,2,Wednesday,56.666666666666664,Unhealthy
17,26,13,412,27,37,83534,77263,6,26,2,Wednesday,56.666666666666664,Unhealthy
16,25,13,409,28,36,83511,75032,7,26,2,Wednesday,53.333333333333336,Unhealthy
15,23,12,408,29,33,83457,68178,8,26,2,Wednesday,50.0,Unhealthy
13,20,10,405,30,31,83367,59432,9,26,2,Wednesday,43.333333333333336,Unhealthy for Sensitive Groups
11,17,9,405,31,30,83271,51854,10,26,2,Wednesday,36.666666666666664,Unhealthy for Sensitive Groups
9,14,7,405,31,27,83162,42635,11,26,2,Wednesday,30.0,Unhealthy for Sensitive Groups
8,12,6,406,31,23,83092,36934,12,26,2,Wednesday,26.666666666666668,Moderate
8,13,6,405,30,25,83075,36500,13,26,2,Wednesday,26.666666666666668,Moderate
7,11,6,408,28,25,83099,32187,14,26,2,Wednesday,23.333333333333332,Moderate
8,13,6,412,26,28,83148,36238,15,26,2,Wednesday,26.666666666666668,Moderate
13,22,10,419,25,29,83222,55614,16,26,2,Wednesday,43.333333333333336,Unhealthy for Sensitive Groups
17,29,13,432,24,35,83292,77150,17,26,2,Wednesday,56.666666666666664,Unhealthy
19,30,15,431,23,37,83361,87749,18,26,2,Wednesday,63.33333333333333,Unhealthy
18,28,14,430,22,38,83415,82714,19,26,2,Wednesday,60.0,Unhealthy
18,28,14,441,22,42,83430,83946,20,26,2,Wednesday,60.0,Unhealthy
16,25,13,442,21,45,83391,75414,21,26,2,Wednesday,53.333333333333336,Unhealthy
15,23,12,441,20,47,83344,68667,22,26,2,Wednesday,50.0,Unhealthy
14,22,11,441,20,50,83315,65762,23,26,2,Wednesday,46.666666666666664,Unhealthy for Sensitive Groups
13,20,10,439,19,52,83312,61522,0,27,2,Thursday,43.333333333333336,Unhealthy for Sensitive Groups
13,20,10,442,19,54,83339,60302,1,27,2,Thursday,43.333333333333336,Unhealthy for Sensitive Groups
15,23,12,453,18,56,83386,68706,2,27,2,Thursday,50.0,Unhealthy
15,24,12,448,18,56,83439,71378,3,27,2,Thursday,50.0,Unhealthy
15,23,11,438,21,49,83478,67740,4,27,2,Thursday,50.0,Unhealthy
15,23,12,422,26,39,83486,68613,5,27,2,Thursday,50.0,Unhealthy
13,20,10,408,28,34,83503,61484,6,27,2,Thursday,43.333333333333336,Unhealthy for Sensitive Groups
12,18,10,406,30,30,83491,56348,7,27,2,Thursday,40.0,Unhealthy for Sensitive Groups
11,17,9,406,31,26,83438,50507,8,27,2,Thursday,36.666666666666664,Unhealthy for Sensitive Groups
10,15,8,409,33,21,83334,45376,9,27,2,Thursday,33.33333333333333,Unhealthy for Sensitive Groups
10,15,8,409,33,18,83210,46008,10,27,2,Thursday,33.33333333333333,Unhealthy for Sensitive Groups
8,13,6,409,33,17,83092,37862,11,27,2,Thursday,26.666666666666668,Moderate
8,14,7,408,32,16,83022,40062,12,27,2,Thursday,26.666666666666668,Moderate
10,16,8,409,31,20,82981,46619,13,27,2,Thursday,33.33333333333333,Unhealthy for Sensitive Groups
9,15,7,410,29,20,82986,41172,14,27,2,Thursday,30.0,Unhealthy for Sensitive Groups
10,16,7,413,28,19,83043,45355,15,27,2,Thursday,33.33333333333333,Unhealthy for Sensitive Groups
16,27,12,419,26,24,83113,72095,16,27,2,Thursday,53.333333333333336,Unhealthy
23,38,16,430,25,30,83188,104745,17,27,2,Thursday,76.66666666666667,Unhealthy
22,36,16,439,24,36,83244,103455,18,27,2,Thursday,73.33333333333333,Unhealthy
24,37,17,440,23,39,83306,115923,19,27,2,Thursday,80.0,Unhealthy
21,33,15,447,22,43,83342,103170,20,27,2,Thursday,70.0,Unhealthy
20,31,15,450,21,46,83342,97202,21,27,2,Thursday,66.66666666666666,Unhealthy
20,30,15,454,21,47,83297,96407,22,27,2,Thursday,66.66666666666666,Unhealthy
20,30,15,451,20,48,83264,91517,23,27,2,Thursday,66.66666666666666,Unhealthy
18,28,14,449,19,50,83256,84656,0,28,2,Friday,60.0,Unhealthy
19,29,15,460,19,52,83269,87732,1,28,2,Friday,63.33333333333333,Unhealthy
20,29,15,468,18,54,83313,89842,2,28,2,Friday,66.66666666666666,Unhealthy
20,30,15,462,18,55,83355,92815,3,28,2,Friday,66.66666666666666,Unhealthy
24,39,17,466,21,50,83389,112387,4,28,2,Friday,80.0,Unhealthy
20,32,15,425,25,44,83424,95755,5,28,2,Friday,66.66666666666666,Unhealthy
15,23,12,406,29,37,83435,69838,6,28,2,Friday,50.0,Unhealthy
14,22,11,405,31,31,83409,67103,7,28,2,Friday,46.666666666666664,Unhealthy for Sensitive Groups
13,21,10,406,33,24,83338,62214,8,28,2,Friday,43.333333333333336,Unhealthy for Sensitive Groups
16,24,12,407,33,20,83238,71445,9,28,2,Friday,53.333333333333336,Unhealthy
14,22,11,408,34,18,83118,66255,10,28,2,Friday,46.666666666666664,Unhealthy for Sensitive Groups
14,22,11,408,33,17,83023,64496,11,28,2,Friday,46.666666666666664,Unhealthy for Sensitive Groups
14,22,10,409,33,17,82976,62856,12,28,2,Friday,46.666666666666664,Unhealthy for Sensitive Groups
15,23,11,410,32,20,82972,67110,13,28,2,Friday,50.0,Unhealthy
16,24,12,412,30,25,82996,72479,14,28,2,Friday,53.333333333333336,Unhealthy
18,29,14,414,28,29,83033,81680,15,28,2,Friday,60.0,Unhealthy
24,39,17,420,27,33,83072,108090,16,28,2,Friday,80.0,Unhealthy
27,43,19,422,26,36,83117,127582,17,28,2,Friday,90.0,Unhealthy
28,44,20,427,25,39,83190,135897,18,28,2,Friday,93.33333333333333,Unhealthy
29,44,21,439,24,43,83244,139542,19,28,2,Friday,96.66666666666667,Unhealthy
31,48,23,443,23,45,83266,150458,20,28,2,Friday,103.33333333333334,Very Unhealthy
25,39,18,438,22,48,83244,120577,21,28,2,Friday,83.33333333333334,Unhealthy
24,37,18,443,22,51,83202,115712,22,28,2,Friday,80.0,Unhealthy
22,34,16,440,21,53,83144,108998,23,28,2,Friday,73.33333333333333,Unhealthy
20,32,15,443,20,56,83117,99769,0,1,3,Saturday,66.66666666666666,Unhealthy
21,32,15,444,20,57,83126,100724,1,1,3,Saturday,70.0,Unhealthy
23,35,17,457,20,58,83163,111246,2,1,3,Saturday,76.66666666666667,Unhealthy
25,38,18,466,19,60,83187,119649,3,1,3,Saturday,83.33333333333334,Unhealthy
28,43,21,462,22,56,83232,137584,4,1,3,Saturday,93.33333333333333,Unhealthy
24,38,18,418,25,53,83281,117399,5,1,3,Saturday,80.0,Unhealthy
19,29,15,403,26,50,83325,89184,6,1,3,Saturday,63.33333333333333,Unhealthy
20,32,15,404,29,43,83289,96195,7,1,3,Saturday,66.66666666666666,Unhealthy
20,33,15,403,30,33,83218,94510,8,1,3,Saturday,66.66666666666666,Unhealthy
20,33,15,404,32,29,83149,89594,9,1,3,Saturday,66.66666666666666,Unhealthy
19,31,14,405,32,27,83046,81895,10,1,3,Saturday,63.33333333333333,Unhealthy
18,30,14,406,33,26,82949,80265,11,1,3,Saturday,60.0,Unhealthy
20,33,15,406,32,28,82890,89408,12,1,3,Saturday,66.66666666666666,Unhealthy
20,31,14,408,31,30,82878,87784,13,1,3,Saturday,66.66666666666666,Unhealthy
19,29,14,409,30,32,82892,84196,14,1,3,Saturday,63.33333333333333,Unhealthy
17,27,14,413,28,31,82958,78469,15,1,3,Saturday,56.666666666666664,Unhealthy
20,32,15,418,27,33,83021,89147,16,1,3,Saturday,66.66666666666666,Unhealthy
21,35,15,421,26,37,83089,99659,17,1,3,Saturday,70.0,Unhealthy
22,36,16,424,25,40,83180,104137,18,1,3,Saturday,73.33333333333333,Unhealthy
22,36,15,428,24,43,83240,103105,19,1,3,Saturday,73.33333333333333,Unhealthy
24,39,17,428,23,46,83247,112922,20,1,3,Saturday,80.0,Unhealthy
26,41,18,431,23,50,83233,120375,21,1,3,Saturday,86.66666666666667,Unhealthy
22,35,16,428,22,53,83191,105763,22,1,3,Saturday,73.33333333333333,Unhealthy
23,36,17,433,22,56,83150,110193,23,1,3,Saturday,76.66666666666667,Unhealthy
22,34,16,427,21,58,83131,103659,0,2,3,Sunday,73.33333333333333,Unhealthy
22,34,16,430,21,60,83158,107262,1,2,3,Sunday,73.33333333333333,Unhealthy
23,36,17,439,20,62,83190,112652,2,2,3,Sunday,76.66666666666667,Unhealthy
23,36,17,443,20,62,83233,113934,3,2,3,Sunday,76.66666666666667,Unhealthy
25,38,19,445,21,61,83280,120541,4,2,3,Sunday,83.33333333333334,Unhealthy
35,54,26,423,24,58,83322,169609,5,2,3,Sunday,116.66666666666667,Very Unhealthy
25,39,19,412,27,50,83356,120101,6,2,3,Sunday,83.33333333333334,Unhealthy
25,39,19,410,29,45,83347,122987,7,2,3,Sunday,83.33333333333334,Unhealthy
25,39,18,407,29,42,83300,119630,8,2,3,Sunday,83.33333333333334,Unhealthy
22,34,16,404,30,39,83202,106093,9,2,3,Sunday,73.33333333333333,Unhealthy
20,32,15,404,31,35,83084,94742,10,2,3,Sunday,66.66666666666666,Unhealthy
18,28,14,405,31,32,82992,80885,11,2,3,Sunday,60.0,Unhealthy
16,25,13,406,31,31,82942,75807,12,2,3,Sunday,53.333333333333336,Unhealthy
15,24,12,407,30,30,82920,70474,13,2,3,Sunday,50.0,Unhealthy
16,25,13,409,29,33,82932,73726,14,2,3,Sunday,53.333333333333336,Unhealthy
17,26,13,413,27,35,82971,78529,15,2,3,Sunday,56.666666666666664,Unhealthy
26,41,19,418,26,40,83035,124050,16,2,3,Sunday,86.66666666666667,Unhealthy
23,36,16,421,25,43,83114,108676,17,2,3,Sunday,76.66666666666667,Unhealthy
21,33,15,423,24,42,83188,100567,18,2,3,Sunday,70.0,Unhealthy
20,32,15,428,23,46,83254,93357,19,2,3,Sunday,66.66666666666666,Unhealthy
22,35,16,437,23,50,83266,102830,20,2,3,Sunday,73.33333333333333,Unhealthy
22,34,16,432,22,53,83251,104948,21,2,3,Sunday,73.33333333333333,Unhealthy
22,33,16,424,22,58,83226,104636,22,2,3,Sunday,73.33333333333333,Unhealthy
22,33,16,422,21,63,83193,105801,23,2,3,Sunday,73.33333333333333,Unhealthy
22,35,17,435,21,64,83161,110127,0,3,3,Monday,73.33333333333333,Unhealthy
25,38,18,423,20,68,83154,121270,1,3,3,Monday,83.33333333333334,Unhealthy
24,37,18,426,20,67,83178,116531,2,3,3,Monday,80.0,Unhealthy
24,37,18,428,20,67,83188,115697,3,3,3,Monday,80.0,Unhealthy
27,42,20,437,22,61,83258,130605,4,3,3,Monday,90.0,Unhealthy
25,38,19,414,25,55,83282,119810,5,3,3,Monday,83.33333333333334,Unhealthy
24,36,17,410,27,48,83311,114157,6,3,3,Monday,80.0,Unhealthy
21,34,15,410,29,36,83279,100245,7,3,3,Monday,70.0,Unhealthy
17,26,13,407,31,27,83242,76167,8,3,3,Monday,56.666666666666664,Unhealthy
18,28,14,407,31,25,83146,81681,9,3,3,Monday,60.0,Unhealthy
15,24,12,408,32,23,83031,70771,10,3,3,Monday,50.0,Unhealthy
12,20,10,408,32,22,82933,58204,11,3,3,Monday,40.0,Unhealthy for Sensitive Groups
10,15,7,408,32,20,82853,44773,12,3,3,Monday,33.33333333333333,Unhealthy for Sensitive Groups
11,18,9,408,31,23,82812,52049,13,3,3,Monday,36.666666666666664,Unhealthy for Sensitive Groups
11,18,9,410,30,26,82823,52665,14,3,3,Monday,36.666666666666664,Unhealthy for Sensitive Groups
15,24,12,413,28,30,82869,68769,15,3,3,Monday,50.0,Unhealthy
16,25,12,416,26,34,82939,71114,16,3,3,Monday,53.333333333333336,Unhealthy
16,25,12,417,25,39,83020,72157,17,3,3,Monday,53.333333333333336,Unhealthy
16,24,12,417,24,43,83086,72473,18,3,3,Monday,53.333333333333336,Unhealthy
17,26,14,420,24,46,83151,78009,19,3,3,Monday,56.666666666666664,Unhealthy
19,29,15,424,23,49,83176,85744,20,3,3,Monday,63.33333333333333,Unhealthy
20,31,15,426,22,52,83186,92556,21,3,3,Monday,66.66666666666666,Unhealthy
20,30,15,431,22,55,83160,91023,22,3,3,Monday,66.66666666666666,Unhealthy
20,30,15,430,21,58,83138,93953,23,3,3,Monday,66.66666666666666,Unhealthy
20,30,15,428,21,61,83118,96386,0,4,3,Tuesday,66.66666666666666,Unhealthy
20,30,15,447,20,63,83143,96009,1,4,3,Tuesday,66.66666666666666,Unhealthy
20,31,15,434,20,65,83187,100712,2,4,3,Tuesday,66.66666666666666,Unhealthy
22,33,16,430,21,64,83235,106248,3,4,3,Tuesday,73.33333333333333,Unhealthy
23,36,17,424,23,60,83273,112568,4,4,3,Tuesday,76.66666666666667,Unhealthy
23,35,17,419,25,56,83302,109687,5,4,3,Tuesday,76.66666666666667,Unhealthy
21,31,15,420,26,52,83318,99390,6,4,3,Tuesday,70.0,Unhealthy
19,29,15,410,29,43,83281,87201,7,4,3,Tuesday,63.33333333333333,Unhealthy
19,29,15,408,30,35,83222,87678,8,4,3,Tuesday,63.33333333333333,Unhealthy
18,29,14,408,31,30,83148,86071,9,4,3,Tuesday,60.0,Unhealthy
12,19,10,406,32,28,83053,55983,10,4,3,Tuesday,40.0,Unhealthy for Sensitive Groups
11,17,9,407,32,27,82973,50800,11,4,3,Tuesday,36.666666666666664,Unhealthy for Sensitive Groups
10,15,8,407,31,28,82921,47629,12,4,3,Tuesday,33.33333333333333,Unhealthy for Sensitive Groups
10,15,8,406,30,28,82882,46149,13,4,3,Tuesday,33.33333333333333,Unhealthy for Sensitive Groups
9,15,7,408,29,29,82885,44628,14,4,3,Tuesday,30.0,Unhealthy for Sensitive Groups
13,20,10,411,27,33,82918,57648,15,4,3,Tuesday,43.333333333333336,Unhealthy for Sensitive Groups
23,38,16,416,26,38,82979,99830,16,4,3,Tuesday,76.66666666666667,Unhealthy
24,39,17,417,25,42,83036,104997,17,4,3,Tuesday,80.0,Unhealthy
18,29,14,417,24,46,83117,83856,18,4,3,Tuesday,60.0,Unhealthy
16,25,12,418,24,48,83178,74193,19,4,3,Tuesday,53.333333333333336,Unhealthy
14,22,11,418,24,50,83201,65544,20,4,3,Tuesday,46.666666666666664,Unhealthy for Sensitive Groups
13,20,10,419,23,51,83175,60657,21,4,3,Tuesday,43.333333333333336,Unhealthy for Sensitive Groups
12,19,10,417,23,52,83141,57239,22,4,3,Tuesday,40.0,Unhealthy for Sensitive Groups
14,21,11,419,22,57,83129,64781,23,4,3,Tuesday,46.666666666666664,Unhealthy for Sensitive Groups
15,23,12,417,21,62,83112,68898,0,5,3,Wednesday,50.0,Unhealthy
15,23,12,418,22,64,83123,71170,1,5,3,Wednesday,50.0,Unhealthy
17,26,14,422,22,64,83154,78662,2,5,3,Wednesday,56.666666666666664,Unhealthy
19,30,15,424,21,65,83183,88261,3,5,3,Wednesday,63.33333333333333,Unhealthy
21,35,16,420,22,63,83260,100988,4,5,3,Wednesday,70.0,Unhealthy
18,27,14,415,24,59,83311,81489,5,5,3,Wednesday,60.0,Unhealthy
16,25,13,409,26,52,83324,75152,6,5,3,Wednesday,53.333333333333336,Unhealthy
19,28,14,408,27,48,83307,86558,7,5,3,Wednesday,63.33333333333333,Unhealthy
20,32,15,406,28,44,83248,97014,8,5,3,Wednesday,66.66666666666666,Unhealthy
14,22,11,406,30,38,83152,66926,9,5,3,Wednesday,46.666666666666664,Unhealthy for Sensitive Groups
11,17,9,406,32,31,83050,52753,10,5,3,Wednesday,36.666666666666664,Unhealthy for Sensitive Groups
10,15,8,405,31,30,82980,45441,11,5,3,Wednesday,33.33333333333333,Unhealthy for Sensitive Groups
8,13,6,405,31,29,82934,39460,12,5,3,Wednesday,26.666666666666668,Moderate
8,12,6,405,30,29,82933,37007,13,5,3,Wednesday,26.666666666666668,Moderate
8,13,6,408,29,31,82966,37785,14,5,3,Wednesday,26.666666666666668,Moderate
11,18,9,412,27,33,82986,50224,15,5,3,Wednesday,36.666666666666664,Unhealthy for Sensitive Groups
20,33,15,417,26,36,83051,85536,16,5,3,Wednesday,66.66666666666666,Unhealthy
20,33,15,418,25,39,83113,87167,17,5,3,Wednesday,66.66666666666666,Unhealthy
17,28,13,419,24,41,83181,77171,18,5,3,Wednesday,56.666666666666664,Unhealthy
18,28,14,425,24,44,83222,79866,19,5,3,Wednesday,60.0,Unhealthy
19,31,14,433,23,47,83236,85694,20,5,3,Wednesday,63.33333333333333,Unhealthy
18,29,14,434,22,50,83196,84005,21,5,3,Wednesday,60.0,Unhealthy
14,21,11,425,21,51,83156,63417,22,5,3,Wednesday,46.666666666666664,Unhealthy for Sensitive Groups
11,17,9,422,21,53,83147,53472,23,5,3,Wednesday,36.666666666666664,Unhealthy for Sensitive Groups
13,19,10,426,20,55,83157,58150,0,6,3,Thursday,43.333333333333336,Unhealthy for Sensitive Groups
15,22,11,429,20,58,83192,67158,1,6,3,Thursday,50.0,Unhealthy
15,23,12,432,19,61,83229,68390,2,6,3,Thursday,50.0,Unhealthy
16,24,13,441,19,62,83277,73616,3,6,3,Thursday,53.333333333333336,Unhealthy
20,31,15,448,21,59,83337,92932,4,6,3,Thursday,66.66666666666666,Unhealthy
16,24,12,416,24,54,83370,72327,5,6,3,Thursday,53.333333333333336,Unhealthy
13,19,10,411,27,48,83383,59907,6,6,3,Thursday,43.333333333333336,Unhealthy for Sensitive Groups
13,19,10,407,28,44,83353,58998,7,6,3,Thursday,43.333333333333336,Unhealthy for Sensitive Groups
15,23,11,406,30,38,83296,68145,8,6,3,Thursday,50.0,Unhealthy
16,26,13,406,30,33,83185,74887,9,6,3,Thursday,53.333333333333336,Unhealthy
9,14,7,407,32,28,83043,44091,10,6,3,Thursday,30.0,Unhealthy for Sensitive Groups
7,11,6,407,33,24,82955,34657,11,6,3,Thursday,23.333333333333332,Moderate
7,11,6,408,32,23,82904,34084,12,6,3,Thursday,23.333333333333332,Moderate
7,11,6,408,31,25,82885,33489,13,6,3,Thursday,23.333333333333332,Moderate
6,9,5,410,30,27,82916,28473,14,6,3,Thursday,20.0,Moderate
7,11,5,414,28,31,82982,31692,15,6,3,Thursday,23.333333333333332,Moderate
13,22,10,427,27,36,83058,58803,16,6,3,Thursday,43.333333333333336,Unhealthy for Sensitive Groups
14,24,11,430,25,36,83116,66283,17,6,3,Thursday,46.666666666666664,Unhealthy for Sensitive Groups
16,27,13,428,25,40,83176,71996,18,6,3,Thursday,53.333333333333336,Unhealthy
11,18,9,422,24,42,83231,51156,19,6,3,Thursday,36.666666666666664,Unhealthy for Sensitive Groups
14,22,11,424,24,45,83256,66236,20,6,3,Thursday,46.666666666666664,Unhealthy for Sensitive Groups
16,25,13,426,23,48,83237,74540,21,6,3,Thursday,53.333333333333336,Unhealthy
17,26,13,429,23,50,83185,76940,22,6,3,Thursday,56.666666666666664,Unhealthy
14,21,11,429,23,52,83155,62835,23,6,3,Thursday,46.666666666666664,Unhealthy for Sensitive Groups
14,21,11,420,22,57,83177,62532,0,7,3,Friday,46.666666666666664,Unhealthy for Sensitive Groups
14,21,11,417,21,64,83197,62591,1,7,3,Friday,46.666666666666664,Unhealthy for Sensitive Groups
15,22,11,418,21,69,83241,67486,2,7,3,Friday,50.0,Unhealthy
15,23,12,428,21,67,83266,69434,3,7,3,Friday,50.0,Unhealthy
18,28,14,429,22,64,83312,84578,4,7,3,Friday,60.0,Unhealthy
19,29,14,416,24,60,83343,86053,5,7,3,Friday,63.33333333333333,Unhealthy
16,24,13,411,27,50,83341,72865,6,7,3,Friday,53.333333333333336,Unhealthy
18,29,14,408,28,45,83307,85555,7,7,3,Friday,60.0,Unhealthy
17,27,14,407,31,39,83214,79802,8,7,3,Friday,56.666666666666664,Unhealthy
17,27,14,406,32,35,83105,78271,9,7,3,Friday,56.666666666666664,Unhealthy
16,25,13,407,32,33,82982,73507,10,7,3,Friday,53.333333333333336,Unhealthy
13,21,10,407,32,31,82887,60145,11,7,3,Friday,43.333333333333336,Unhealthy for Sensitive Groups
10,17,8,406,33,28,82837,47886,12,7,3,Friday,33.33333333333333,Unhealthy for Sensitive Groups
10,17,8,407,31,30,82809,48438,13,7,3,Friday,33.33333333333333,Unhealthy for Sensitive Groups
13,21,11,411,30,35,82838,61002,14,7,3,Friday,43.333333333333336,Unhealthy for Sensitive Groups
14,23,10,414,29,36,82890,61853,15,7,3,Friday,46.666666666666664,Unhealthy for Sensitive Groups
14,24,10,418,28,37,82957,61989,16,7,3,Friday,46.666666666666664,Unhealthy for Sensitive Groups
14,22,11,418,27,38,83053,64710,17,7,3,Friday,46.666666666666664,Unhealthy for Sensitive Groups
18,28,14,420,27,42,83109,79209,18,7,3,Friday,60.0,Unhealthy
14,22,10,417,25,50,83169,61896,19,7,3,Friday,46.666666666666664,Unhealthy for Sensitive Groups
15,24,11,421,24,62,83182,66185,20,7,3,Friday,50.0,Unhealthy
13,20,10,417,23,59,83155,59289,21,7,3,Friday,43.333333333333336,Unhealthy for Sensitive Groups
13,20,10,418,23,59,83104,60204,22,7,3,Friday,43.333333333333336,Unhealthy for Sensitive Groups
14,21,11,418,23,59,83057,64849,23,7,3,Friday,46.666666666666664,Unhealthy for Sensitive Groups
15,23,12,419,23,61,83014,68575,0,8,3,Saturday,50.0,Unhealthy
15,23,12,423,23,62,83016,70505,1,8,3,Saturday,50.0,Unhealthy
16,24,13,420,22,64,83063,72885,2,8,3,Saturday,53.333333333333336,Unhealthy
16,25,13,421,22,67,83124,74463,3,8,3,Saturday,53.333333333333336,Unhealthy
18,27,14,420,23,68,83150,83243,4,8,3,Saturday,60.0,Unhealthy
20,31,15,413,23,66,83176,95160,5,8,3,Saturday,66.66666666666666,Unhealthy
19,29,14,412,26,56,83149,87341,6,8,3,Saturday,63.33333333333333,Unhealthy
21,32,15,409,27,53,83125,98189,7,8,3,Saturday,70.0,Unhealthy
21,33,15,407,29,47,83079,98172,8,8,3,Saturday,70.0,Unhealthy
20,33,15,407,30,42,82974,95028,9,8,3,Saturday,66.66666666666666,Unhealthy
18,28,14,406,31,39,82848,82067,10,8,3,Saturday,60.0,Unhealthy
14,22,10,406,31,36,82747,62016,11,8,3,Saturday,46.666666666666664,Unhealthy for Sensitive Groups
13,21,10,405,31,35,82691,59464,12,8,3,Saturday,43.333333333333336,Unhealthy for Sensitive Groups
12,20,10,406,31,36,82668,56369,13,8,3,Saturday,40.0,Unhealthy for Sensitive Groups
14,23,11,409,29,39,82698,63801,14,8,3,Saturday,46.666666666666664,Unhealthy for Sensitive Groups
16,25,13,413,28,42,82751,72863,15,8,3,Saturday,53.333333333333336,Unhealthy
18,30,14,417,27,45,82848,82456,16,8,3,Saturday,60.0,Unhealthy
18,29,14,421,27,47,82928,82375,17,8,3,Saturday,60.0,Unhealthy
19,28,15,421,26,49,82986,85256,18,8,3,Saturday,63.33333333333333,Unhealthy
16,25,13,420,26,50,83024,75834,19,8,3,Saturday,53.333333333333336,Unhealthy
12,19,10,417,25,51,83053,55602,20,8,3,Saturday,40.0,Unhealthy for Sensitive Groups
12,18,9,416,24,54,83044,53594,21,8,3,Saturday,40.0,Unhealthy for Sensitive Groups
13,20,10,416,24,57,82984,58480,22,8,3,Saturday,43.333333333333336,Unhealthy for Sensitive Groups
13,20,10,417,24,59,82940,61224,23,8,3,Saturday,43.333333333333336,Unhealthy for Sensitive Groups
14,22,11,419,23,62,82920,65827,0,9,3,Sunday,46.666666666666664,Unhealthy for Sensitive Groups
15,23,12,420,23,64,82940,70000,1,9,3,Sunday,50.0,Unhealthy
16,25,13,423,23,65,82982,74798,2,9,3,Sunday,53.333333333333336,Unhealthy
16,25,13,419,22,68,83058,74454,3,9,3,Sunday,53.333333333333336,Unhealthy
19,29,15,421,23,69,83125,87435,4,9,3,Sunday,63.33333333333333,Unhealthy
22,35,17,416,24,66,83168,108129,5,9,3,Sunday,73.33333333333333,Unhealthy
19,29,15,412,27,55,83191,89561,6,9,3,Sunday,63.33333333333333,Unhealthy
13,20,10,409,30,46,83164,60857,7,9,3,Sunday,43.333333333333336,Unhealthy for Sensitive Groups
13,19,10,408,31,40,83080,58509,8,9,3,Sunday,43.333333333333336,Unhealthy for Sensitive Groups
14,21,11,409,32,37,82971,62762,9,9,3,Sunday,46.666666666666664,Unhealthy for Sensitive Groups
14,21,11,409,32,36,82847,63559,10,9,3,Sunday,46.666666666666664,Unhealthy for Sensitive Groups
12,18,9,410,33,33,82741,54973,11,9,3,Sunday,40.0,Unhealthy for Sensitive Groups
11,18,9,410,32,32,82674,52491,12,9,3,Sunday,36.666666666666664,Unhealthy for Sensitive Groups
17,26,13,414,30,42,82680,76019,13,9,3,Sunday,56.666666666666664,Unhealthy
14,21,11,415,29,44,82718,64827,14,9,3,Sunday,46.666666666666664,Unhealthy for Sensitive Groups
14,21,11,419,28,47,82779,64026,15,9,3,Sunday,46.666666666666664,Unhealthy for Sensitive Groups
21,33,16,423,27,51,82889,100755,16,9,3,Sunday,70.0,Unhealthy
9,15,7,419,25,60,83037,43114,17,9,3,Sunday,30.0,Unhealthy for Sensitive Groups
10,15,8,424,23,68,83123,44757,18,9,3,Sunday,33.33333333333333,Unhealthy for Sensitive Groups
10,15,8,427,23,68,83167,45838,19,9,3,Sunday,33.33333333333333,Unhealthy for Sensitive Groups
11,16,8,433,23,69,83168,48912,20,9,3,Sunday,36.666666666666664,Unhealthy for Sensitive Groups
9,14,7,429,23,70,83135,42116,21,9,3,Sunday,30.0,Unhealthy for Sensitive Groups
9,13,7,437,22,71,83091,41136,22,9,3,Sunday,30.0,Unhealthy for Sensitive Groups
5,7,4,426,22,72,83048,23368,23,9,3,Sunday,16.666666666666664,Moderate
5,8,4,427,22,71,83025,24088,0,10,3,Monday,16.666666666666664,Moderate
2,4,2,421,21,70,83062,12646,1,10,3,Monday,6.666666666666667,Good
2,4,2,424,21,70,83107,13177,2,10,3,Monday,6.666666666666667,Good
4,6,3,435,21,71,83218,18885,3,10,3,Monday,13.333333333333334,Good
3,5,2,429,21,70,83317,17265,4,10,3,Monday,10.0,Good
6,9,5,429,22,70,83340,28390,5,10,3,Monday,20.0,Moderate
6,9,5,422,22,69,83336,30365,6,10,3,Monday,20.0,Moderate
4,7,3,415,25,62,83315,23151,7,10,3,Monday,13.333333333333334,Good
3,5,2,411,27,56,83269,16891,8,10,3,Monday,10.0,Good
2,3,2,410,28,51,83176,10913,9,10,3,Monday,6.666666666666667,Good
2,3,2,410,29,47,83074,9218,10,10,3,Monday,6.666666666666667,Good
2,3,2,410,30,44,82967,10744,11,10,3,Monday,6.666666666666667,Good
3,5,2,409,29,48,82907,17024,12,10,3,Monday,10.0,Good
3,4,2,412,28,48,82898,14120,13,10,3,Monday,10.0,Good
4,7,3,416,27,52,82952,21550,14,10,3,Monday,13.333333333333334,Good
5,8,4,423,26,57,83048,26559,15,10,3,Monday,16.666666666666664,Moderate
5,8,4,437,23,66,83122,25934,16,10,3,Monday,16.666666666666664,Moderate
11,17,9,446,23,69,83184,53863,17,10,3,Monday,36.666666666666664,Unhealthy for Sensitive Groups
17,26,13,439,23,69,83224,80721,18,10,3,Monday,56.666666666666664,Unhealthy
17,26,14,453,23,69,83254,82538,19,10,3,Monday,56.666666666666664,Unhealthy
15,22,12,472,22,71,83220,70555,20,10,3,Monday,50.0,Unhealthy
14,22,11,488,22,71,83185,68402,21,10,3,Monday,46.666666666666664,Unhealthy for Sensitive Groups
15,22,12,499,22,72,83123,69620,22,10,3,Monday,50.0,Unhealthy
14,22,11,508,21,71,83086,67597,23,10,3,Monday,46.666666666666664,Unhealthy for Sensitive Groups
12,19,10,508,21,71,83059,56705,0,11,3,Tuesday,40.0,Unhealthy for Sensitive Groups
11,17,9,515,21,71,83096,50987,1,11,3,Tuesday,36.666666666666664,Unhealthy for Sensitive Groups
11,17,9,492,20,71,83165,52030,2,11,3,Tuesday,36.666666666666664,Unhealthy for Sensitive Groups
11,16,9,491,21,72,83214,51309,3,11,3,Tuesday,36.666666666666664,Unhealthy for Sensitive Groups
12,18,10,459,20,72,83270,56078,4,11,3,Tuesday,40.0,Unhealthy for Sensitive Groups
16,25,13,451,21,73,83306,76272,5,11,3,Tuesday,53.333333333333336,Unhealthy
15,22,12,425,23,69,83278,69048,6,11,3,Tuesday,50.0,Unhealthy
10,15,8,413,27,58,83219,46729,7,11,3,Tuesday,33.33333333333333,Unhealthy for Sensitive Groups
9,14,7,408,28,53,83158,44940,8,11,3,Tuesday,30.0,Unhealthy for Sensitive Groups
13,20,10,409,29,51,83069,60976,9,11,3,Tuesday,43.333333333333336,Unhealthy for Sensitive Groups
8,12,6,407,29,47,82978,37447,10,11,3,Tuesday,26.666666666666668,Moderate
7,11,6,407,29,44,82891,33830,11,11,3,Tuesday,23.333333333333332,Moderate
4,7,3,409,30,40,82851,21204,12,11,3,Tuesday,13.333333333333334,Good
4,6,3,409,29,43,82849,20489,13,11,3,Tuesday,13.333333333333334,Good
4,7,3,415,28,45,82892,22095,14,11,3,Tuesday,13.333333333333334,Good
6,9,5,418,26,47,82928,28152,15,11,3,Tuesday,20.0,Moderate
10,15,8,432,25,54,82993,46946,16,11,3,Tuesday,33.33333333333333,Unhealthy for Sensitive Groups
13,20,10,446,24,59,83068,61952,17,11,3,Tuesday,43.333333333333336,Unhealthy for Sensitive Groups
16,24,12,460,23,62,83115,73291,18,11,3,Tuesday,53.333333333333336,Unhealthy
11,17,9,428,22,67,83218,53558,19,11,3,Tuesday,36.666666666666664,Unhealthy for Sensitive Groups
5,8,4,427,22,71,83250,24734,20,11,3,Tuesday,16.666666666666664,Moderate
7,10,5,435,22,71,83182,31993,21,11,3,Tuesday,23.333333333333332,Moderate
8,12,6,451,22,71,83134,37397,22,11,3,Tuesday,26.666666666666668,Moderate
10,15,8,472,22,73,83101,50213,23,11,3,Tuesday,33.33333333333333,Unhealthy for Sensitive Groups
10,15,8,482,21,74,83073,46755,0,12,3,Wednesday,33.33333333333333,Unhealthy for Sensitive Groups
10,16,8,493,21,74,83070,49503,1,12,3,Wednesday,33.33333333333333,Unhealthy for Sensitive Groups
13,19,10,496,21,73,83099,60141,2,12,3,Wednesday,43.333333333333336,Unhealthy for Sensitive Groups
13,19,10,514,21,73,83141,59957,3,12,3,Wednesday,43.333333333333336,Unhealthy for Sensitive Groups
18,27,14,512,21,73,83224,85678,4,12,3,Wednesday,60.0,Unhealthy
23,35,17,479,23,72,83294,111043,5,12,3,Wednesday,76.66666666666667,Unhealthy
25,38,20,433,23,70,83339,125614,6,12,3,Wednesday,83.33333333333334,Unhealthy
24,37,18,423,24,67,83311,119351,7,12,3,Wednesday,80.0,Unhealthy
23,35,17,419,25,62,83268,115529,8,12,3,Wednesday,76.66666666666667,Unhealthy
12,18,10,412,27,56,83205,57263,9,12,3,Wednesday,40.0,Unhealthy for Sensitive Groups
9,14,7,406,28,51,83103,42273,10,12,3,Wednesday,30.0,Unhealthy for Sensitive Groups
8,12,6,405,28,50,83017,37959,11,12,3,Wednesday,26.666666666666668,Moderate
6,10,5,407,28,45,82929,30708,12,12,3,Wednesday,20.0,Moderate
6,10,5,407,28,46,82875,31086,13,12,3,Wednesday,20.0,Moderate
6,10,5,410,25,51,82927,29200,14,12,3,Wednesday,20.0,Moderate
9,13,7,415,23,57,83000,40492,15,12,3,Wednesday,30.0,Unhealthy for Sensitive Groups
10,16,8,421,23,61,83085,47972,16,12,3,Wednesday,33.33333333333333,Unhealthy for Sensitive Groups
15,22,11,426,23,63,83184,67700,17,12,3,Wednesday,50.0,Unhealthy
14,21,11,428,23,66,83214,64563,18,12,3,Wednesday,46.666666666666664,Unhealthy for Sensitive Groups
16,24,13,436,22,68,83219,72335,19,12,3,Wednesday,53.333333333333336,Unhealthy
19,29,14,441,22,69,83222,88076,20,12,3,Wednesday,63.33333333333333,Unhealthy
15,23,12,453,22,70,83199,69031,21,12,3,Wednesday,50.0,Unhealthy
16,24,13,442,22,72,83147,72100,22,12,3,Wednesday,53.333333333333336,Unhealthy
15,23,12,448,21,73,83108,69486,23,12,3,Wednesday,50.0,Unhealthy
14,22,11,453,21,73,83104,66198,0,13,3,Thursday,46.666666666666664,Unhealthy for Sensitive Groups
16,25,13,440,21,75,83109,74690,1,13,3,Thursday,53.333333333333336,Unhealthy
17,25,13,443,21,75,83154,76700,2,13,3,Thursday,56.666666666666664,Unhealthy
18,27,14,438,21,76,83206,81612,3,13,3,Thursday,60.0,Unhealthy
20,30,15,441,21,75,83265,93937,4,13,3,Thursday,66.66666666666666,Unhealthy
20,31,15,446,22,72,83347,99706,5,13,3,Thursday,66.66666666666666,Unhealthy
17,26,14,425,23,68,83373,79567,6,13,3,Thursday,56.666666666666664,Unhealthy
17,25,13,420,24,62,83339,76859,7,13,3,Thursday,56.666666666666664,Unhealthy
15,22,12,417,27,54,83295,69228,8,13,3,Thursday,50.0,Unhealthy
14,21,11,413,28,49,83194,65934,9,13,3,Thursday,46.666666666666664,Unhealthy for Sensitive Groups
11,16,8,410,29,43,83072,50638,10,13,3,Thursday,36.666666666666664,Unhealthy for Sensitive Groups
9,14,7,407,29,41,82974,44514,11,13,3,Thursday,30.0,Unhealthy for Sensitive Groups
8,13,6,406,29,40,82940,39293,12,13,3,Thursday,26.666666666666668,Moderate
7,11,6,406,28,41,82903,35195,13,13,3,Thursday,23.333333333333332,Moderate
7,11,6,408,28,43,82911,32878,14,13,3,Thursday,23.333333333333332,Moderate
9,15,7,413,26,48,82958,43109,15,13,3,Thursday,30.0,Unhealthy for Sensitive Groups
13,20,10,421,25,55,83023,59382,16,13,3,Thursday,43.333333333333336,Unhealthy for Sensitive Groups
18,27,14,429,24,59,83100,82463,17,13,3,Thursday,60.0,Unhealthy
19,29,15,447,23,63,83173,89549,18,13,3,Thursday,63.33333333333333,Unhealthy
24,36,18,458,22,64,83224,115298,19,13,3,Thursday,80.0,Unhealthy
23,35,17,449,22,64,83245,109472,20,13,3,Thursday,76.66666666666667,Unhealthy
18,28,14,432,22,63,83210,85243,21,13,3,Thursday,60.0,Unhealthy
15,22,12,426,22,64,83167,68623,22,13,3,Thursday,50.0,Unhealthy
12,19,10,431,21,65,83140,58310,23,13,3,Thursday,40.0,Unhealthy for Sensitive Groups
12,19,10,456,21,67,83123,58487,0,14,3,Friday,40.0,Unhealthy for Sensitive Groups
12,18,10,458,20,68,83137,55406,1,14,3,Friday,40.0,Unhealthy for Sensitive Groups
13,19,10,470,20,68,83140,58330,2,14,3,Friday,43.333333333333336,Unhealthy for Sensitive Groups
17,26,14,485,19,68,83159,79629,3,14,3,Friday,56.666666666666664,Unhealthy
20,31,15,481,23,61,83176,97106,4,14,3,Friday,66.66666666666666,Unhealthy
15,22,12,429,26,54,83215,67951,5,14,3,Friday,50.0,Unhealthy
11,16,9,414,28,44,83232,50869,6,14,3,Friday,36.666666666666664,Unhealthy for Sensitive Groups
9,14,7,410,29,36,83194,43102,7,14,3,Friday,30.0,Unhealthy for Sensitive Groups
9,14,7,408,31,31,83111,42701,8,14,3,Friday,30.0,Unhealthy for Sensitive Groups
7,11,6,406,32,26,83012,34874,9,14,3,Friday,23.333333333333332,Moderate
7,11,6,408,33,24,82911,35552,10,14,3,Friday,23.333333333333332,Moderate
7,12,6,408,32,25,82834,35745,11,14,3,Friday,23.333333333333332,Moderate
5,9,4,408,32,24,82785,25926,12,14,3,Friday,16.666666666666664,Moderate
5,7,4,408,31,26,82751,23202,13,14,3,Friday,16.666666666666664,Moderate
5,9,4,409,29,29,82773,26449,14,14,3,Friday,16.666666666666664,Moderate
6,10,5,416,28,31,82821,30184,15,14,3,Friday,20.0,Moderate
9,16,7,425,26,34,82863,44038,16,14,3,Friday,30.0,Unhealthy for Sensitive Groups
14,22,11,428,25,39,82952,64822,17,14,3,Friday,46.666666666666664,Unhealthy for Sensitive Groups
14,22,11,441,24,45,83032,66696,18,14,3,Friday,46.666666666666664,Unhealthy for Sensitive Groups
18,28,14,446,23,48,83107,84836,19,14,3,Friday,60.0,Unhealthy
17,25,14,445,23,51,83176,77417,20,14,3,Friday,56.666666666666664,Unhealthy
17,25,13,455,22,54,83145,77143,21,14,3,Friday,56.666666666666664,Unhealthy
17,26,14,458,22,57,83132,79697,22,14,3,Friday,56.666666666666664,Unhealthy
15,23,12,462,21,59,83106,70278,23,14,3,Friday,50.0,Unhealthy
13,20,10,454,21,60,83082,62045,0,15,3,Saturday,43.333333333333336,Unhealthy for Sensitive Groups
12,18,10,452,20,62,83102,56484,1,15,3,Saturday,40.0,Unhealthy for Sensitive Groups
14,22,11,447,20,63,83150,67441,2,15,3,Saturday,46.666666666666664,Unhealthy for Sensitive Groups
19,29,15,455,20,64,83226,88530,3,15,3,Saturday,63.33333333333333,Unhealthy
17,26,13,447,22,59,83287,77753,4,15,3,Saturday,56.666666666666664,Unhealthy
16,24,13,421,25,53,83339,73101,5,15,3,Saturday,53.333333333333336,Unhealthy
14,22,11,414,26,52,83394,66869,6,15,3,Saturday,46.666666666666664,Unhealthy for Sensitive Groups
13,21,11,410,28,45,83372,62343,7,15,3,Saturday,43.333333333333336,Unhealthy for Sensitive Groups
13,21,11,406,30,42,83254,62072,8,15,3,Saturday,43.333333333333336,Unhealthy for Sensitive Groups
10,16,8,403,31,36,83156,47213,9,15,3,Saturday,33.33333333333333,Unhealthy for Sensitive Groups
9,14,7,402,32,33,83054,42552,10,15,3,Saturday,30.0,Unhealthy for Sensitive Groups
8,12,6,402,32,31,82979,38049,11,15,3,Saturday,26.666666666666668,Moderate
8,13,6,403,31,33,82936,39492,12,15,3,Saturday,26.666666666666668,Moderate
7,11,6,404,30,34,82898,32990,13,15,3,Saturday,23.333333333333332,Moderate
7,11,6,406,29,36,82915,32443,14,15,3,Saturday,23.333333333333332,Moderate
9,15,8,411,27,40,82959,44036,15,15,3,Saturday,30.0,Unhealthy for Sensitive Groups
13,21,11,417,26,42,83036,62162,16,15,3,Saturday,43.333333333333336,Unhealthy for Sensitive Groups
16,25,13,424,25,45,83117,73149,17,15,3,Saturday,53.333333333333336,Unhealthy
15,23,12,435,24,49,83201,69711,18,15,3,Saturday,50.0,Unhealthy
19,29,15,445,24,51,83304,88106,19,15,3,Saturday,63.33333333333333,Unhealthy
20,30,15,450,23,54,83338,94242,20,15,3,Saturday,66.66666666666666,Unhealthy
21,33,15,456,23,57,83281,101013,21,15,3,Saturday,70.0,Unhealthy
24,37,18,460,22,59,83238,117586,22,15,3,Saturday,80.0,Unhealthy
20,30,15,461,22,61,83209,93600,23,15,3,Saturday,66.66666666666666,Unhealthy
18,28,14,468,22,62,83193,85481,0,16,3,Sunday,60.0,Unhealthy
18,27,14,465,22,63,83216,82883,1,16,3,Sunday,60.0,Unhealthy
20,30,15,447,21,67,83249,93370,2,16,3,Sunday,66.66666666666666,Unhealthy
20,30,15,467,21,67,83297,96320,3,16,3,Sunday,66.66666666666666,Unhealthy
20,31,15,456,22,65,83365,100452,4,16,3,Sunday,66.66666666666666,Unhealthy
18,28,15,423,26,56,83406,86131,5,16,3,Sunday,60.0,Unhealthy
18,28,14,413,28,50,83433,85049,6,16,3,Sunday,60.0,Unhealthy
19,29,15,409,29,46,83410,90175,7,16,3,Sunday,63.33333333333333,Unhealthy
31,47,23,411,30,40,83343,153181,8,16,3,Sunday,103.33333333333334,Very Unhealthy
22,34,16,409,31,34,83264,110361,9,16,3,Sunday,73.33333333333333,Unhealthy
17,25,13,406,31,32,83165,79092,10,16,3,Sunday,56.666666666666664,Unhealthy
13,20,11,405,32,32,83062,63546,11,16,3,Sunday,43.333333333333336,Unhealthy for Sensitive Groups
11,17,9,405,31,32,82978,54245,12,16,3,Sunday,36.666666666666664,Unhealthy for Sensitive Groups
10,15,8,407,30,34,82942,47436,13,16,3,Sunday,33.33333333333333,Unhealthy for Sensitive Groups
10,15,8,407,29,36,82950,46450,14,16,3,Sunday,33.33333333333333,Unhealthy for Sensitive Groups
12,18,9,412,28,39,82996,55755,15,16,3,Sunday,40.0,Unhealthy for Sensitive Groups
15,23,12,420,26,44,83095,71251,16,16,3,Sunday,50.0,Unhealthy
19,29,14,423,26,47,83205,91609,17,16,3,Sunday,63.33333333333333,Unhealthy
15,23,12,417,24,59,83303,71441,18,16,3,Sunday,50.0,Unhealthy
10,15,8,417,23,62,83360,47363,19,16,3,Sunday,33.33333333333333,Unhealthy for Sensitive Groups
10,15,8,424,22,65,83345,47502,20,16,3,Sunday,33.33333333333333,Unhealthy for Sensitive Groups
13,19,10,434,22,68,83353,60232,21,16,3,Sunday,43.333333333333336,Unhealthy for Sensitive Groups
7,11,5,417,21,67,83338,32401,22,16,3,Sunday,23.333333333333332,Moderate
5,7,4,418,21,68,83293,23594,23,16,3,Sunday,16.666666666666664,Moderate
7,10,5,417,21,67,83307,31824,0,17,3,Monday,23.333333333333332,Moderate
8,12,6,419,20,69,83342,38437,1,17,3,Monday,26.666666666666668,Moderate
9,14,7,422,21,69,83364,44828,2,17,3,Monday,30.0,Unhealthy for Sensitive Groups
11,17,9,431,21,70,83390,53179,3,17,3,Monday,36.666666666666664,Unhealthy for Sensitive Groups
15,23,12,441,21,71,83433,72160,4,17,3,Monday,50.0,Unhealthy
20,30,15,443,22,70,83470,99550,5,17,3,Monday,66.66666666666666,Unhealthy
16,24,12,421,24,63,83465,73444,6,17,3,Monday,53.333333333333336,Unhealthy
14,21,11,408,25,57,83429,64680,7,17,3,Monday,46.666666666666664,Unhealthy for Sensitive Groups
15,23,12,408,28,50,83342,71751,8,17,3,Monday,50.0,Unhealthy
17,26,13,406,29,45,83244,79983,9,17,3,Monday,56.666666666666664,Unhealthy
14,21,11,405,30,40,83129,66357,10,17,3,Monday,46.666666666666664,Unhealthy for Sensitive Groups
12,17,9,404,30,40,83035,54956,11,17,3,Monday,40.0,Unhealthy for Sensitive Groups
10,16,8,403,30,39,82977,48889,12,17,3,Monday,33.33333333333333,Unhealthy for Sensitive Groups
9,14,7,404,29,39,82933,45058,13,17,3,Monday,30.0,Unhealthy for Sensitive Groups
10,16,8,405,28,42,82939,49396,14,17,3,Monday,33.33333333333333,Unhealthy for Sensitive Groups
13,21,11,411,26,51,83002,63182,15,17,3,Monday,43.333333333333336,Unhealthy for Sensitive Groups
15,22,11,417,25,53,83088,68320,16,17,3,Monday,50.0,Unhealthy
18,27,14,440,24,58,83185,84968,17,17,3,Monday,60.0,Unhealthy
27,41,20,434,24,61,83245,130994,18,17,3,Monday,90.0,Unhealthy
22,34,16,444,23,63,83297,108013,19,17,3,Monday,73.33333333333333,Unhealthy
19,29,15,434,23,63,83297,91552,20,17,3,Monday,63.33333333333333,Unhealthy
15,23,12,424,22,65,83306,70375,21,17,3,Monday,50.0,Unhealthy
14,21,11,422,22,69,83240,65513,22,17,3,Monday,46.666666666666664,Unhealthy for Sensitive Groups
13,19,10,418,21,70,83167,59717,23,17,3,Monday,43.333333333333336,Unhealthy for Sensitive Groups
12,18,9,419,21,73,83151,53844,0,18,3,Tuesday,40.0,Unhealthy for Sensitive Groups
10,16,8,420,20,74,83196,48405,1,18,3,Tuesday,33.33333333333333,Unhealthy for Sensitive Groups
12,18,10,420,20,75,83225,56538,2,18,3,Tuesday,40.0,Unhealthy for Sensitive Groups
11,16,9,417,20,74,83226,51393,3,18,3,Tuesday,36.666666666666664,Unhealthy for Sensitive Groups
12,19,10,416,21,71,83272,58168,4,18,3,Tuesday,40.0,Unhealthy for Sensitive Groups
11,17,9,412,23,67,83348,51856,5,18,3,Tuesday,36.666666666666664,Unhealthy for Sensitive Groups
9,14,7,415,22,69,83415,44252,6,18,3,Tuesday,30.0,Unhealthy for Sensitive Groups
10,15,8,413,24,63,83368,47970,7,18,3,Tuesday,33.33333333333333,Unhealthy for Sensitive Groups
13,19,10,405,26,55,83311,60424,8,18,3,Tuesday,43.333333333333336,Unhealthy for Sensitive Groups
11,16,8,403,26,55,83239,50465,9,18,3,Tuesday,36.666666666666664,Unhealthy for Sensitive Groups
8,13,6,401,27,53,83121,40339,10,18,3,Tuesday,26.666666666666668,Moderate
8,12,6,400,26,52,83015,39833,11,18,3,Tuesday,26.666666666666668,Moderate
8,12,6,401,26,51,82961,38712,12,18,3,Tuesday,26.666666666666668,Moderate
9,13,7,404,26,51,82950,42198,13,18,3,Tuesday,30.0,Unhealthy for Sensitive Groups
9,14,7,405,25,54,82965,44963,14,18,3,Tuesday,30.0,Unhealthy for Sensitive Groups
11,16,8,411,24,58,83012,50201,15,18,3,Tuesday,36.666666666666664,Unhealthy for Sensitive Groups
16,24,13,424,24,61,83049,76360,16,18,3,Tuesday,53.333333333333336,Unhealthy
23,34,17,427,24,63,83092,109523,17,18,3,Tuesday,76.66666666666667,Unhealthy
14,22,11,418,23,68,83141,67308,18,18,3,Tuesday,46.666666666666664,Unhealthy for Sensitive Groups
18,27,14,427,23,68,83180,83703,19,18,3,Tuesday,60.0,Unhealthy
19,28,15,437,23,68,83209,87249,20,18,3,Tuesday,63.33333333333333,Unhealthy
14,21,11,425,22,71,83186,66161,21,18,3,Tuesday,46.666666666666664,Unhealthy for Sensitive Groups
10,15,8,418,21,73,83137,47056,22,18,3,Tuesday,33.33333333333333,Unhealthy for Sensitive Groups
8,13,6,413,21,77,83098,38751,23,18,3,Tuesday,26.666666666666668,Moderate
9,14,7,412,20,78,83098,41763,0,19,3,Wednesday,30.0,Unhealthy for Sensitive Groups
7,10,5,410,20,79,83138,31822,1,19,3,Wednesday,23.333333333333332,Moderate
7,10,6,410,20,79,83193,32637,2,19,3,Wednesday,23.333333333333332,Moderate
7,10,5,410,20,79,83247,32780,3,19,3,Wednesday,23.333333333333332,Moderate
9,14,7,411,20,79,83345,43728,4,19,3,Wednesday,30.0,Unhealthy for Sensitive Groups
2,3,2,412,19,77,83443,10559,5,19,3,Wednesday,6.666666666666667,Good
2,3,2,414,20,75,83491,12103,6,19,3,Wednesday,6.666666666666667,Good
5,7,4,408,21,73,83488,23490,7,19,3,Wednesday,16.666666666666664,Moderate
6,10,5,406,23,69,83427,32213,8,19,3,Wednesday,20.0,Moderate
7,11,6,403,24,64,83346,35777,9,19,3,Wednesday,23.333333333333332,Moderate
7,11,6,401,26,58,83251,34419,10,19,3,Wednesday,23.333333333333332,Moderate
8,13,6,401,26,57,83163,40555,11,19,3,Wednesday,26.666666666666668,Moderate
8,12,6,400,27,54,83076,36675,12,19,3,Wednesday,26.666666666666668,Moderate
7,10,6,401,26,55,83015,33200,13,19,3,Wednesday,23.333333333333332,Moderate
6,10,5,403,24,59,83042,30925,14,19,3,Wednesday,20.0,Moderate
6,9,5,407,23,62,83122,29809,15,19,3,Wednesday,20.0,Moderate
8,13,7,420,23,64,83191,40439,16,19,3,Wednesday,26.666666666666668,Moderate
14,21,11,424,23,66,83312,65355,17,19,3,Wednesday,46.666666666666664,Unhealthy for Sensitive Groups
6,10,5,416,22,67,83382,30928,18,19,3,Wednesday,20.0,Moderate
7,11,6,424,22,69,83401,33004,19,19,3,Wednesday,23.333333333333332,Moderate
9,13,7,434,21,71,83397,41717,20,19,3,Wednesday,30.0,Unhealthy for Sensitive Groups
13,19,10,457,21,71,83362,60056,21,19,3,Wednesday,43.333333333333336,Unhealthy for Sensitive Groups
19,29,15,441,21,74,83375,88866,22,19,3,Wednesday,63.33333333333333,Unhealthy
10,16,8,431,21,73,83371,50412,23,19,3,Wednesday,33.33333333333333,Unhealthy for Sensitive Groups
2,4,2,418,20,74,83396,12838,0,20,3,Thursday,6.666666666666667,Good
2,3,2,419,20,74,83390,11827,1,20,3,Thursday,6.666666666666667,Good
2,4,2,425,19,74,83403,13436,2,20,3,Thursday,6.666666666666667,Good
5,8,4,437,20,74,83477,24905,3,20,3,Thursday,16.666666666666664,Moderate
9,13,7,433,20,74,83557,42292,4,20,3,Thursday,30.0,Unhealthy for Sensitive Groups
12,19,9,432,21,73,83623,55782,5,20,3,Thursday,40.0,Unhealthy for Sensitive Groups
9,14,7,414,22,70,83648,43952,6,20,3,Thursday,30.0,Unhealthy for Sensitive Groups
14,22,11,410,23,69,83652,67765,7,20,3,Thursday,46.666666666666664,Unhealthy for Sensitive Groups
10,16,8,407,25,63,83621,49989,8,20,3,Thursday,33.33333333333333,Unhealthy for Sensitive Groups
3,5,2,411,21,69,83659,16129,9,20,3,Thursday,10.0,Good
3,6,2,409,22,66,83548,17484,10,20,3,Thursday,10.0,Good
2,4,2,404,25,59,83405,13737,11,20,3,Thursday,6.666666666666667,Good
2,3,2,404,26,54,83293,11781,12,20,3,Thursday,6.666666666666667,Good
3,4,2,403,25,53,83245,13705,13,20,3,Thursday,10.0,Good
4,6,3,407,24,56,83271,20258,14,20,3,Thursday,13.333333333333334,Good
5,8,4,419,23,60,83336,26396,15,20,3,Thursday,16.666666666666664,Moderate
10,15,8,437,22,64,83392,45446,16,20,3,Thursday,33.33333333333333,Unhealthy for Sensitive Groups
12,19,9,451,21,67,83467,57122,17,20,3,Thursday,40.0,Unhealthy for Sensitive Groups
14,21,11,462,20,68,83519,66331,18,20,3,Thursday,46.666666666666664,Unhealthy for Sensitive Groups
20,30,15,473,20,68,83565,96231,19,20,3,Thursday,66.66666666666666,Unhealthy
23,35,17,485,19,69,83599,114922,20,20,3,Thursday,76.66666666666667,Unhealthy
22,35,17,493,19,69,83558,113811,21,20,3,Thursday,73.33333333333333,Unhealthy
20,30,15,494,19,69,83503,94843,22,20,3,Thursday,66.66666666666666,Unhealthy
14,21,11,484,19,69,83459,65759,23,20,3,Thursday,46.666666666666664,Unhealthy for Sensitive Groups
14,21,11,498,19,70,83454,65905,0,21,3,Friday,46.666666666666664,Unhealthy for Sensitive Groups
12,18,10,489,19,70,83457,56895,1,21,3,Friday,40.0,Unhealthy for Sensitive Groups
13,19,10,505,19,70,83492,60867,2,21,3,Friday,43.333333333333336,Unhealthy for Sensitive Groups
13,19,10,507,19,73,83568,60482,3,21,3,Friday,43.333333333333336,Unhealthy for Sensitive Groups
15,22,12,484,20,73,83635,69814,4,21,3,Friday,50.0,Unhealthy
19,28,14,431,21,71,83657,87123,5,21,3,Friday,63.33333333333333,Unhealthy
13,20,10,414,23,68,83654,61694,6,21,3,Friday,43.333333333333336,Unhealthy for Sensitive Groups
10,16,8,410,24,63,83637,50053,7,21,3,Friday,33.33333333333333,Unhealthy for Sensitive Groups
12,19,10,409,25,58,83586,58874,8,21,3,Friday,40.0,Unhealthy for Sensitive Groups
8,12,6,406,26,54,83497,38746,9,21,3,Friday,26.666666666666668,Moderate
6,10,5,406,27,51,83415,31881,10,21,3,Friday,20.0,Moderate
5,8,4,404,27,49,83311,26312,11,21,3,Friday,16.666666666666664,Moderate
4,6,3,403,28,45,83221,18951,12,21,3,Friday,13.333333333333334,Good
3,5,2,403,27,44,83183,16488,13,21,3,Friday,10.0,Good
4,7,3,405,26,53,83208,21086,14,21,3,Friday,13.333333333333334,Good
9,14,8,412,23,68,83244,43807,15,21,3,Friday,30.0,Unhealthy for Sensitive Groups
14,21,11,430,23,70,83282,63495,16,21,3,Friday,46.666666666666664,Unhealthy for Sensitive Groups
13,19,10,435,22,71,83351,58853,17,21,3,Friday,43.333333333333336,Unhealthy for Sensitive Groups
12,19,10,438,22,72,83386,57572,18,21,3,Friday,40.0,Unhealthy for Sensitive Groups
6,8,4,421,22,70,83421,27146,19,21,3,Friday,20.0,Moderate
5,8,4,417,22,72,83437,26519,20,21,3,Friday,16.666666666666664,Moderate
3,5,2,420,22,71,83397,16774,21,21,3,Friday,10.0,Good
4,6,3,434,21,73,83322,19512,22,21,3,Friday,13.333333333333334,Good
9,14,7,433,21,75,83279,44594,23,21,3,Friday,30.0,Unhealthy for Sensitive Groups
9,14,7,435,21,74,83265,45187,0,22,3,Saturday,30.0,Unhealthy for Sensitive Groups
6,9,5,428,21,75,83281,30420,1,22,3,Saturday,20.0,Moderate
5,7,4,421,20,76,83293,23116,2,22,3,Saturday,16.666666666666664,Moderate
5,8,4,421,20,76,83354,26565,3,22,3,Saturday,16.666666666666664,Moderate
6,9,5,420,21,76,83421,28796,4,22,3,Saturday,20.0,Moderate
26,40,21,416,21,75,83471,177545,5,22,3,Saturday,86.66666666666667,Unhealthy
29,44,23,409,23,69,83471,163268,6,22,3,Saturday,96.66666666666667,Unhealthy
12,18,9,406,25,62,83433,57219,7,22,3,Saturday,40.0,Unhealthy for Sensitive Groups
8,13,7,403,26,57,83359,40111,8,22,3,Saturday,26.666666666666668,Moderate
6,9,5,402,27,54,83284,27966,9,22,3,Saturday,20.0,Moderate
5,8,4,401,28,51,83179,24649,10,22,3,Saturday,16.666666666666664,Moderate
4,6,3,402,27,52,83090,20665,11,22,3,Saturday,13.333333333333334,Good
4,7,3,401,28,47,83023,21648,12,22,3,Saturday,13.333333333333334,Good
5,7,4,402,27,49,82999,23389,13,22,3,Saturday,16.666666666666664,Moderate
4,7,3,405,25,52,83035,20897,14,22,3,Saturday,13.333333333333334,Good
5,8,4,410,24,53,83083,24741,15,22,3,Saturday,16.666666666666664,Moderate
12,18,9,428,24,59,83156,54507,16,22,3,Saturday,40.0,Unhealthy for Sensitive Groups
20,31,15,427,23,63,83218,98644,17,22,3,Saturday,66.66666666666666,Unhealthy
19,29,15,424,23,64,83266,89031,18,22,3,Saturday,63.33333333333333,Unhealthy
17,25,13,427,22,65,83319,78747,19,22,3,Saturday,56.666666666666664,Unhealthy
14,22,11,448,22,67,83317,68027,20,22,3,Saturday,46.666666666666664,Unhealthy for Sensitive Groups
13,20,10,455,22,68,83258,62630,21,22,3,Saturday,43.333333333333336,Unhealthy for Sensitive Groups
12,18,10,473,22,69,83182,55796,22,22,3,Saturday,40.0,Unhealthy for Sensitive Groups
11,16,8,471,21,70,83163,49841,23,22,3,Saturday,36.666666666666664,Unhealthy for Sensitive Groups
16,24,12,453,21,72,83140,73308,0,23,3,Sunday,53.333333333333336,Unhealthy
15,24,12,431,21,76,83143,72673,1,23,3,Sunday,50.0,Unhealthy
10,16,8,419,20,78,83165,49886,2,23,3,Sunday,33.33333333333333,Unhealthy for Sensitive Groups
7,11,6,416,20,80,83225,33832,3,23,3,Sunday,23.333333333333332,Moderate
8,13,7,414,21,77,83285,40557,4,23,3,Sunday,26.666666666666668,Moderate
6,9,5,410,21,77,83357,27755,5,23,3,Sunday,20.0,Moderate
6,9,5,407,23,69,83397,29681,6,23,3,Sunday,20.0,Moderate
6,9,5,405,25,60,83388,30045,7,23,3,Sunday,20.0,Moderate
6,10,5,403,27,55,83325,30978,8,23,3,Sunday,20.0,Moderate
5,8,4,402,29,49,83227,26961,9,23,3,Sunday,16.666666666666664,Moderate
5,8,4,402,29,46,83140,25061,10,23,3,Sunday,16.666666666666664,Moderate
5,8,4,402,27,54,83104,23492,11,23,3,Sunday,16.666666666666664,Moderate
7,11,6,402,25,66,83071,34329,12,23,3,Sunday,23.333333333333332,Moderate
4,7,3,401,24,61,83044,21164,13,23,3,Sunday,13.333333333333334,Good
4,6,3,404,24,61,83077,18258,14,23,3,Sunday,13.333333333333334,Good
5,7,4,414,23,64,83139,23189,15,23,3,Sunday,16.666666666666664,Moderate
7,11,6,435,23,65,83193,34832,16,23,3,Sunday,23.333333333333332,Moderate
12,18,9,455,22,69,83269,54461,17,23,3,Sunday,40.0,Unhealthy for Sensitive Groups
12,19,10,427,22,70,83390,57704,18,23,3,Sunday,40.0,Unhealthy for Sensitive Groups
4,6,3,417,22,70,83457,19329,19,23,3,Sunday,13.333333333333334,Good
3,5,2,428,21,70,83439,17146,20,23,3,Sunday,10.0,Good
6,10,5,444,21,71,83348,29774,21,23,3,Sunday,20.0,Moderate
8,12,6,445,21,73,83318,38266,22,23,3,Sunday,26.666666666666668,Moderate
8,12,6,441,21,72,83325,36897,23,23,3,Sunday,26.666666666666668,Moderate
7,12,6,449,21,73,83318,36021,0,24,3,Monday,23.333333333333332,Moderate
7,11,6,450,21,74,83326,33551,1,24,3,Monday,23.333333333333332,Moderate
6,10,5,453,21,74,83363,31374,2,24,3,Monday,20.0,Moderate
7,11,6,437,21,75,83426,36486,3,24,3,Monday,23.333333333333332,Moderate
9,13,7,422,21,75,83502,41503,4,24,3,Monday,30.0,Unhealthy for Sensitive Groups
8,12,6,416,22,72,83566,38417,5,24,3,Monday,26.666666666666668,Moderate
5,8,4,413,25,64,83589,26817,6,24,3,Monday,16.666666666666664,Moderate
5,8,4,408,26,58,83560,26052,7,24,3,Monday,16.666666666666664,Moderate
7,11,6,407,28,52,83504,34571,8,24,3,Monday,23.333333333333332,Moderate
8,12,6,405,28,50,83421,38401,9,24,3,Monday,26.666666666666668,Moderate
7,10,5,404,29,48,83309,32568,10,24,3,Monday,23.333333333333332,Moderate
6,9,5,403,29,47,83216,27568,11,24,3,Monday,20.0,Moderate
9,14,7,404,27,53,83149,42073,12,24,3,Monday,30.0,Unhealthy for Sensitive Groups
7,11,6,404,26,54,83107,34445,13,24,3,Monday,23.333333333333332,Moderate
6,9,5,406,25,55,83150,27913,14,24,3,Monday,20.0,Moderate
7,11,6,412,24,59,83222,34741,15,24,3,Monday,23.333333333333332,Moderate
9,15,7,419,24,63,83268,44106,16,24,3,Monday,30.0,Unhealthy for Sensitive Groups
12,19,10,431,23,63,83338,57979,17,24,3,Monday,40.0,Unhealthy for Sensitive Groups
12,19,10,445,22,64,83381,57661,18,24,3,Monday,40.0,Unhealthy for Sensitive Groups
12,19,10,466,22,66,83449,57732,19,24,3,Monday,40.0,Unhealthy for Sensitive Groups
19,28,14,472,21,68,83436,87223,20,24,3,Monday,63.33333333333333,Unhealthy
19,29,15,477,21,69,83400,89695,21,24,3,Monday,63.33333333333333,Unhealthy
21,32,16,473,21,72,83339,101218,22,24,3,Monday,70.0,Unhealthy
14,21,11,458,21,73,83291,63556,23,24,3,Monday,46.666666666666664,Unhealthy for Sensitive Groups
5,8,4,445,20,71,83272,25403,0,25,3,Tuesday,16.666666666666664,Moderate
5,7,4,449,20,72,83288,22912,1,25,3,Tuesday,16.666666666666664,Moderate
5,8,4,460,20,73,83363,24366,2,25,3,Tuesday,16.666666666666664,Moderate
5,7,4,430,19,76,83483,23103,3,25,3,Tuesday,16.666666666666664,Moderate
4,6,3,419,19,75,83531,19058,4,25,3,Tuesday,13.333333333333334,Good
4,6,3,415,22,68,83492,19238,5,25,3,Tuesday,13.333333333333334,Good
4,6,3,408,23,65,83433,21703,6,25,3,Tuesday,13.333333333333334,Good
4,6,3,405,26,57,83376,19578,7,25,3,Tuesday,13.333333333333334,Good
6,9,4,405,28,50,83293,29004,8,25,3,Tuesday,20.0,Moderate
5,8,4,406,29,44,83217,25686,9,25,3,Tuesday,16.666666666666664,Moderate
2,3,2,403,30,42,83132,9460,10,25,3,Tuesday,6.666666666666667,Good
2,3,2,402,29,43,83052,10487,11,25,3,Tuesday,6.666666666666667,Good
2,3,2,401,28,47,82982,12166,12,25,3,Tuesday,6.666666666666667,Good
2,3,2,402,27,50,82942,11626,13,25,3,Tuesday,6.666666666666667,Good
2,3,2,404,26,52,82978,12190,14,25,3,Tuesday,6.666666666666667,Good
5,7,3,411,24,61,83091,22398,15,25,3,Tuesday,16.666666666666664,Moderate
6,9,5,414,24,63,83159,28408,16,25,3,Tuesday,20.0,Moderate
5,8,4,419,23,63,83198,24967,17,25,3,Tuesday,16.666666666666664,Moderate
6,9,5,433,23,67,83262,30033,18,25,3,Tuesday,20.0,Moderate
10,15,8,441,23,67,83294,48114,19,25,3,Tuesday,33.33333333333333,Unhealthy for Sensitive Groups
11,17,9,451,23,68,83287,53471,20,25,3,Tuesday,36.666666666666664,Unhealthy for Sensitive Groups
8,12,6,440,23,69,83218,36449,21,25,3,Tuesday,26.666666666666668,Moderate
8,13,7,427,22,74,83197,40145,22,25,3,Tuesday,26.666666666666668,Moderate
9,14,8,424,21,76,83184,45392,23,25,3,Tuesday,30.0,Unhealthy for Sensitive Groups
10,15,8,426,21,76,83204,47915,0,26,3,Wednesday,33.33333333333333,Unhealthy for Sensitive Groups
7,10,5,427,21,74,83235,32077,1,26,3,Wednesday,23.333333333333332,Moderate
2,4,2,418,20,75,83250,12502,2,26,3,Wednesday,6.666666666666667,Good
1,3,1,416,20,74,83280,9187,3,26,3,Wednesday,3.3333333333333335,Good
2,3,2,415,20,73,83355,11793,4,26,3,Wednesday,6.666666666666667,Good
2,4,2,411,21,70,83363,13809,5,26,3,Wednesday,6.666666666666667,Good
2,3,2,408,21,70,83399,11113,6,26,3,Wednesday,6.666666666666667,Good
2,3,2,406,23,64,83359,9472,7,26,3,Wednesday,6.666666666666667,Good
2,3,2,402,24,57,83275,11532,8,26,3,Wednesday,6.666666666666667,Good
2,3,2,401,25,54,83159,11139,9,26,3,Wednesday,6.666666666666667,Good
2,3,2,400,27,49,83034,9866,10,26,3,Wednesday,6.666666666666667,Good
3,4,2,401,28,45,82901,14435,11,26,3,Wednesday,10.0,Good
3,5,3,402,28,45,82836,17354,12,26,3,Wednesday,10.0,Good
2,4,2,402,27,47,82817,12109,13,26,3,Wednesday,6.666666666666667,Good
2,3,2,403,26,49,82852,10807,14,26,3,Wednesday,6.666666666666667,Good
3,4,2,408,24,53,82904,14301,15,26,3,Wednesday,10.0,Good
5,9,4,423,23,57,82976,26449,16,26,3,Wednesday,16.666666666666664,Moderate
12,20,10,440,22,61,83054,57805,17,26,3,Wednesday,40.0,Unhealthy for Sensitive Groups
14,21,11,447,21,63,83106,65680,18,26,3,Wednesday,46.666666666666664,Unhealthy for Sensitive Groups
17,26,14,449,21,64,83140,81577,19,26,3,Wednesday,56.666666666666664,Unhealthy
16,24,13,459,20,66,83154,74417,20,26,3,Wednesday,53.333333333333336,Unhealthy
16,24,13,465,20,68,83108,75167,21,26,3,Wednesday,53.333333333333336,Unhealthy
8,12,6,433,20,69,83062,38282,22,26,3,Wednesday,26.666666666666668,Moderate
5,8,4,424,20,70,83029,24365,23,26,3,Wednesday,16.666666666666664,Moderate
5,7,4,446,20,71,83029,23588,0,27,3,Thursday,16.666666666666664,Moderate
4,6,3,442,20,71,83055,21633,1,27,3,Thursday,13.333333333333334,Good
4,7,3,453,20,70,83047,22594,2,27,3,Thursday,13.333333333333334,Good
5,7,4,462,20,71,83104,23606,3,27,3,Thursday,16.666666666666664,Moderate
12,19,9,446,20,71,83158,55856,4,27,3,Thursday,40.0,Unhealthy for Sensitive Groups
16,24,12,440,21,73,83193,72821,5,27,3,Thursday,53.333333333333336,Unhealthy
13,20,10,427,21,71,83216,61998,6,27,3,Thursday,43.333333333333336,Unhealthy for Sensitive Groups
9,14,7,417,22,72,83243,44502,7,27,3,Thursday,30.0,Unhealthy for Sensitive Groups
5,7,4,411,23,68,83211,24389,8,27,3,Thursday,16.666666666666664,Moderate
3,4,2,406,25,64,83139,15661,9,27,3,Thursday,10.0,Good
4,6,3,403,26,62,83004,19673,10,27,3,Thursday,13.333333333333334,Good
2,3,2,404,26,57,82905,10465,11,27,3,Thursday,6.666666666666667,Good
3,4,2,404,24,65,82865,13666,12,27,3,Thursday,10.0,Good
3,5,2,403,24,67,82837,17409,13,27,3,Thursday,10.0,Good
5,7,4,405,24,66,82836,22868,14,27,3,Thursday,16.666666666666664,Moderate
7,11,6,409,23,69,82907,35827,15,27,3,Thursday,23.333333333333332,Moderate
9,14,7,426,23,70,82995,42340,16,27,3,Thursday,30.0,Unhealthy for Sensitive Groups
11,17,9,427,22,71,83069,52298,17,27,3,Thursday,36.666666666666664,Unhealthy for Sensitive Groups
11,17,9,428,22,72,83163,52773,18,27,3,Thursday,36.666666666666664,Unhealthy for Sensitive Groups
19,29,15,431,22,73,83204,95332,19,27,3,Thursday,63.33333333333333,Unhealthy
18,27,14,439,21,74,83218,86199,20,27,3,Thursday,60.0,Unhealthy
26,39,20,433,21,74,83140,129277,21,27,3,Thursday,86.66666666666667,Unhealthy
16,25,13,454,21,74,83080,78570,22,27,3,Thursday,53.333333333333336,Unhealthy
11,17,9,461,21,74,83054,53193,23,27,3,Thursday,36.666666666666664,Unhealthy for Sensitive Groups
12,18,9,447,20,76,83071,57127,0,28,3,Friday,40.0,Unhealthy for Sensitive Groups
6,9,5,419,20,79,83103,30118,1,28,3,Friday,20.0,Moderate
3,5,3,417,20,78,83139,17249,2,28,3,Friday,10.0,Good
2,3,2,421,20,76,83182,11944,3,28,3,Friday,6.666666666666667,Good
5,7,3,426,20,76,83265,23204,4,28,3,Friday,16.666666666666664,Moderate
9,14,7,419,20,76,83321,44077,5,28,3,Friday,30.0,Unhealthy for Sensitive Groups
7,11,6,415,20,77,83394,33908,6,28,3,Friday,23.333333333333332,Moderate
4,7,4,411,20,76,83421,22440,7,28,3,Friday,13.333333333333334,Good
3,4,2,407,22,71,83343,14043,8,28,3,Friday,10.0,Good
2,3,2,403,24,63,83221,10374,9,28,3,Friday,6.666666666666667,Good
1,2,1,401,24,60,83108,7538,10,28,3,Friday,3.3333333333333335,Good
2,3,2,400,24,60,83005,10266,11,28,3,Friday,6.666666666666667,Good
3,5,3,401,25,58,82912,17823,12,28,3,Friday,10.0,Good
3,4,2,402,25,54,82910,15181,13,28,3,Friday,10.0,Good
4,7,3,405,24,58,82953,21649,14,28,3,Friday,13.333333333333334,Good
5,8,4,411,23,62,83007,25557,15,28,3,Friday,16.666666666666664,Moderate
8,12,6,416,22,67,83106,37018,16,28,3,Friday,26.666666666666668,Moderate
9,14,7,418,22,72,83175,43840,17,28,3,Friday,30.0,Unhealthy for Sensitive Groups
6,10,5,415,21,74,83265,31156,18,28,3,Friday,20.0,Moderate
5,8,4,417,21,74,83321,26927,19,28,3,Friday,16.666666666666664,Moderate
5,7,4,419,21,71,83337,23885,20,28,3,Friday,16.666666666666664,Moderate
4,6,3,425,21,72,83304,19793,21,28,3,Friday,13.333333333333334,Good
4,7,3,442,21,75,83245,21537,22,28,3,Friday,13.333333333333334,Good
5,8,4,451,20,76,83213,24585,23,28,3,Friday,16.666666666666664,Moderate
8,13,6,433,20,76,83208,39429,0,29,3,Saturday,26.666666666666668,Moderate
7,11,6,429,20,75,83211,33404,1,29,3,Saturday,23.333333333333332,Moderate
5,8,4,434,20,75,83204,24512,2,29,3,Saturday,16.666666666666664,Moderate
8,12,6,438,20,75,83230,37315,3,29,3,Saturday,26.666666666666668,Moderate
15,23,12,441,20,75,83275,71096,4,29,3,Saturday,50.0,Unhealthy
10,15,8,430,23,71,83285,46006,5,29,3,Saturday,33.33333333333333,Unhealthy for Sensitive Groups
3,6,2,408,26,61,83308,18735,6,29,3,Saturday,10.0,Good
3,5,2,405,27,56,83290,18814,7,29,3,Saturday,10.0,Good
5,7,4,405,27,56,83219,23441,8,29,3,Saturday,16.666666666666664,Moderate
4,6,3,407,29,45,83126,19357,9,29,3,Saturday,13.333333333333334,Good
7,11,6,407,28,45,83007,34077,10,29,3,Saturday,23.333333333333332,Moderate
5,8,4,404,28,48,82902,27210,11,29,3,Saturday,16.666666666666664,Moderate
5,8,4,405,27,52,82841,24191,12,29,3,Saturday,16.666666666666664,Moderate
7,11,6,409,25,56,82842,33558,13,29,3,Saturday,23.333333333333332,Moderate
8,12,6,411,24,60,82895,38425,14,29,3,Saturday,26.666666666666668,Moderate
7,11,6,415,24,60,82978,34190,15,29,3,Saturday,23.333333333333332,Moderate
11,17,9,424,23,63,83039,52491,16,29,3,Saturday,36.666666666666664,Unhealthy for Sensitive Groups
9,14,7,420,23,65,83116,42914,17,29,3,Saturday,30.0,Unhealthy for Sensitive Groups
9,13,7,423,22,69,83175,40943,18,29,3,Saturday,30.0,Unhealthy for Sensitive Groups
9,14,7,431,22,73,83202,44514,19,29,3,Saturday,30.0,Unhealthy for Sensitive Groups
10,15,8,425,22,74,83204,47700,20,29,3,Saturday,33.33333333333333,Unhealthy for Sensitive Groups
11,17,9,423,22,76,83183,52790,21,29,3,Saturday,36.666666666666664,Unhealthy for Sensitive Groups
9,14,7,420,21,78,83153,43769,22,29,3,Saturday,30.0,Unhealthy for Sensitive Groups
10,15,8,419,21,78,83095,45638,23,29,3,Saturday,33.33333333333333,Unhealthy for Sensitive Groups
10,15,8,420,21,78,83055,47576,0,30,3,Sunday,33.33333333333333,Unhealthy for Sensitive Groups
8,12,6,420,21,77,83071,37466,1,30,3,Sunday,26.666666666666668,Moderate
7,11,6,422,21,76,83092,33364,2,30,3,Sunday,23.333333333333332,Moderate
8,12,6,427,21,76,83166,37125,3,30,3,Sunday,26.666666666666668,Moderate
9,13,7,426,22,74,83221,41476,4,30,3,Sunday,30.0,Unhealthy for Sensitive Groups
8,12,6,413,23,71,83268,37514,5,30,3,Sunday,26.666666666666668,Moderate
8,12,6,410,24,67,83311,36875,6,30,3,Sunday,26.666666666666668,Moderate
8,13,7,408,25,62,83296,40743,7,30,3,Sunday,26.666666666666668,Moderate
9,14,7,408,25,58,83246,44479,8,30,3,Sunday,30.0,Unhealthy for Sensitive Groups
8,13,6,411,27,54,83172,39241,9,30,3,Sunday,26.666666666666668,Moderate
7,10,5,409,28,50,83076,31850,10,30,3,Sunday,23.333333333333332,Moderate
6,9,5,408,28,49,82975,27896,11,30,3,Sunday,20.0,Moderate
5,8,4,406,27,50,82899,26226,12,30,3,Sunday,16.666666666666664,Moderate
5,8,4,406,27,51,82889,25557,13,30,3,Sunday,16.666666666666664,Moderate
6,10,5,410,25,58,82908,30328,14,30,3,Sunday,20.0,Moderate
8,12,6,415,23,66,82967,38400,15,30,3,Sunday,26.666666666666668,Moderate
11,16,9,420,23,69,83054,50674,16,30,3,Sunday,36.666666666666664,Unhealthy for Sensitive Groups
13,19,10,428,23,70,83153,59387,17,30,3,Sunday,43.333333333333336,Unhealthy for Sensitive Groups
12,18,10,427,23,71,83216,56150,18,30,3,Sunday,40.0,Unhealthy for Sensitive Groups
12,18,10,427,22,72,83260,55095,19,30,3,Sunday,40.0,Unhealthy for Sensitive Groups
13,20,10,429,22,74,83278,61302,20,30,3,Sunday,43.333333333333336,Unhealthy for Sensitive Groups
14,22,11,429,21,75,83237,67344,21,30,3,Sunday,46.666666666666664,Unhealthy for Sensitive Groups
14,21,11,425,21,77,83160,63838,22,30,3,Sunday,46.666666666666664,Unhealthy for Sensitive Groups
10,16,8,420,21,77,83128,49124,23,30,3,Sunday,33.33333333333333,Unhealthy for Sensitive Groups
9,14,7,423,21,77,83114,42705,0,31,3,Monday,30.0,Unhealthy for Sensitive Groups
13,20,10,428,21,77,83104,61454,1,31,3,Monday,43.333333333333336,Unhealthy for Sensitive Groups
16,24,13,427,20,77,83118,74338,2,31,3,Monday,53.333333333333336,Unhealthy
11,17,9,433,20,76,83198,52106,3,31,3,Monday,36.666666666666664,Unhealthy for Sensitive Groups
13,20,10,429,20,78,83280,60355,4,31,3,Monday,43.333333333333336,Unhealthy for Sensitive Groups
15,23,12,425,20,77,83360,70198,5,31,3,Monday,50.0,Unhealthy
13,20,10,421,21,78,83389,62256,6,31,3,Monday,43.333333333333336,Unhealthy for Sensitive Groups
9,13,7,413,22,75,83376,42772,7,31,3,Monday,30.0,Unhealthy for Sensitive Groups
4,6,3,407,24,67,83321,18413,8,31,3,Monday,13.333333333333334,Good
4,6,3,405,24,65,83221,20036,9,31,3,Monday,13.333333333333334,Good
4,6,3,404,25,63,83126,19827,10,31,3,Monday,13.333333333333334,Good
4,6,3,405,26,57,83040,20891,11,31,3,Monday,13.333333333333334,Good
4,7,3,405,25,59,82962,21683,12,31,3,Monday,13.333333333333334,Good
5,8,4,406,25,61,82928,22971,13,31,3,Monday,16.666666666666664,Moderate
5,7,4,409,23,67,82955,22573,14,31,3,Monday,16.666666666666664,Moderate
9,14,7,415,22,68,83020,42026,15,31,3,Monday,30.0,Unhealthy for Sensitive Groups
11,17,9,423,22,69,83047,49384,16,31,3,Monday,36.666666666666664,Unhealthy for Sensitive Groups
12,19,10,431,22,68,83095,57128,17,31,3,Monday,40.0,Unhealthy for Sensitive Groups
17,27,14,443,22,70,83161,80536,18,31,3,Monday,56.666666666666664,Unhealthy
10,16,8,432,21,70,83206,48509,19,31,3,Monday,33.33333333333333,Unhealthy for Sensitive Groups
4,6,3,428,21,72,83215,20133,20,31,3,Monday,13.333333333333334,Good
7,11,6,439,21,73,83206,35818,21,31,3,Monday,23.333333333333332,Moderate
9,14,7,452,21,73,83131,43770,22,31,3,Monday,30.0,Unhealthy for Sensitive Groups
9,14,7,465,20,74,83068,44170,23,31,3,Monday,30.0,Unhealthy for Sensitive Groups
7,11,6,447,20,76,83044,35077,0,1,4,Tuesday,23.333333333333332,Moderate
9,14,8,429,20,77,83078,43752,1,1,4,Tuesday,30.0,Unhealthy for Sensitive Groups
11,17,9,439,20,77,83117,52566,2,1,4,Tuesday,36.666666666666664,Unhealthy for Sensitive Groups
19,30,14,441,20,76,83190,88970,3,1,4,Tuesday,63.33333333333333,Unhealthy
19,30,15,433,20,77,83235,90994,4,1,4,Tuesday,63.33333333333333,Unhealthy
12,18,10,441,21,75,83293,56138,5,1,4,Tuesday,40.0,Unhealthy for Sensitive Groups
8,13,6,421,23,67,83322,38207,6,1,4,Tuesday,26.666666666666668,Moderate
6,10,5,416,25,61,83312,30293,7,1,4,Tuesday,20.0,Moderate
7,11,6,415,27,53,83261,33148,8,1,4,Tuesday,23.333333333333332,Moderate
10,15,8,415,28,49,83161,46622,9,1,4,Tuesday,33.33333333333333,Unhealthy for Sensitive Groups
7,11,6,410,28,45,83069,32424,10,1,4,Tuesday,23.333333333333332,Moderate
6,10,5,409,28,44,82986,29875,11,1,4,Tuesday,20.0,Moderate
6,9,5,407,27,42,82929,27468,12,1,4,Tuesday,20.0,Moderate
6,9,4,409,26,43,82900,27309,13,1,4,Tuesday,20.0,Moderate
4,7,3,409,26,44,82915,20597,14,1,4,Tuesday,13.333333333333334,Good
5,7,4,414,24,48,82951,22864,15,1,4,Tuesday,16.666666666666664,Moderate
22,35,17,418,23,57,83016,113098,16,1,4,Tuesday,73.33333333333333,Unhealthy
19,29,14,428,23,62,83094,86366,17,1,4,Tuesday,63.33333333333333,Unhealthy
15,23,12,433,22,65,83178,68696,18,1,4,Tuesday,50.0,Unhealthy
14,22,11,446,22,68,83212,64977,19,1,4,Tuesday,46.666666666666664,Unhealthy for Sensitive Groups
16,25,13,449,21,69,83216,74517,20,1,4,Tuesday,53.333333333333336,Unhealthy
13,20,11,447,21,70,83181,62239,21,1,4,Tuesday,43.333333333333336,Unhealthy for Sensitive Groups
11,17,9,449,21,71,83121,51409,22,1,4,Tuesday,36.666666666666664,Unhealthy for Sensitive Groups
10,15,7,448,21,73,83067,45005,23,1,4,Tuesday,33.33333333333333,Unhealthy for Sensitive Groups
8,12,6,428,21,75,83031,37234,0,2,4,Wednesday,26.666666666666668,Moderate
8,12,6,423,21,76,83047,36081,1,2,4,Wednesday,26.666666666666668,Moderate
10,17,8,432,20,76,83104,48442,2,2,4,Wednesday,33.33333333333333,Unhealthy for Sensitive Groups
13,20,10,446,20,76,83163,60543,3,2,4,Wednesday,43.333333333333336,Unhealthy for Sensitive Groups
18,27,14,442,20,76,83221,82897,4,2,4,Wednesday,60.0,Unhealthy
12,18,10,428,22,70,83274,56183,5,2,4,Wednesday,40.0,Unhealthy for Sensitive Groups
11,16,9,416,25,60,83288,49753,6,2,4,Wednesday,36.666666666666664,Unhealthy for Sensitive Groups
7,11,6,410,27,52,83285,34900,7,2,4,Wednesday,23.333333333333332,Moderate
6,10,5,409,28,48,83245,29815,8,2,4,Wednesday,20.0,Moderate
5,8,4,407,30,42,83158,25489,9,2,4,Wednesday,16.666666666666664,Moderate
8,12,6,407,30,41,83067,37150,10,2,4,Wednesday,26.666666666666668,Moderate
6,10,5,405,29,42,82990,30694,11,2,4,Wednesday,20.0,Moderate
4,7,3,404,29,42,82937,20734,12,2,4,Wednesday,13.333333333333334,Good
4,8,3,407,27,44,82938,20993,13,2,4,Wednesday,13.333333333333334,Good
5,8,4,409,27,46,82988,22712,14,2,4,Wednesday,16.666666666666664,Moderate
5,8,4,417,26,50,83024,25201,15,2,4,Wednesday,16.666666666666664,Moderate
7,11,6,434,24,53,83071,33739,16,2,4,Wednesday,23.333333333333332,Moderate
18,27,13,439,23,57,83124,84054,17,2,4,Wednesday,60.0,Unhealthy
16,25,13,441,23,62,83212,76742,18,2,4,Wednesday,53.333333333333336,Unhealthy
16,24,13,436,23,65,83274,72974,19,2,4,Wednesday,53.333333333333336,Unhealthy
15,23,12,432,22,68,83308,70881,20,2,4,Wednesday,50.0,Unhealthy
14,22,12,430,22,72,83264,67630,21,2,4,Wednesday,46.666666666666664,Unhealthy for Sensitive Groups
14,22,11,428,21,75,83221,67336,22,2,4,Wednesday,46.666666666666664,Unhealthy for Sensitive Groups
11,17,9,439,21,74,83167,52002,23,2,4,Wednesday,36.666666666666664,Unhealthy for Sensitive Groups
12,18,10,451,21,74,83151,55746,0,3,4,Thursday,40.0,Unhealthy for Sensitive Groups
12,18,10,454,21,75,83189,56985,1,3,4,Thursday,40.0,Unhealthy for Sensitive Groups
15,23,12,458,21,75,83228,69464,2,3,4,Thursday,50.0,Unhealthy
19,28,14,457,21,75,83272,88552,3,3,4,Thursday,63.33333333333333,Unhealthy
17,25,13,445,21,76,83329,79772,4,3,4,Thursday,56.666666666666664,Unhealthy
11,16,9,427,21,76,83375,50061,5,3,4,Thursday,36.666666666666664,Unhealthy for Sensitive Groups
10,15,8,415,23,69,83396,47889,6,3,4,Thursday,33.33333333333333,Unhealthy for Sensitive Groups
10,15,8,413,25,62,83374,48611,7,3,4,Thursday,33.33333333333333,Unhealthy for Sensitive Groups
9,14,7,409,27,56,83319,43574,8,3,4,Thursday,30.0,Unhealthy for Sensitive Groups
10,15,8,405,27,52,83222,45927,9,3,4,Thursday,33.33333333333333,Unhealthy for Sensitive Groups
7,11,6,405,27,51,83131,33255,10,3,4,Thursday,23.333333333333332,Moderate
5,9,4,405,27,52,83049,25826,11,3,4,Thursday,16.666666666666664,Moderate
5,8,4,403,27,50,82987,23771,12,3,4,Thursday,16.666666666666664,Moderate
4,7,3,403,27,50,82954,20836,13,3,4,Thursday,13.333333333333334,Good
4,6,3,405,26,52,82974,18069,14,3,4,Thursday,13.333333333333334,Good
5,8,4,411,24,57,83048,22916,15,3,4,Thursday,16.666666666666664,Moderate
8,12,6,416,23,64,83119,35678,16,3,4,Thursday,26.666666666666668,Moderate
11,18,9,425,23,66,83221,52190,17,3,4,Thursday,36.666666666666664,Unhealthy for Sensitive Groups
12,19,10,436,23,68,83280,57609,18,3,4,Thursday,40.0,Unhealthy for Sensitive Groups
13,20,10,428,23,68,83308,60446,19,3,4,Thursday,43.333333333333336,Unhealthy for Sensitive Groups
15,22,11,429,22,71,83327,67651,20,3,4,Thursday,50.0,Unhealthy
5,8,4,419,21,77,83291,24696,21,3,4,Thursday,16.666666666666664,Moderate
6,9,5,418,21,77,83225,29318,22,3,4,Thursday,20.0,Moderate
5,8,4,417,21,77,83181,24593,23,3,4,Thursday,16.666666666666664,Moderate
4,7,3,417,21,77,83178,21586,0,4,4,Friday,13.333333333333334,Good
3,6,3,418,21,77,83195,17906,1,4,4,Friday,10.0,Good
3,5,2,421,21,76,83207,15623,2,4,4,Friday,10.0,Good
5,8,4,420,20,78,83244,25924,3,4,4,Friday,16.666666666666664,Moderate
10,15,8,420,20,78,83320,46198,4,4,4,Friday,33.33333333333333,Unhealthy for Sensitive Groups
5,7,4,417,21,75,83394,23509,5,4,4,Friday,16.666666666666664,Moderate
2,4,2,410,23,70,83379,13482,6,4,4,Friday,6.666666666666667,Good
3,5,2,406,25,63,83355,16194,7,4,4,Friday,10.0,Good
3,4,2,404,27,57,83290,14503,8,4,4,Friday,10.0,Good
2,3,2,403,29,51,83197,11372,9,4,4,Friday,6.666666666666667,Good
3,5,2,404,29,48,83065,17091,10,4,4,Friday,10.0,Good
4,6,3,403,30,46,82970,21690,11,4,4,Friday,13.333333333333334,Good
4,6,3,403,29,48,82899,19116,12,4,4,Friday,13.333333333333334,Good
3,5,2,403,28,50,82863,15880,13,4,4,Friday,10.0,Good
5,8,4,408,26,56,82915,24086,14,4,4,Friday,16.666666666666664,Moderate
5,7,4,412,24,62,82991,23445,15,4,4,Friday,16.666666666666664,Moderate
7,10,5,416,23,64,83071,32102,16,4,4,Friday,23.333333333333332,Moderate
8,12,6,418,23,66,83150,36121,17,4,4,Friday,26.666666666666668,Moderate
7,10,5,419,22,68,83204,32076,18,4,4,Friday,23.333333333333332,Moderate
11,17,9,420,22,72,83244,50954,19,4,4,Friday,36.666666666666664,Unhealthy for Sensitive Groups
9,15,7,424,22,71,83244,43593,20,4,4,Friday,30.0,Unhealthy for Sensitive Groups
4,7,3,421,22,71,83245,19660,21,4,4,Friday,13.333333333333334,Good
1,2,1,418,22,72,83162,7212,22,4,4,Friday,3.3333333333333335,Good
1,2,1,423,21,73,83081,7586,23,4,4,Friday,3.3333333333333335,Good
1,2,1,423,21,72,83064,6665,0,5,4,Saturday,3.3333333333333335,Good
1,2,1,423,21,71,83057,5974,1,5,4,Saturday,3.3333333333333335,Good
1,2,1,425,21,72,83115,8668,2,5,4,Saturday,3.3333333333333335,Good
3,5,2,425,21,74,83160,16476,3,5,4,Saturday,10.0,Good
6,9,4,419,21,76,83234,28313,4,5,4,Saturday,20.0,Moderate
8,12,6,412,21,75,83311,38231,5,5,4,Saturday,26.666666666666668,Moderate
6,9,5,409,24,66,83328,29242,6,5,4,Saturday,20.0,Moderate
5,8,4,405,26,59,83309,26744,7,5,4,Saturday,16.666666666666664,Moderate
5,8,4,403,26,59,83268,25406,8,5,4,Saturday,16.666666666666664,Moderate
2,4,2,401,28,52,83148,13009,9,5,4,Saturday,6.666666666666667,Good
2,4,2,401,29,47,83024,12358,10,5,4,Saturday,6.666666666666667,Good
3,5,2,402,29,47,82934,15172,11,5,4,Saturday,10.0,Good
3,5,2,403,27,49,82845,14512,12,5,4,Saturday,10.0,Good
3,5,2,403,27,51,82845,15499,13,5,4,Saturday,10.0,Good
3,6,2,407,25,60,82893,17163,14,5,4,Saturday,10.0,Good
5,9,4,411,24,65,82969,25208,15,5,4,Saturday,16.666666666666664,Moderate
6,11,5,413,22,74,83093,27236,16,5,4,Saturday,20.0,Moderate
5,8,4,414,22,74,83150,23620,17,5,4,Saturday,16.666666666666664,Moderate
4,7,3,416,22,74,83192,22854,18,5,4,Saturday,13.333333333333334,Good
6,9,5,422,22,74,83227,29145,19,5,4,Saturday,20.0,Moderate
4,7,4,419,21,76,83268,21800,20,5,4,Saturday,13.333333333333334,Good
1,2,1,415,20,80,83270,6791,21,5,4,Saturday,3.3333333333333335,Good
2,3,2,418,20,78,83223,9348,22,5,4,Saturday,6.666666666666667,Good
1,2,1,418,20,76,83155,6285,23,5,4,Saturday,3.3333333333333335,Good
1,2,1,419,21,75,83094,6147,0,6,4,Sunday,3.3333333333333335,Good
1,2,1,420,21,75,83105,5240,1,6,4,Sunday,3.3333333333333335,Good
1,3,1,425,21,75,83144,8299,2,6,4,Sunday,3.3333333333333335,Good
2,4,2,426,20,76,83204,13586,3,6,4,Sunday,6.666666666666667,Good
7,11,6,422,20,78,83280,36707,4,6,4,Sunday,23.333333333333332,Moderate
10,16,8,416,21,76,83324,49386,5,6,4,Sunday,33.33333333333333,Unhealthy for Sensitive Groups
4,6,3,410,22,74,83358,18417,6,6,4,Sunday,13.333333333333334,Good
3,5,2,408,23,69,83366,17001,7,6,4,Sunday,10.0,Good
5,8,4,409,23,70,83312,26836,8,6,4,Sunday,16.666666666666664,Moderate
6,10,5,405,24,66,83225,31160,9,6,4,Sunday,20.0,Moderate
6,10,5,403,26,58,83107,30858,10,6,4,Sunday,20.0,Moderate
5,8,4,406,25,64,83032,24878,11,6,4,Sunday,16.666666666666664,Moderate
5,8,4,404,25,62,82993,26506,12,6,4,Sunday,16.666666666666664,Moderate
6,10,5,408,23,72,82986,30767,13,6,4,Sunday,20.0,Moderate
6,10,5,410,22,75,83052,30921,14,6,4,Sunday,20.0,Moderate
7,11,6,414,21,76,83116,35013,15,6,4,Sunday,23.333333333333332,Moderate
7,11,6,416,20,78,83192,35588,16,6,4,Sunday,23.333333333333332,Moderate
10,15,8,417,19,81,83299,46874,17,6,4,Sunday,33.33333333333333,Unhealthy for Sensitive Groups
11,17,9,419,20,80,83346,50227,18,6,4,Sunday,36.666666666666664,Unhealthy for Sensitive Groups
12,18,9,422,20,77,83350,53719,19,6,4,Sunday,40.0,Unhealthy for Sensitive Groups
11,17,9,419,20,76,83363,51179,20,6,4,Sunday,36.666666666666664,Unhealthy for Sensitive Groups
12,18,10,421,20,76,83329,54758,21,6,4,Sunday,40.0,Unhealthy for Sensitive Groups
12,19,10,422,20,76,83271,56993,22,6,4,Sunday,40.0,Unhealthy for Sensitive Groups
12,19,10,424,20,76,83217,57203,23,6,4,Sunday,40.0,Unhealthy for Sensitive Groups
13,20,10,429,20,75,83189,59846,0,7,4,Monday,43.333333333333336,Unhealthy for Sensitive Groups
13,20,10,431,20,76,83195,60694,1,7,4,Monday,43.333333333333336,Unhealthy for Sensitive Groups
14,21,11,431,20,76,83225,64493,2,7,4,Monday,46.666666666666664,Unhealthy for Sensitive Groups
16,25,13,426,20,76,83275,73123,3,7,4,Monday,53.333333333333336,Unhealthy
35,63,23,424,20,76,83349,143721,4,7,4,Monday,116.66666666666667,Very Unhealthy
16,25,13,424,22,71,83417,74574,5,7,4,Monday,53.333333333333336,Unhealthy
15,23,12,418,24,63,83447,69048,6,7,4,Monday,50.0,Unhealthy
15,22,12,413,25,58,83438,67339,7,7,4,Monday,50.0,Unhealthy
15,23,12,412,27,54,83383,70362,8,7,4,Monday,50.0,Unhealthy
13,20,11,410,27,51,83320,62492,9,7,4,Monday,43.333333333333336,Unhealthy for Sensitive Groups
13,20,10,409,27,49,83246,60529,10,7,4,Monday,43.333333333333336,Unhealthy for Sensitive Groups
13,20,10,410,27,50,83167,59992,11,7,4,Monday,43.333333333333336,Unhealthy for Sensitive Groups
12,18,9,409,28,46,83085,54194,12,7,4,Monday,40.0,Unhealthy for Sensitive Groups
10,15,8,411,27,48,83066,46148,13,7,4,Monday,33.33333333333333,Unhealthy for Sensitive Groups
10,16,8,410,25,54,83111,48297,14,7,4,Monday,33.33333333333333,Unhealthy for Sensitive Groups
13,19,10,414,23,63,83181,58396,15,7,4,Monday,43.333333333333336,Unhealthy for Sensitive Groups
15,23,12,423,22,63,83272,70269,16,7,4,Monday,50.0,Unhealthy
19,29,15,435,22,67,83382,88941,17,7,4,Monday,63.33333333333333,Unhealthy
20,31,15,448,21,69,83421,97598,18,7,4,Monday,66.66666666666666,Unhealthy
24,37,18,448,21,70,83455,117885,19,7,4,Monday,80.0,Unhealthy
20,30,15,445,21,71,83456,98435,20,7,4,Monday,66.66666666666666,Unhealthy
19,29,15,436,21,73,83412,89749,21,7,4,Monday,63.33333333333333,Unhealthy
21,32,16,429,21,75,83362,102275,22,7,4,Monday,70.0,Unhealthy
22,33,17,445,21,74,83326,105195,23,7,4,Monday,73.33333333333333,Unhealthy
24,36,18,440,21,75,83301,114316,0,8,4,Tuesday,80.0,Unhealthy
22,34,17,447,21,75,83337,109424,1,8,4,Tuesday,73.33333333333333,Unhealthy
19,29,15,455,20,75,83385,87179,2,8,4,Tuesday,63.33333333333333,Unhealthy
19,29,15,456,20,75,83427,89352,3,8,4,Tuesday,63.33333333333333,Unhealthy
19,29,15,440,21,74,83493,86123,4,8,4,Tuesday,63.33333333333333,Unhealthy
19,30,15,435,22,69,83557,91158,5,8,4,Tuesday,63.33333333333333,Unhealthy
19,29,14,421,24,63,83594,91173,6,8,4,Tuesday,63.33333333333333,Unhealthy
21,33,16,417,27,55,83570,107154,7,8,4,Tuesday,70.0,Unhealthy
27,41,20,414,28,49,83504,135546,8,8,4,Tuesday,90.0,Unhealthy
30,45,23,414,29,46,83420,150441,9,8,4,Tuesday,100.0,Very Unhealthy
23,35,17,410,30,42,83312,113478,10,8,4,Tuesday,76.66666666666667,Unhealthy
19,30,14,410,30,41,83206,92006,11,8,4,Tuesday,63.33333333333333,Unhealthy
13,20,11,410,29,41,83130,62351,12,8,4,Tuesday,43.333333333333336,Unhealthy for Sensitive Groups
7,11,6,408,29,40,83110,35115,13,8,4,Tuesday,23.333333333333332,Moderate
8,12,6,407,27,50,83150,37631,14,8,4,Tuesday,26.666666666666668,Moderate
8,12,6,410,25,55,83231,37944,15,8,4,Tuesday,26.666666666666668,Moderate
11,17,8,415,24,58,83319,49897,16,8,4,Tuesday,36.666666666666664,Unhealthy for Sensitive Groups
11,17,9,416,23,71,83411,50848,17,8,4,Tuesday,36.666666666666664,Unhealthy for Sensitive Groups
4,7,3,416,21,74,83495,21098,18,8,4,Tuesday,13.333333333333334,Good
5,8,4,415,22,73,83533,25387,19,8,4,Tuesday,16.666666666666664,Moderate
3,4,2,417,20,73,83556,14710,20,8,4,Tuesday,10.0,Good
3,4,2,419,21,73,83518,13753,21,8,4,Tuesday,10.0,Good
1,2,1,417,20,73,83477,8600,22,8,4,Tuesday,3.3333333333333335,Good
2,3,2,422,20,73,83376,12441,23,8,4,Tuesday,6.666666666666667,Good
2,3,2,436,20,74,83363,12704,0,9,4,Wednesday,6.666666666666667,Good
3,5,2,448,20,74,83377,15339,1,9,4,Wednesday,10.0,Good
5,8,4,456,20,74,83430,24744,2,9,4,Wednesday,16.666666666666664,Moderate
8,12,6,466,20,74,83488,38375,3,9,4,Wednesday,26.666666666666668,Moderate
20,30,15,465,21,72,83524,98737,4,9,4,Wednesday,66.66666666666666,Unhealthy
25,39,19,454,24,66,83554,131897,5,9,4,Wednesday,83.33333333333334,Unhealthy
15,23,12,419,26,59,83560,71047,6,9,4,Wednesday,50.0,Unhealthy
12,18,9,411,28,55,83518,56069,7,9,4,Wednesday,40.0,Unhealthy for Sensitive Groups
12,19,10,409,29,50,83452,58127,8,9,4,Wednesday,40.0,Unhealthy for Sensitive Groups
15,23,12,410,30,45,83347,72757,9,9,4,Wednesday,50.0,Unhealthy
11,17,9,407,30,39,83240,52391,10,9,4,Wednesday,36.666666666666664,Unhealthy for Sensitive Groups
7,11,6,405,30,38,83151,34304,11,9,4,Wednesday,23.333333333333332,Moderate
6,9,5,405,29,40,83084,30641,12,9,4,Wednesday,20.0,Moderate
7,11,6,406,29,39,83056,33121,13,9,4,Wednesday,23.333333333333332,Moderate
8,13,6,409,27,42,83109,39145,14,9,4,Wednesday,26.666666666666668,Moderate
9,14,7,413,25,51,83149,42253,15,9,4,Wednesday,30.0,Unhealthy for Sensitive Groups
13,20,10,422,25,57,83188,59949,16,9,4,Wednesday,43.333333333333336,Unhealthy for Sensitive Groups
10,15,8,417,24,64,83270,47068,17,9,4,Wednesday,33.33333333333333,Unhealthy for Sensitive Groups
11,16,9,424,23,71,83342,49655,18,9,4,Wednesday,36.666666666666664,Unhealthy for Sensitive Groups
5,8,4,415,22,70,83409,24521,19,9,4,Wednesday,16.666666666666664,Moderate
3,5,2,414,21,72,83428,14706,20,9,4,Wednesday,10.0,Good
7,11,5,419,21,71,83359,32459,21,9,4,Wednesday,23.333333333333332,Moderate
10,15,8,430,21,73,83289,44829,22,9,4,Wednesday,33.33333333333333,Unhealthy for Sensitive Groups
6,10,5,439,21,73,83225,29641,23,9,4,Wednesday,20.0,Moderate
5,8,4,432,21,74,83194,25878,0,10,4,Thursday,16.666666666666664,Moderate
3,6,3,420,21,76,83220,18185,1,10,4,Thursday,10.0,Good
6,8,5,413,21,74,83264,27050,2,10,4,Thursday,20.0,Moderate
6,9,5,420,21,74,83329,29784,3,10,4,Thursday,20.0,Moderate
8,12,6,425,21,74,83402,38153,4,10,4,Thursday,26.666666666666668,Moderate
9,13,7,434,21,74,83457,41364,5,10,4,Thursday,30.0,Unhealthy for Sensitive Groups
11,17,9,426,21,74,83497,52150,6,10,4,Thursday,36.666666666666664,Unhealthy for Sensitive Groups
6,10,5,416,22,72,83483,31398,7,10,4,Thursday,20.0,Moderate
9,14,7,414,23,71,83403,44734,8,10,4,Thursday,30.0,Unhealthy for Sensitive Groups
7,11,6,409,23,70,83287,36642,9,10,4,Thursday,23.333333333333332,Moderate
11,16,9,406,24,67,83170,52058,10,10,4,Thursday,36.666666666666664,Unhealthy for Sensitive Groups
16,24,12,405,25,64,83083,75371,11,10,4,Thursday,53.333333333333336,Unhealthy
11,17,9,407,25,61,83010,54061,12,10,4,Thursday,36.666666666666664,Unhealthy for Sensitive Groups
13,20,10,409,26,60,82994,61959,13,10,4,Thursday,43.333333333333336,Unhealthy for Sensitive Groups
16,25,13,416,25,66,83049,75704,14,10,4,Thursday,53.333333333333336,Unhealthy
9,14,7,421,23,65,83142,43389,15,10,4,Thursday,30.0,Unhealthy for Sensitive Groups
7,11,6,421,21,72,83204,35061,16,10,4,Thursday,23.333333333333332,Moderate
9,14,7,433,21,74,83216,43576,17,10,4,Thursday,30.0,Unhealthy for Sensitive Groups
12,18,9,452,21,74,83284,55502,18,10,4,Thursday,40.0,Unhealthy for Sensitive Groups
21,33,16,461,20,74,83288,106526,19,10,4,Thursday,70.0,Unhealthy
26,40,20,474,20,73,83279,133990,20,10,4,Thursday,86.66666666666667,Unhealthy
25,39,19,495,20,73,83218,129180,21,10,4,Thursday,83.33333333333334,Unhealthy
21,33,16,492,19,73,83145,105622,22,10,4,Thursday,70.0,Unhealthy
16,24,13,482,19,73,83084,74360,23,10,4,Thursday,53.333333333333336,Unhealthy
13,20,10,488,19,72,83060,62550,0,11,4,Friday,43.333333333333336,Unhealthy for Sensitive Groups
12,18,10,493,18,72,83081,57506,1,11,4,Friday,40.0,Unhealthy for Sensitive Groups
9,14,7,487,18,71,83101,44941,2,11,4,Friday,30.0,Unhealthy for Sensitive Groups
12,19,9,484,18,71,83141,53340,3,11,4,Friday,40.0,Unhealthy for Sensitive Groups
21,34,15,477,19,70,83185,91471,4,11,4,Friday,70.0,Unhealthy
14,22,11,443,23,67,83242,67392,5,11,4,Friday,46.666666666666664,Unhealthy for Sensitive Groups
10,15,8,409,26,59,83243,46434,6,11,4,Friday,33.33333333333333,Unhealthy for Sensitive Groups
6,9,5,404,28,51,83221,29182,7,11,4,Friday,20.0,Moderate
11,17,9,407,29,48,83142,54098,8,11,4,Friday,36.666666666666664,Unhealthy for Sensitive Groups
16,25,13,408,29,47,83047,78023,9,11,4,Friday,53.333333333333336,Unhealthy
11,17,9,404,29,47,82970,52832,10,11,4,Friday,36.666666666666664,Unhealthy for Sensitive Groups
10,15,8,403,28,49,82882,46937,11,11,4,Friday,33.33333333333333,Unhealthy for Sensitive Groups
7,12,6,401,27,51,82803,36054,12,11,4,Friday,23.333333333333332,Moderate
8,13,6,406,25,60,82823,37816,13,11,4,Friday,26.666666666666668,Moderate
10,16,8,410,24,63,82862,47158,14,11,4,Friday,33.33333333333333,Unhealthy for Sensitive Groups
10,17,8,414,23,63,82967,46292,15,11,4,Friday,33.33333333333333,Unhealthy for Sensitive Groups
6,9,5,415,21,68,83074,28858,16,11,4,Friday,20.0,Moderate
8,12,6,419,21,70,83103,38503,17,11,4,Friday,26.666666666666668,Moderate
10,15,8,429,21,71,83135,47748,18,11,4,Friday,33.33333333333333,Unhealthy for Sensitive Groups
12,18,9,437,21,73,83212,55038,19,11,4,Friday,40.0,Unhealthy for Sensitive Groups
10,15,8,441,20,74,83200,49127,20,11,4,Friday,33.33333333333333,Unhealthy for Sensitive Groups
12,18,9,448,20,74,83138,56416,21,11,4,Friday,40.0,Unhealthy for Sensitive Groups
10,16,8,437,20,75,83098,49113,22,11,4,Friday,33.33333333333333,Unhealthy for Sensitive Groups
8,13,6,449,20,74,83042,40147,23,11,4,Friday,26.666666666666668,Moderate
9,14,7,467,20,73,83047,44695,0,12,4,Saturday,30.0,Unhealthy for Sensitive Groups
10,15,8,476,20,73,83056,47611,1,12,4,Saturday,33.33333333333333,Unhealthy for Sensitive Groups
11,17,9,479,20,74,83103,53898,2,12,4,Saturday,36.666666666666664,Unhealthy for Sensitive Groups
17,26,13,481,19,75,83125,82197,3,12,4,Saturday,56.666666666666664,Unhealthy
20,31,16,457,21,73,83161,100425,4,12,4,Saturday,66.66666666666666,Unhealthy
17,25,13,420,23,68,83251,77520,5,12,4,Saturday,56.666666666666664,Unhealthy
23,35,17,417,22,71,83326,112914,6,12,4,Saturday,76.66666666666667,Unhealthy
28,42,21,414,22,69,83333,140234,7,12,4,Saturday,93.33333333333333,Unhealthy
26,40,20,409,24,64,83301,133343,8,12,4,Saturday,86.66666666666667,Unhealthy
18,28,14,406,25,59,83229,88391,9,12,4,Saturday,60.0,Unhealthy
12,18,9,403,26,56,83116,56675,10,12,4,Saturday,40.0,Unhealthy for Sensitive Groups
5,8,4,402,27,50,82995,26546,11,12,4,Saturday,16.666666666666664,Moderate
4,7,3,402,27,49,82932,22552,12,12,4,Saturday,13.333333333333334,Good
5,8,4,402,26,51,82901,24959,13,12,4,Saturday,16.666666666666664,Moderate
5,8,4,402,25,57,82931,25338,14,12,4,Saturday,16.666666666666664,Moderate
6,9,5,406,23,64,82980,29700,15,12,4,Saturday,20.0,Moderate
7,10,5,409,22,69,83073,32264,16,12,4,Saturday,23.333333333333332,Moderate
7,11,6,412,22,72,83154,36048,17,12,4,Saturday,23.333333333333332,Moderate
11,18,9,419,22,72,83214,52814,18,12,4,Saturday,36.666666666666664,Unhealthy for Sensitive Groups
11,17,8,420,22,72,83274,48725,19,12,4,Saturday,36.666666666666664,Unhealthy for Sensitive Groups
9,14,7,417,21,75,83305,40159,20,12,4,Saturday,30.0,Unhealthy for Sensitive Groups
6,10,5,417,21,76,83276,30072,21,12,4,Saturday,20.0,Moderate
4,6,3,417,21,76,83231,20129,22,12,4,Saturday,13.333333333333334,Good
3,5,2,417,21,77,83208,16605,23,12,4,Saturday,10.0,Good
3,5,2,418,20,77,83202,15743,0,13,4,Sunday,10.0,Good
4,6,3,418,20,77,83243,20428,1,13,4,Sunday,13.333333333333334,Good
6,9,4,421,20,76,83270,27100,2,13,4,Sunday,20.0,Moderate
10,15,8,427,20,76,83296,46095,3,13,4,Sunday,33.33333333333333,Unhealthy for Sensitive Groups
9,15,7,423,20,75,83346,43809,4,13,4,Sunday,30.0,Unhealthy for Sensitive Groups
4,7,3,413,20,73,83450,21200,5,13,4,Sunday,13.333333333333334,Good
4,7,3,409,21,71,83512,21545,6,13,4,Sunday,13.333333333333334,Good
6,9,5,408,23,64,83522,29020,7,13,4,Sunday,20.0,Moderate
6,9,5,405,25,57,83484,28934,8,13,4,Sunday,20.0,Moderate
3,5,2,403,26,53,83402,17498,9,13,4,Sunday,10.0,Good
4,6,3,404,26,53,83272,19199,10,13,4,Sunday,13.333333333333334,Good
4,6,3,403,26,54,83184,18868,11,13,4,Sunday,13.333333333333334,Good
3,4,2,401,26,52,83114,13952,12,13,4,Sunday,10.0,Good
3,5,2,401,27,52,83076,17721,13,13,4,Sunday,10.0,Good
4,6,3,406,25,58,83105,19293,14,13,4,Sunday,13.333333333333334,Good
3,4,2,411,24,62,83173,15191,15,13,4,Sunday,10.0,Good
4,7,3,414,22,68,83265,20782,16,13,4,Sunday,13.333333333333334,Good
4,6,3,416,22,73,83347,19305,17,13,4,Sunday,13.333333333333334,Good
6,9,4,425,22,74,83417,26471,18,13,4,Sunday,20.0,Moderate
6,9,5,420,21,77,83447,30084,19,13,4,Sunday,20.0,Moderate
6,9,5,420,21,78,83453,30526,20,13,4,Sunday,20.0,Moderate
8,12,6,424,21,77,83440,39407,21,13,4,Sunday,26.666666666666668,Moderate
10,15,8,421,21,77,83390,45488,22,13,4,Sunday,33.33333333333333,Unhealthy for Sensitive Groups
5,8,4,422,20,77,83335,25005,23,13,4,Sunday,16.666666666666664,Moderate
5,8,4,430,20,77,83308,24408,0,14,4,Monday,16.666666666666664,Moderate
4,7,3,427,20,77,83310,18403,1,14,4,Monday,13.333333333333334,Good
3,6,2,442,21,76,83325,17593,2,14,4,Monday,10.0,Good
3,5,2,427,20,76,83365,16058,3,14,4,Monday,10.0,Good
6,10,5,421,20,76,83390,31708,4,14,4,Monday,20.0,Moderate
10,15,8,414,21,74,83450,47917,5,14,4,Monday,33.33333333333333,Unhealthy for Sensitive Groups
9,13,7,415,24,65,83475,42504,6,14,4,Monday,30.0,Unhealthy for Sensitive Groups
11,17,9,411,25,60,83458,54513,7,14,4,Monday,36.666666666666664,Unhealthy for Sensitive Groups
9,14,7,408,26,53,83410,45534,8,14,4,Monday,30.0,Unhealthy for Sensitive Groups
10,16,8,407,27,52,83333,49677,9,14,4,Monday,33.33333333333333,Unhealthy for Sensitive Groups
8,12,6,406,27,51,83243,36879,10,14,4,Monday,26.666666666666668,Moderate
6,10,5,404,27,52,83132,28983,11,14,4,Monday,20.0,Moderate
4,8,3,403,26,54,83062,19466,12,14,4,Monday,13.333333333333334,Good
4,8,3,402,26,56,83036,21966,13,14,4,Monday,13.333333333333334,Good
6,10,5,404,25,59,83046,30743,14,14,4,Monday,20.0,Moderate
7,10,5,411,24,62,83101,31643,15,14,4,Monday,23.333333333333332,Moderate
6,9,5,412,23,63,83198,29008,16,14,4,Monday,20.0,Moderate
14,23,10,415,23,66,83285,61936,17,14,4,Monday,46.666666666666664,Unhealthy for Sensitive Groups
9,14,7,422,22,68,83360,41920,18,14,4,Monday,30.0,Unhealthy for Sensitive Groups
10,15,8,433,22,70,83417,46993,19,14,4,Monday,33.33333333333333,Unhealthy for Sensitive Groups
8,12,6,431,22,70,83434,38525,20,14,4,Monday,26.666666666666668,Moderate
9,13,6,440,22,71,83394,40442,21,14,4,Monday,30.0,Unhealthy for Sensitive Groups
8,12,6,448,21,72,83319,36088,22,14,4,Monday,26.666666666666668,Moderate
8,12,6,445,21,74,83268,37341,23,14,4,Monday,26.666666666666668,Moderate
9,13,7,438,21,75,83245,41480,0,15,4,Tuesday,30.0,Unhealthy for Sensitive Groups
7,11,6,435,20,76,83238,36488,1,15,4,Tuesday,23.333333333333332,Moderate
5,8,4,425,21,76,83262,24956,2,15,4,Tuesday,16.666666666666664,Moderate
8,12,6,426,21,75,83300,39864,3,15,4,Tuesday,26.666666666666668,Moderate
9,13,7,429,21,76,83351,42906,4,15,4,Tuesday,30.0,Unhealthy for Sensitive Groups
7,10,6,423,22,70,83399,33311,5,15,4,Tuesday,23.333333333333332,Moderate
5,8,4,414,24,63,83426,25959,6,15,4,Tuesday,16.666666666666664,Moderate
4,6,3,405,26,56,83399,20539,7,15,4,Tuesday,13.333333333333334,Good
5,8,4,406,27,52,83337,26815,8,15,4,Tuesday,16.666666666666664,Moderate
4,5,3,405,29,49,83270,18136,9,15,4,Tuesday,13.333333333333334,Good
2,3,2,403,29,43,83195,10483,10,15,4,Tuesday,6.666666666666667,Good
1,2,1,402,28,43,83107,8020,11,15,4,Tuesday,3.3333333333333335,Good
1,2,1,401,28,42,83028,8372,12,15,4,Tuesday,3.3333333333333335,Good
1,2,1,401,27,42,83020,8800,13,15,4,Tuesday,3.3333333333333335,Good
2,3,2,404,26,46,83026,10057,14,15,4,Tuesday,6.666666666666667,Good
4,6,3,410,24,51,83068,18598,15,15,4,Tuesday,13.333333333333334,Good
8,12,6,414,23,58,83131,36683,16,15,4,Tuesday,26.666666666666668,Moderate
7,12,6,417,22,64,83245,36209,17,15,4,Tuesday,23.333333333333332,Moderate
9,13,7,419,22,68,83309,41800,18,15,4,Tuesday,30.0,Unhealthy for Sensitive Groups
7,11,6,432,22,69,83347,34986,19,15,4,Tuesday,23.333333333333332,Moderate
7,11,6,445,21,69,83351,35392,20,15,4,Tuesday,23.333333333333332,Moderate
6,9,5,443,20,71,83375,30149,21,15,4,Tuesday,20.0,Moderate
6,9,5,445,20,71,83336,29717,22,15,4,Tuesday,20.0,Moderate
5,8,4,437,21,72,83261,26008,23,15,4,Tuesday,16.666666666666664,Moderate
5,8,4,435,20,72,83231,25527,0,16,4,Wednesday,16.666666666666664,Moderate
6,10,5,447,20,71,83239,30760,1,16,4,Wednesday,20.0,Moderate
8,11,6,458,19,71,83258,35453,2,16,4,Wednesday,26.666666666666668,Moderate
7,10,5,464,19,71,83306,32096,3,16,4,Wednesday,23.333333333333332,Moderate
10,15,8,458,20,70,83380,46496,4,16,4,Wednesday,33.33333333333333,Unhealthy for Sensitive Groups
8,12,6,426,23,64,83433,38139,5,16,4,Wednesday,26.666666666666668,Moderate
2,4,2,410,25,57,83476,12827,6,16,4,Wednesday,6.666666666666667,Good
7,11,6,408,26,53,83511,36464,7,16,4,Wednesday,23.333333333333332,Moderate
7,11,5,408,27,49,83458,33486,8,16,4,Wednesday,23.333333333333332,Moderate
4,6,3,406,28,44,83374,18905,9,16,4,Wednesday,13.333333333333334,Good
2,4,2,403,29,41,83272,13213,10,16,4,Wednesday,6.666666666666667,Good
3,5,2,402,29,42,83168,16395,11,16,4,Wednesday,10.0,Good
3,5,2,400,29,44,83081,15177,12,16,4,Wednesday,10.0,Good
2,4,2,400,28,44,83037,13202,13,16,4,Wednesday,6.666666666666667,Good
2,4,2,401,26,50,83063,13011,14,16,4,Wednesday,6.666666666666667,Good
4,7,3,407,25,55,83130,21963,15,16,4,Wednesday,13.333333333333334,Good
7,11,5,410,24,60,83198,31655,16,16,4,Wednesday,23.333333333333332,Moderate
8,13,7,415,23,64,83278,39145,17,16,4,Wednesday,26.666666666666668,Moderate
13,21,11,432,22,66,83343,61862,18,16,4,Wednesday,43.333333333333336,Unhealthy for Sensitive Groups
14,21,11,428,22,68,83375,64592,19,16,4,Wednesday,46.666666666666664,Unhealthy for Sensitive Groups
9,13,7,418,22,70,83373,41204,20,16,4,Wednesday,30.0,Unhealthy for Sensitive Groups
8,13,6,419,22,72,83316,39558,21,16,4,Wednesday,26.666666666666668,Moderate
8,12,6,419,22,74,83258,38223,22,16,4,Wednesday,26.666666666666668,Moderate
6,9,5,417,21,74,83222,29333,23,16,4,Wednesday,20.0,Moderate
9,13,7,421,21,76,83245,41362,0,17,4,Thursday,30.0,Unhealthy for Sensitive Groups
12,18,9,427,21,75,83230,55505,1,17,4,Thursday,40.0,Unhealthy for Sensitive Groups
12,18,9,432,21,75,83252,54888,2,17,4,Thursday,40.0,Unhealthy for Sensitive Groups
17,25,13,444,20,74,83278,77190,3,17,4,Thursday,56.666666666666664,Unhealthy
19,28,15,443,21,74,83324,87952,4,17,4,Thursday,63.33333333333333,Unhealthy
32,49,24,420,22,70,83372,164064,5,17,4,Thursday,106.66666666666667,Very Unhealthy
59,91,45,421,25,61,83392,318563,6,17,4,Thursday,196.66666666666666,Very Unhealthy
49,75,39,412,27,54,83383,270574,7,17,4,Thursday,163.33333333333334,Very Unhealthy
29,44,22,407,27,48,83322,145496,8,17,4,Thursday,96.66666666666667,Unhealthy
15,23,11,404,29,43,83250,68669,9,17,4,Thursday,50.0,Unhealthy
11,17,8,403,30,39,83167,50409,10,17,4,Thursday,36.666666666666664,Unhealthy for Sensitive Groups
8,13,6,402,30,37,83060,37501,11,17,4,Thursday,26.666666666666668,Moderate
5,8,4,402,30,36,82999,23559,12,17,4,Thursday,16.666666666666664,Moderate
5,8,4,402,29,40,82971,25506,13,17,4,Thursday,16.666666666666664,Moderate
3,6,2,404,27,45,83009,18037,14,17,4,Thursday,10.0,Good
4,7,3,408,25,49,83058,20115,15,17,4,Thursday,13.333333333333334,Good
8,13,6,412,25,52,83125,34654,16,17,4,Thursday,26.666666666666668,Moderate
10,15,8,415,24,55,83209,45660,17,17,4,Thursday,33.33333333333333,Unhealthy for Sensitive Groups
7,12,6,416,23,61,83288,34826,18,17,4,Thursday,23.333333333333332,Moderate
5,8,4,412,22,70,83337,23995,19,17,4,Thursday,16.666666666666664,Moderate
3,5,3,413,22,69,83366,16899,20,17,4,Thursday,10.0,Good
2,4,2,417,22,66,83322,13947,21,17,4,Thursday,6.666666666666667,Good
3,5,3,420,22,69,83262,17182,22,17,4,Thursday,10.0,Good
2,3,2,425,22,68,83184,12010,23,17,4,Thursday,6.666666666666667,Good
3,4,2,436,21,69,83147,13922,0,18,4,Friday,10.0,Good
3,5,2,437,22,69,83179,16533,1,18,4,Friday,10.0,Good
3,5,2,449,21,70,83216,16271,2,18,4,Friday,10.0,Good
4,6,3,457,21,71,83263,19547,3,18,4,Friday,13.333333333333334,Good
6,10,5,445,22,71,83366,29471,4,18,4,Friday,20.0,Moderate
6,9,5,427,22,69,83402,28321,5,18,4,Friday,20.0,Moderate
3,6,3,410,24,64,83417,18452,6,18,4,Friday,10.0,Good
3,5,2,405,28,52,83384,16127,7,18,4,Friday,10.0,Good
8,12,6,404,28,51,83340,37951,8,18,4,Friday,26.666666666666668,Moderate
8,13,6,403,29,47,83239,40263,9,18,4,Friday,26.666666666666668,Moderate
7,11,6,402,29,46,83105,35901,10,18,4,Friday,23.333333333333332,Moderate
7,11,6,402,29,45,82990,33580,11,18,4,Friday,23.333333333333332,Moderate
7,12,6,402,30,42,82884,35730,12,18,4,Friday,23.333333333333332,Moderate
7,12,6,402,29,44,82863,34218,13,18,4,Friday,23.333333333333332,Moderate
7,13,5,406,27,49,82877,33517,14,18,4,Friday,23.333333333333332,Moderate
10,17,8,412,25,55,82911,45645,15,18,4,Friday,33.33333333333333,Unhealthy for Sensitive Groups
14,21,11,413,25,57,82977,62425,16,18,4,Friday,46.666666666666664,Unhealthy for Sensitive Groups
9,14,7,413,24,63,83078,43408,17,18,4,Friday,30.0,Unhealthy for Sensitive Groups
8,13,6,415,23,65,83177,39565,18,18,4,Friday,26.666666666666668,Moderate
7,11,5,415,23,69,83238,32513,19,18,4,Friday,23.333333333333332,Moderate
4,7,3,415,22,69,83285,18816,20,18,4,Friday,13.333333333333334,Good
3,4,2,419,21,71,83253,13866,21,18,4,Friday,10.0,Good
3,4,2,421,21,71,83193,13738,22,18,4,Friday,10.0,Good
3,5,2,431,21,71,83153,15921,23,18,4,Friday,10.0,Good
3,5,2,436,21,73,83167,15003,0,19,4,Saturday,10.0,Good
1,2,1,425,20,74,83174,7950,1,19,4,Saturday,3.3333333333333335,Good
1,2,1,434,20,73,83175,7320,2,19,4,Saturday,3.3333333333333335,Good
2,3,2,450,20,72,83198,11166,3,19,4,Saturday,6.666666666666667,Good
5,7,4,446,21,71,83233,23241,4,19,4,Saturday,16.666666666666664,Moderate
4,6,3,424,24,64,83289,19050,5,19,4,Saturday,13.333333333333334,Good
3,4,2,408,26,56,83303,14213,6,19,4,Saturday,10.0,Good
13,19,10,409,28,52,83305,61073,7,19,4,Saturday,43.333333333333336,Unhealthy for Sensitive Groups
24,38,19,410,28,51,83251,130815,8,19,4,Saturday,80.0,Unhealthy
24,38,19,408,29,48,83152,129400,9,19,4,Saturday,80.0,Unhealthy
16,24,13,408,30,43,83030,77136,10,19,4,Saturday,53.333333333333336,Unhealthy
11,16,8,405,31,40,82910,51624,11,19,4,Saturday,36.666666666666664,Unhealthy for Sensitive Groups
10,16,8,406,28,47,82844,46617,12,19,4,Saturday,33.33333333333333,Unhealthy for Sensitive Groups
8,14,6,412,25,57,82886,38774,13,19,4,Saturday,26.666666666666668,Moderate
5,8,4,419,24,62,82901,23262,14,19,4,Saturday,16.666666666666664,Moderate
5,9,4,429,24,64,82959,26658,15,19,4,Saturday,16.666666666666664,Moderate
10,16,8,442,23,66,83033,49302,16,19,4,Saturday,33.33333333333333,Unhealthy for Sensitive Groups
14,21,11,427,23,68,83138,64363,17,19,4,Saturday,46.666666666666664,Unhealthy for Sensitive Groups
5,8,4,418,22,70,83228,26522,18,19,4,Saturday,16.666666666666664,Moderate
5,7,4,421,22,70,83292,23546,19,19,4,Saturday,16.666666666666664,Moderate
4,7,3,424,21,74,83314,22037,20,19,4,Saturday,13.333333333333334,Good
3,4,2,421,21,73,83255,15225,21,19,4,Saturday,10.0,Good
3,5,2,426,21,72,83163,14778,22,19,4,Saturday,10.0,Good
3,5,2,437,21,73,83081,16691,23,19,4,Saturday,10.0,Good
3,5,2,447,21,73,83096,16312,0,20,4,Sunday,10.0,Good
3,5,2,451,21,73,83133,18238,1,20,4,Sunday,10.0,Good
8,12,6,465,20,74,83184,37849,2,20,4,Sunday,26.666666666666668,Moderate
5,8,4,448,20,75,83251,24446,3,20,4,Sunday,16.666666666666664,Moderate
3,5,2,433,20,75,83291,16477,4,20,4,Sunday,10.0,Good
3,5,2,429,21,71,83294,15258,5,20,4,Sunday,10.0,Good
3,5,2,419,24,65,83289,16342,6,20,4,Sunday,10.0,Good
2,3,2,408,26,56,83272,10112,7,20,4,Sunday,6.666666666666667,Good
6,9,5,410,28,50,83192,28457,8,20,4,Sunday,20.0,Moderate
10,16,8,411,29,47,83082,50537,9,20,4,Sunday,33.33333333333333,Unhealthy for Sensitive Groups
10,16,8,408,30,44,82963,50196,10,20,4,Sunday,33.33333333333333,Unhealthy for Sensitive Groups
8,13,6,408,28,52,82875,41134,11,20,4,Sunday,26.666666666666668,Moderate
4,5,3,412,24,59,82901,18547,12,20,4,Sunday,13.333333333333334,Good
4,7,3,415,23,64,82954,21937,13,20,4,Sunday,13.333333333333334,Good
5,7,4,416,23,65,83005,22961,14,20,4,Sunday,16.666666666666664,Moderate
8,12,6,425,23,66,83041,39530,15,20,4,Sunday,26.666666666666668,Moderate
10,15,8,436,22,68,83119,47614,16,20,4,Sunday,33.33333333333333,Unhealthy for Sensitive Groups
9,13,7,427,22,69,83207,42681,17,20,4,Sunday,30.0,Unhealthy for Sensitive Groups
5,8,4,420,22,70,83246,26718,18,20,4,Sunday,16.666666666666664,Moderate
6,9,5,428,21,71,83272,27935,19,20,4,Sunday,20.0,Moderate
5,8,4,423,21,73,83290,24706,20,20,4,Sunday,16.666666666666664,Moderate
2,4,2,423,21,74,83265,13569,21,20,4,Sunday,6.666666666666667,Good
3,5,2,432,21,74,83214,17990,22,20,4,Sunday,10.0,Good
8,12,6,429,20,76,83172,36380,23,20,4,Sunday,26.666666666666668,Moderate
5,8,4,428,20,75,83170,25888,0,21,4,Monday,16.666666666666664,Moderate
3,5,2,428,21,75,83178,15793,1,21,4,Monday,10.0,Good
3,4,2,425,21,74,83179,13967,2,21,4,Monday,10.0,Good
3,5,2,431,21,74,83240,17378,3,21,4,Monday,10.0,Good
4,6,3,434,21,73,83296,20914,4,21,4,Monday,13.333333333333334,Good
5,8,4,428,22,72,83355,26761,5,21,4,Monday,16.666666666666664,Moderate
6,9,5,421,24,65,83394,30040,6,21,4,Monday,20.0,Moderate
4,6,3,411,25,58,83353,20151,7,21,4,Monday,13.333333333333334,Good
3,5,2,408,27,53,83250,16285,8,21,4,Monday,10.0,Good
6,8,4,405,28,50,83126,27639,9,21,4,Monday,20.0,Moderate
6,9,5,406,29,45,83002,30674,10,21,4,Monday,20.0,Moderate
3,5,2,406,28,46,82935,16113,11,21,4,Monday,10.0,Good
3,4,2,406,27,47,82902,13244,12,21,4,Monday,10.0,Good
3,5,2,407,26,56,82925,17416,13,21,4,Monday,10.0,Good
4,7,3,410,24,62,83011,21450,14,21,4,Monday,13.333333333333334,Good
4,6,3,415,24,64,83089,19394,15,21,4,Monday,13.333333333333334,Good
3,5,2,414,22,67,83183,17041,16,21,4,Monday,10.0,Good
2,3,2,417,19,74,83295,11679,17,21,4,Monday,6.666666666666667,Good
2,3,2,418,20,72,83314,11724,18,21,4,Monday,6.666666666666667,Good
3,4,2,423,21,73,83332,14104,19,21,4,Monday,10.0,Good
5,8,4,430,21,73,83331,24928,20,21,4,Monday,16.666666666666664,Moderate
5,8,4,439,21,74,83269,26204,21,21,4,Monday,16.666666666666664,Moderate
3,5,2,423,21,75,83190,18240,22,21,4,Monday,10.0,Good
3,5,2,422,21,76,83125,16407,23,21,4,Monday,10.0,Good
2,4,2,420,21,76,83124,13510,0,22,4,Tuesday,6.666666666666667,Good
3,5,2,424,21,77,83141,15931,1,22,4,Tuesday,10.0,Good
5,7,4,422,20,78,83182,23320,2,22,4,Tuesday,16.666666666666664,Moderate
9,14,7,419,20,80,83238,44767,3,22,4,Tuesday,30.0,Unhealthy for Sensitive Groups
10,16,8,421,20,79,83279,50784,4,22,4,Tuesday,33.33333333333333,Unhealthy for Sensitive Groups
13,19,10,419,20,79,83344,60493,5,22,4,Tuesday,43.333333333333336,Unhealthy for Sensitive Groups
10,15,8,414,21,77,83398,46627,6,22,4,Tuesday,33.33333333333333,Unhealthy for Sensitive Groups
8,12,6,408,22,74,83403,38605,7,22,4,Tuesday,26.666666666666668,Moderate
5,8,4,406,24,65,83341,27124,8,22,4,Tuesday,16.666666666666664,Moderate
4,7,3,406,25,60,83253,21722,9,22,4,Tuesday,13.333333333333334,Good
3,4,2,403,26,58,83162,14069,10,22,4,Tuesday,10.0,Good
2,3,2,403,27,55,83068,12450,11,22,4,Tuesday,6.666666666666667,Good
2,3,2,405,26,54,83002,11560,12,22,4,Tuesday,6.666666666666667,Good
3,4,2,404,26,58,83023,14711,13,22,4,Tuesday,10.0,Good
3,5,3,408,25,57,83087,17291,14,22,4,Tuesday,10.0,Good
7,11,6,415,24,61,83138,33864,15,22,4,Tuesday,23.333333333333332,Moderate
8,12,6,418,23,68,83230,38102,16,22,4,Tuesday,26.666666666666668,Moderate
12,19,10,420,22,70,83282,59069,17,22,4,Tuesday,40.0,Unhealthy for Sensitive Groups
12,18,10,432,22,70,83323,56301,18,22,4,Tuesday,40.0,Unhealthy for Sensitive Groups
12,19,10,442,21,72,83341,58132,19,22,4,Tuesday,40.0,Unhealthy for Sensitive Groups
12,18,9,429,21,76,83353,55760,20,22,4,Tuesday,40.0,Unhealthy for Sensitive Groups
6,9,5,419,20,78,83319,29031,21,22,4,Tuesday,20.0,Moderate
3,4,2,418,20,77,83250,15075,22,22,4,Tuesday,10.0,Good
2,3,2,418,20,77,83188,11696,23,22,4,Tuesday,6.666666666666667,Good
1,2,1,421,20,77,83166,8425,0,23,4,Wednesday,3.3333333333333335,Good
1,2,1,422,20,77,83180,8841,1,23,4,Wednesday,3.3333333333333335,Good
1,2,1,423,20,77,83220,9087,2,23,4,Wednesday,3.3333333333333335,Good
2,3,2,422,20,77,83267,10687,3,23,4,Wednesday,6.666666666666667,Good
2,3,2,421,20,77,83331,11529,4,23,4,Wednesday,6.666666666666667,Good
2,3,2,416,20,78,83394,10756,5,23,4,Wednesday,6.666666666666667,Good
2,3,2,413,21,78,83437,10224,6,23,4,Wednesday,6.666666666666667,Good
1,2,1,410,21,75,83421,9519,7,23,4,Wednesday,3.3333333333333335,Good
3,4,2,405,23,70,83356,14845,8,23,4,Wednesday,10.0,Good
3,4,2,406,24,68,83271,14829,9,23,4,Wednesday,10.0,Good
4,7,3,411,21,75,83227,22848,10,23,4,Wednesday,13.333333333333334,Good
3,5,3,408,22,70,83119,16816,11,23,4,Wednesday,10.0,Good
2,3,2,407,23,66,83032,11634,12,23,4,Wednesday,6.666666666666667,Good
2,4,2,408,23,66,83037,11810,13,23,4,Wednesday,6.666666666666667,Good
3,4,2,413,22,67,83109,14273,14,23,4,Wednesday,10.0,Good
5,7,4,420,21,68,83178,23667,15,23,4,Wednesday,16.666666666666664,Moderate
6,10,5,424,21,69,83253,30918,16,23,4,Wednesday,20.0,Moderate
10,15,8,426,21,70,83306,47634,17,23,4,Wednesday,33.33333333333333,Unhealthy for Sensitive Groups
10,15,8,426,21,72,83361,46084,18,23,4,Wednesday,33.33333333333333,Unhealthy for Sensitive Groups
7,11,6,424,20,75,83373,35796,19,23,4,Wednesday,23.333333333333332,Moderate
7,11,6,426,20,76,83360,35904,20,23,4,Wednesday,23.333333333333332,Moderate
7,10,5,423,19,78,83307,31907,21,23,4,Wednesday,23.333333333333332,Moderate
4,7,3,420,18,81,83267,21680,22,23,4,Wednesday,13.333333333333334,Good
4,6,3,419,18,79,83243,20787,23,23,4,Wednesday,13.333333333333334,Good
5,8,4,420,18,78,83193,25676,0,24,4,Thursday,16.666666666666664,Moderate
5,8,4,422,18,77,83196,24893,1,24,4,Thursday,16.666666666666664,Moderate
5,7,4,429,18,76,83234,24252,2,24,4,Thursday,16.666666666666664,Moderate
7,11,6,428,18,75,83261,33477,3,24,4,Thursday,23.333333333333332,Moderate
10,15,8,427,19,75,83300,46243,4,24,4,Thursday,33.33333333333333,Unhealthy for Sensitive Groups
10,15,8,416,21,72,83359,48078,5,24,4,Thursday,33.33333333333333,Unhealthy for Sensitive Groups
9,14,7,412,21,70,83401,45112,6,24,4,Thursday,30.0,Unhealthy for Sensitive Groups
12,18,10,410,23,66,83385,57481,7,24,4,Thursday,40.0,Unhealthy for Sensitive Groups
11,16,9,407,24,62,83335,52042,8,24,4,Thursday,36.666666666666664,Unhealthy for Sensitive Groups
9,14,7,407,25,58,83269,43164,9,24,4,Thursday,30.0,Unhealthy for Sensitive Groups
9,13,7,406,25,55,83197,41235,10,24,4,Thursday,30.0,Unhealthy for Sensitive Groups
8,12,6,407,26,51,83116,39792,11,24,4,Thursday,26.666666666666668,Moderate
8,12,6,407,26,52,83056,38916,12,24,4,Thursday,26.666666666666668,Moderate
8,13,6,407,25,52,83042,40152,13,24,4,Thursday,26.666666666666668,Moderate
9,14,7,410,23,56,83061,42980,14,24,4,Thursday,30.0,Unhealthy for Sensitive Groups
10,16,8,415,22,61,83120,48250,15,24,4,Thursday,33.33333333333333,Unhealthy for Sensitive Groups
15,23,12,421,22,68,83201,71122,16,24,4,Thursday,50.0,Unhealthy
14,22,11,422,21,70,83272,67686,17,24,4,Thursday,46.666666666666664,Unhealthy for Sensitive Groups
15,23,12,421,21,71,83339,71514,18,24,4,Thursday,50.0,Unhealthy
16,24,13,421,21,73,83366,73139,19,24,4,Thursday,53.333333333333336,Unhealthy
17,26,14,424,20,75,83374,78815,20,24,4,Thursday,56.666666666666664,Unhealthy
14,21,11,422,20,77,83332,63410,21,24,4,Thursday,46.666666666666664,Unhealthy for Sensitive Groups
12,18,9,423,20,78,83274,55582,22,24,4,Thursday,40.0,Unhealthy for Sensitive Groups
10,15,8,422,20,77,83233,46788,23,24,4,Thursday,33.33333333333333,Unhealthy for Sensitive Groups
9,14,7,424,20,76,83196,43746,0,25,4,Friday,30.0,Unhealthy for Sensitive Groups
9,13,7,423,20,77,83191,41477,1,25,4,Friday,30.0,Unhealthy for Sensitive Groups
9,14,7,420,19,78,83229,42864,2,25,4,Friday,30.0,Unhealthy for Sensitive Groups
10,15,7,421,19,78,83277,45505,3,25,4,Friday,33.33333333333333,Unhealthy for Sensitive Groups
8,13,7,422,20,76,83341,39982,4,25,4,Friday,26.666666666666668,Moderate
9,14,7,415,21,73,83393,44532,5,25,4,Friday,30.0,Unhealthy for Sensitive Groups
10,16,8,413,21,72,83423,50000,6,25,4,Friday,33.33333333333333,Unhealthy for Sensitive Groups
9,14,7,410,23,66,83404,42756,7,25,4,Friday,30.0,Unhealthy for Sensitive Groups
6,9,4,408,25,58,83365,27621,8,25,4,Friday,20.0,Moderate
5,8,4,406,25,54,83292,24727,9,25,4,Friday,16.666666666666664,Moderate
3,4,2,405,26,51,83189,14476,10,25,4,Friday,10.0,Good
2,3,2,405,25,51,83115,12057,11,25,4,Friday,6.666666666666667,Good
2,3,2,403,25,49,83059,10531,12,25,4,Friday,6.666666666666667,Good
2,3,2,404,24,50,83038,10199,13,25,4,Friday,6.666666666666667,Good
3,4,2,406,23,53,83057,13858,14,25,4,Friday,10.0,Good
6,9,5,411,23,57,83093,26883,15,25,4,Friday,20.0,Moderate
8,12,6,414,22,62,83156,36012,16,25,4,Friday,26.666666666666668,Moderate
9,14,7,415,21,68,83232,43660,17,25,4,Friday,30.0,Unhealthy for Sensitive Groups
10,15,8,418,21,70,83303,46903,18,25,4,Friday,33.33333333333333,Unhealthy for Sensitive Groups
9,13,7,420,21,72,83340,41485,19,25,4,Friday,30.0,Unhealthy for Sensitive Groups
9,13,7,426,20,73,83346,42513,20,25,4,Friday,30.0,Unhealthy for Sensitive Groups
9,14,7,432,20,74,83291,43409,21,25,4,Friday,30.0,Unhealthy for Sensitive Groups
8,12,6,437,20,74,83211,38951,22,25,4,Friday,26.666666666666668,Moderate
4,7,3,425,20,74,83158,22461,23,25,4,Friday,13.333333333333334,Good
3,5,2,427,20,74,83147,16421,0,26,4,Saturday,10.0,Good
3,5,2,440,19,73,83145,17757,1,26,4,Saturday,10.0,Good
4,6,3,459,19,72,83189,20571,2,26,4,Saturday,13.333333333333334,Good
6,9,5,470,19,73,83233,28584,3,26,4,Saturday,20.0,Moderate
8,12,6,454,19,73,83296,37613,4,26,4,Saturday,26.666666666666668,Moderate
7,11,6,416,21,69,83349,36451,5,26,4,Saturday,23.333333333333332,Moderate
3,5,3,408,24,58,83361,18062,6,26,4,Saturday,10.0,Good
22,33,16,410,26,49,83334,112353,7,26,4,Saturday,73.33333333333333,Unhealthy
15,23,11,409,28,43,83284,72336,8,26,4,Saturday,50.0,Unhealthy
9,13,7,406,28,38,83218,42001,9,26,4,Saturday,30.0,Unhealthy for Sensitive Groups
4,6,3,404,29,34,83092,19829,10,26,4,Saturday,13.333333333333334,Good
4,6,3,402,28,39,83021,19581,11,26,4,Saturday,13.333333333333334,Good
3,5,2,401,27,41,82983,15009,12,26,4,Saturday,10.0,Good
3,5,2,402,27,46,82983,16745,13,26,4,Saturday,10.0,Good
3,5,2,404,25,49,83023,15160,14,26,4,Saturday,10.0,Good
4,6,3,410,24,53,83064,19913,15,26,4,Saturday,13.333333333333334,Good
9,14,7,416,23,58,83117,42228,16,26,4,Saturday,30.0,Unhealthy for Sensitive Groups
11,16,9,425,22,62,83172,50540,17,26,4,Saturday,36.666666666666664,Unhealthy for Sensitive Groups
12,18,10,441,22,65,83257,56318,18,26,4,Saturday,40.0,Unhealthy for Sensitive Groups
15,23,12,443,21,68,83300,71551,19,26,4,Saturday,50.0,Unhealthy
9,13,7,425,21,69,83308,41800,20,26,4,Saturday,30.0,Unhealthy for Sensitive Groups
5,8,4,418,21,71,83295,24083,21,26,4,Saturday,16.666666666666664,Moderate
3,4,2,413,21,72,83239,14333,22,26,4,Saturday,10.0,Good
3,5,3,413,20,74,83195,17397,23,26,4,Saturday,10.0,Good
3,4,2,415,20,73,83149,14629,0,27,4,Sunday,10.0,Good
2,3,2,429,20,73,83153,11535,1,27,4,Sunday,6.666666666666667,Good
3,5,2,431,20,74,83192,16977,2,27,4,Sunday,10.0,Good
4,6,3,440,20,74,83244,21070,3,27,4,Sunday,13.333333333333334,Good
4,6,3,440,20,73,83295,19527,4,27,4,Sunday,13.333333333333334,Good
11,17,9,414,23,65,83360,52933,5,27,4,Sunday,36.666666666666664,Unhealthy for Sensitive Groups
8,12,6,406,26,53,83375,39577,6,27,4,Sunday,26.666666666666668,Moderate
7,11,6,405,27,48,83331,35737,7,27,4,Sunday,23.333333333333332,Moderate
6,10,5,404,28,44,83296,30529,8,27,4,Sunday,20.0,Moderate
3,5,2,404,29,37,83217,17086,9,27,4,Sunday,10.0,Good
4,6,3,402,29,38,83122,20268,10,27,4,Sunday,13.333333333333334,Good
5,8,4,403,28,41,83049,24972,11,27,4,Sunday,16.666666666666664,Moderate
5,8,4,402,29,38,82990,25870,12,27,4,Sunday,16.666666666666664,Moderate
4,6,3,402,28,39,82966,19271,13,27,4,Sunday,13.333333333333334,Good
3,5,2,402,26,44,83001,16227,14,27,4,Sunday,10.0,Good
3,4,2,405,24,52,83041,14116,15,27,4,Sunday,10.0,Good
5,8,4,410,23,57,83075,25393,16,27,4,Sunday,16.666666666666664,Moderate
7,10,6,413,23,60,83122,32940,17,27,4,Sunday,23.333333333333332,Moderate
7,10,6,419,22,64,83176,32339,18,27,4,Sunday,23.333333333333332,Moderate
8,12,6,430,22,67,83209,38296,19,27,4,Sunday,26.666666666666668,Moderate
9,13,7,446,21,69,83238,41030,20,27,4,Sunday,30.0,Unhealthy for Sensitive Groups
5,7,4,425,21,71,83220,23678,21,27,4,Sunday,16.666666666666664,Moderate
2,3,1,416,21,70,83185,9980,22,27,4,Sunday,6.666666666666667,Good
1,2,1,422,21,69,83123,6925,23,27,4,Sunday,3.3333333333333335,Good
1,2,1,432,20,70,83107,8016,0,28,4,Monday,3.3333333333333335,Good
1,2,1,444,20,70,83126,8452,1,28,4,Monday,3.3333333333333335,Good
2,3,2,447,20,73,83162,11999,2,28,4,Monday,6.666666666666667,Good
4,6,3,449,20,72,83200,20265,3,28,4,Monday,13.333333333333334,Good
6,10,5,429,21,71,83251,32048,4,28,4,Monday,20.0,Moderate
9,13,7,410,23,63,83286,42058,5,28,4,Monday,30.0,Unhealthy for Sensitive Groups
19,28,14,410,25,57,83296,90954,6,28,4,Monday,63.33333333333333,Unhealthy
25,38,19,410,26,53,83283,126912,7,28,4,Monday,83.33333333333334,Unhealthy
22,34,16,407,27,50,83201,111950,8,28,4,Monday,73.33333333333333,Unhealthy
18,27,14,405,29,43,83122,84004,9,28,4,Monday,60.0,Unhealthy
13,21,11,404,30,41,83025,63489,10,28,4,Monday,43.333333333333336,Unhealthy for Sensitive Groups
11,17,9,404,30,37,82932,51187,11,28,4,Monday,36.666666666666664,Unhealthy for Sensitive Groups
9,15,7,403,29,38,82854,42872,12,28,4,Monday,30.0,Unhealthy for Sensitive Groups
8,14,7,404,28,40,82831,40306,13,28,4,Monday,26.666666666666668,Moderate
7,11,6,406,27,43,82842,33633,14,28,4,Monday,23.333333333333332,Moderate
10,16,8,415,25,49,82881,47425,15,28,4,Monday,33.33333333333333,Unhealthy for Sensitive Groups
10,16,8,417,24,56,82957,48899,16,28,4,Monday,33.33333333333333,Unhealthy for Sensitive Groups
12,20,10,429,24,59,83036,57780,17,28,4,Monday,40.0,Unhealthy for Sensitive Groups
10,15,8,423,23,63,83107,45794,18,28,4,Monday,33.33333333333333,Unhealthy for Sensitive Groups
9,13,7,428,23,65,83134,41259,19,28,4,Monday,30.0,Unhealthy for Sensitive Groups
7,10,6,418,22,67,83131,32447,20,28,4,Monday,23.333333333333332,Moderate
4,7,3,416,22,70,83093,21429,21,28,4,Monday,13.333333333333334,Good
4,6,3,415,22,72,83060,18232,22,28,4,Monday,13.333333333333334,Good
3,5,2,415,21,74,83023,15254,23,28,4,Monday,10.0,Good
3,6,2,416,21,74,83012,18074,0,29,4,Tuesday,10.0,Good
4,6,3,415,21,75,83038,19043,1,29,4,Tuesday,13.333333333333334,Good
3,5,2,424,21,74,83036,18344,2,29,4,Tuesday,10.0,Good
3,5,2,443,21,73,83073,17619,3,29,4,Tuesday,10.0,Good
7,11,6,437,21,73,83122,36197,4,29,4,Tuesday,23.333333333333332,Moderate
9,14,7,414,22,69,83171,44864,5,29,4,Tuesday,30.0,Unhealthy for Sensitive Groups
9,13,7,414,24,63,83180,42791,6,29,4,Tuesday,30.0,Unhealthy for Sensitive Groups
15,22,11,409,27,54,83170,70703,7,29,4,Tuesday,50.0,Unhealthy
26,40,19,409,27,53,83133,133018,8,29,4,Tuesday,86.66666666666667,Unhealthy
21,32,16,406,28,49,83062,104207,9,29,4,Tuesday,70.0,Unhealthy
15,23,12,404,29,44,82987,69741,10,29,4,Tuesday,50.0,Unhealthy
10,15,8,402,30,42,82887,47601,11,29,4,Tuesday,33.33333333333333,Unhealthy for Sensitive Groups
5,8,4,401,29,42,82810,26001,12,29,4,Tuesday,16.666666666666664,Moderate
5,8,4,403,28,47,82787,25383,13,29,4,Tuesday,16.666666666666664,Moderate
8,14,7,410,26,54,82789,38611,14,29,4,Tuesday,26.666666666666668,Moderate
12,21,10,417,25,58,82846,56873,15,29,4,Tuesday,40.0,Unhealthy for Sensitive Groups
15,25,12,421,24,62,82912,69399,16,29,4,Tuesday,50.0,Unhealthy
14,21,11,416,23,65,82972,63658,17,29,4,Tuesday,46.666666666666664,Unhealthy for Sensitive Groups
6,9,4,412,22,70,83046,27118,18,29,4,Tuesday,20.0,Moderate
5,7,4,412,22,68,83117,22923,19,29,4,Tuesday,16.666666666666664,Moderate
3,5,2,413,22,71,83160,17895,20,29,4,Tuesday,10.0,Good
3,4,2,412,21,74,83164,14296,21,29,4,Tuesday,10.0,Good
2,3,2,414,21,75,83140,11830,22,29,4,Tuesday,6.666666666666667,Good
1,2,1,416,21,71,83078,7086,23,29,4,Tuesday,3.3333333333333335,Good
1,2,1,423,21,70,83027,8209,0,30,4,Wednesday,3.3333333333333335,Good
2,3,2,432,21,70,83028,9809,1,30,4,Wednesday,6.666666666666667,Good
2,4,2,429,21,72,83020,13192,2,30,4,Wednesday,6.666666666666667,Good
4,6,3,425,21,73,83035,20571,3,30,4,Wednesday,13.333333333333334,Good
6,10,5,420,21,73,83102,31824,4,30,4,Wednesday,20.0,Moderate
7,11,6,411,22,67,83167,35628,5,30,4,Wednesday,23.333333333333332,Moderate
15,22,11,410,24,63,83228,70646,6,30,4,Wednesday,50.0,Unhealthy
35,54,26,412,24,62,83277,182427,7,30,4,Wednesday,116.66666666666667,Very Unhealthy
22,34,16,409,26,57,83254,107342,8,30,4,Wednesday,73.33333333333333,Unhealthy
13,20,10,405,27,52,83173,60208,9,30,4,Wednesday,43.333333333333336,Unhealthy for Sensitive Groups
8,12,6,404,27,51,83096,36303,10,30,4,Wednesday,26.666666666666668,Moderate
5,8,4,400,27,52,83028,24255,11,30,4,Wednesday,16.666666666666664,Moderate
4,6,3,399,26,53,82948,19366,12,30,4,Wednesday,13.333333333333334,Good
4,7,3,399,26,55,82921,20795,13,30,4,Wednesday,13.333333333333334,Good
5,9,4,403,25,59,82945,26388,14,30,4,Wednesday,16.666666666666664,Moderate
7,10,5,407,23,63,82998,31244,15,30,4,Wednesday,23.333333333333332,Moderate
7,10,5,410,23,64,83058,32416,16,30,4,Wednesday,23.333333333333332,Moderate
6,10,5,411,22,65,83140,30708,17,30,4,Wednesday,20.0,Moderate
7,11,6,419,22,66,83199,33993,18,30,4,Wednesday,23.333333333333332,Moderate
8,13,6,424,22,66,83246,39355,19,30,4,Wednesday,26.666666666666668,Moderate
7,11,6,423,22,67,83239,35431,20,30,4,Wednesday,23.333333333333332,Moderate
8,13,6,423,22,68,83215,38933,21,30,4,Wednesday,26.666666666666668,Moderate
6,9,5,425,21,70,83157,27935,22,30,4,Wednesday,20.0,Moderate
7,11,6,425,21,71,83124,35100,23,30,4,Wednesday,23.333333333333332,Moderate
7,11,6,433,21,72,83096,33714,0,1,5,Thursday,23.333333333333332,Moderate
6,9,5,448,20,72,83103,29521,1,1,5,Thursday,20.0,Moderate
8,12,6,445,21,73,83127,37706,2,1,5,Thursday,26.666666666666668,Moderate
10,15,7,429,20,73,83176,46044,3,1,5,Thursday,33.33333333333333,Unhealthy for Sensitive Groups
10,16,8,418,21,70,83217,49092,4,1,5,Thursday,33.33333333333333,Unhealthy for Sensitive Groups
21,32,16,414,23,65,83271,104617,5,1,5,Thursday,70.0,Unhealthy
14,21,11,410,27,55,83295,67146,6,1,5,Thursday,46.666666666666664,Unhealthy for Sensitive Groups
8,12,6,406,27,53,83283,39524,7,1,5,Thursday,26.666666666666668,Moderate
16,24,13,406,27,50,83227,76966,8,1,5,Thursday,53.333333333333336,Unhealthy
17,26,13,406,28,48,83152,78360,9,1,5,Thursday,56.666666666666664,Unhealthy
11,18,9,404,28,46,83077,53160,10,1,5,Thursday,36.666666666666664,Unhealthy for Sensitive Groups
5,7,4,402,28,45,83006,23424,11,1,5,Thursday,16.666666666666664,Moderate
3,5,2,400,28,46,82945,16410,12,1,5,Thursday,10.0,Good
2,4,2,401,26,48,82935,13458,13,1,5,Thursday,6.666666666666667,Good
3,4,2,406,26,51,82953,13577,14,1,5,Thursday,10.0,Good
5,7,4,410,24,55,83008,22933,15,1,5,Thursday,16.666666666666664,Moderate
7,11,6,414,23,56,83076,34182,16,1,5,Thursday,23.333333333333332,Moderate
10,16,8,421,23,57,83160,47780,17,1,5,Thursday,33.33333333333333,Unhealthy for Sensitive Groups
7,12,6,420,23,62,83221,35812,18,1,5,Thursday,23.333333333333332,Moderate
8,12,6,421,22,66,83234,37122,19,1,5,Thursday,26.666666666666668,Moderate
7,11,6,427,22,68,83228,34600,20,1,5,Thursday,23.333333333333332,Moderate
6,10,5,432,22,70,83195,30974,21,1,5,Thursday,20.0,Moderate
5,7,4,430,21,70,83149,23310,22,1,5,Thursday,16.666666666666664,Moderate
4,6,3,434,21,71,83097,20985,23,1,5,Thursday,13.333333333333334,Good
4,6,3,438,21,71,83085,20227,0,2,5,Friday,13.333333333333334,Good
4,6,3,456,20,71,83106,20104,1,2,5,Friday,13.333333333333334,Good
5,8,4,471,20,70,83162,24054,2,2,5,Friday,16.666666666666664,Moderate
6,9,5,474,20,71,83211,28467,3,2,5,Friday,20.0,Moderate
8,13,7,455,21,71,83240,39855,4,2,5,Friday,26.666666666666668,Moderate
8,12,6,419,23,66,83302,39707,5,2,5,Friday,26.666666666666668,Moderate
3,5,2,409,25,59,83307,15455,6,2,5,Friday,10.0,Good
8,13,7,410,27,52,83297,40343,7,2,5,Friday,26.666666666666668,Moderate
8,13,7,409,27,48,83269,41212,8,2,5,Friday,26.666666666666668,Moderate
9,13,7,408,28,44,83197,41133,9,2,5,Friday,30.0,Unhealthy for Sensitive Groups
4,7,3,407,29,41,83103,21488,10,2,5,Friday,13.333333333333334,Good
3,4,2,405,28,40,83030,13805,11,2,5,Friday,10.0,Good
3,5,2,403,28,42,82993,16582,12,2,5,Friday,10.0,Good
3,5,2,402,27,45,82979,15407,13,2,5,Friday,10.0,Good
3,5,2,405,26,48,83005,14974,14,2,5,Friday,10.0,Good
4,6,3,410,24,53,83043,18627,15,2,5,Friday,13.333333333333334,Good
8,13,6,419,24,57,83099,36590,16,2,5,Friday,26.666666666666668,Moderate
10,16,8,427,23,59,83140,47426,17,2,5,Friday,33.33333333333333,Unhealthy for Sensitive Groups
13,21,10,436,23,62,83227,61337,18,2,5,Friday,43.333333333333336,Unhealthy for Sensitive Groups
14,21,11,447,22,64,83243,62997,19,2,5,Friday,46.666666666666664,Unhealthy for Sensitive Groups
13,21,11,451,22,66,83252,62952,20,2,5,Friday,43.333333333333336,Unhealthy for Sensitive Groups
10,16,8,431,22,69,83220,49322,21,2,5,Friday,33.33333333333333,Unhealthy for Sensitive Groups
7,11,6,428,22,71,83174,33834,22,2,5,Friday,23.333333333333332,Moderate
7,11,6,425,21,73,83129,34720,23,2,5,Friday,23.333333333333332,Moderate
6,9,5,425,21,74,83134,27997,0,3,5,Saturday,20.0,Moderate
4,6,2,433,21,74,83164,18547,1,3,5,Saturday,13.333333333333334,Good
3,5,2,446,21,73,83175,16011,2,3,5,Saturday,10.0,Good
3,5,2,444,21,73,83236,15545,3,3,5,Saturday,10.0,Good
7,10,5,440,21,73,83294,32571,4,3,5,Saturday,23.333333333333332,Moderate
14,22,11,421,23,65,83340,66749,5,3,5,Saturday,46.666666666666664,Unhealthy for Sensitive Groups
13,19,10,414,27,54,83358,60870,6,3,5,Saturday,43.333333333333336,Unhealthy for Sensitive Groups
17,26,13,413,28,49,83322,79271,7,3,5,Saturday,56.666666666666664,Unhealthy
17,25,13,412,29,42,83280,78891,8,3,5,Saturday,56.666666666666664,Unhealthy
12,18,9,410,31,36,83220,56234,9,3,5,Saturday,40.0,Unhealthy for Sensitive Groups
9,15,7,409,31,35,83145,44709,10,3,5,Saturday,30.0,Unhealthy for Sensitive Groups
7,12,6,408,30,34,83054,32610,11,3,5,Saturday,23.333333333333332,Moderate
7,14,6,409,30,35,82958,32759,12,3,5,Saturday,23.333333333333332,Moderate
5,9,4,407,29,34,82940,22679,13,3,5,Saturday,16.666666666666664,Moderate
4,7,3,408,27,41,82931,19581,14,3,5,Saturday,13.333333333333334,Good
8,13,6,410,25,52,82946,38609,15,3,5,Saturday,26.666666666666668,Moderate
6,11,5,413,25,57,83005,30584,16,3,5,Saturday,20.0,Moderate
7,11,6,415,24,61,83105,31794,17,3,5,Saturday,23.333333333333332,Moderate
7,11,6,421,24,63,83171,32503,18,3,5,Saturday,23.333333333333332,Moderate
6,9,5,421,23,65,83217,27434,19,3,5,Saturday,20.0,Moderate
4,6,3,420,23,68,83220,20841,20,3,5,Saturday,13.333333333333334,Good
4,6,2,420,22,69,83238,18191,21,3,5,Saturday,13.333333333333334,Good
2,3,2,417,22,68,83220,10342,22,3,5,Saturday,6.666666666666667,Good
2,3,2,423,22,66,83169,9671,23,3,5,Saturday,6.666666666666667,Good
2,3,2,435,22,68,83170,10243,0,4,5,Sunday,6.666666666666667,Good
2,3,2,439,22,67,83176,11833,1,4,5,Sunday,6.666666666666667,Good
2,4,2,445,22,68,83196,13165,2,4,5,Sunday,6.666666666666667,Good
2,3,2,447,21,68,83221,11518,3,4,5,Sunday,6.666666666666667,Good
3,5,3,435,22,68,83278,18004,4,4,5,Sunday,10.0,Good
3,5,2,418,23,64,83340,15154,5,4,5,Sunday,10.0,Good
2,3,2,412,24,60,83368,11025,6,4,5,Sunday,6.666666666666667,Good
5,7,4,411,26,55,83356,24035,7,4,5,Sunday,16.666666666666664,Moderate
15,22,11,412,27,52,83290,69563,8,4,5,Sunday,50.0,Unhealthy
13,19,10,410,27,51,83218,60200,9,4,5,Sunday,43.333333333333336,Unhealthy for Sensitive Groups
6,10,5,407,28,47,83119,32023,10,4,5,Sunday,20.0,Moderate
6,9,5,405,29,44,83008,28070,11,4,5,Sunday,20.0,Moderate
4,9,3,405,27,50,82938,18709,12,4,5,Sunday,13.333333333333334,Good
2,4,2,404,27,50,82946,12848,13,4,5,Sunday,6.666666666666667,Good
4,8,3,406,26,53,82967,21560,14,4,5,Sunday,13.333333333333334,Good
5,9,4,416,25,57,83022,25843,15,4,5,Sunday,16.666666666666664,Moderate
7,11,6,418,24,61,83098,34595,16,4,5,Sunday,23.333333333333332,Moderate
8,13,7,415,24,64,83157,38431,17,4,5,Sunday,26.666666666666668,Moderate
9,14,7,420,24,65,83238,42929,18,4,5,Sunday,30.0,Unhealthy for Sensitive Groups
7,12,6,421,23,67,83287,34755,19,4,5,Sunday,23.333333333333332,Moderate
5,8,4,423,22,68,83296,23855,20,4,5,Sunday,16.666666666666664,Moderate
4,6,3,422,22,70,83289,19233,21,4,5,Sunday,13.333333333333334,Good
4,6,3,418,22,71,83245,19045,22,4,5,Sunday,13.333333333333334,Good
2,3,2,416,22,72,83190,9940,23,4,5,Sunday,6.666666666666667,Good
1,2,1,416,21,73,83176,8286,0,5,5,Monday,3.3333333333333335,Good
2,4,2,417,21,74,83219,12736,1,5,5,Monday,6.666666666666667,Good
3,5,2,417,21,74,83299,16365,2,5,5,Monday,10.0,Good
5,7,4,419,21,73,83349,23333,3,5,5,Monday,16.666666666666664,Moderate
5,8,4,419,21,72,83378,26690,4,5,5,Monday,16.666666666666664,Moderate
10,15,8,417,22,70,83428,48060,5,5,5,Monday,33.33333333333333,Unhealthy for Sensitive Groups
13,19,10,416,23,66,83462,59601,6,5,5,Monday,43.333333333333336,Unhealthy for Sensitive Groups
7,12,5,413,24,63,83460,33427,7,5,5,Monday,23.333333333333332,Moderate
5,8,4,412,24,61,83429,24730,8,5,5,Monday,16.666666666666664,Moderate
4,6,3,409,25,57,83346,20223,9,5,5,Monday,13.333333333333334,Good
3,5,2,405,27,51,83274,16441,10,5,5,Monday,10.0,Good
2,3,2,405,28,48,83169,9693,11,5,5,Monday,6.666666666666667,Good
1,3,1,404,28,48,83089,8016,12,5,5,Monday,3.3333333333333335,Good
2,3,2,405,27,51,83075,9813,13,5,5,Monday,6.666666666666667,Good
2,4,2,410,26,51,83128,10672,14,5,5,Monday,6.666666666666667,Good
5,9,4,413,24,62,83215,23735,15,5,5,Monday,16.666666666666664,Moderate
7,11,6,419,22,70,83295,33367,16,5,5,Monday,23.333333333333332,Moderate
9,15,7,423,22,70,83379,43928,17,5,5,Monday,30.0,Unhealthy for Sensitive Groups
12,19,10,429,22,72,83439,55718,18,5,5,Monday,40.0,Unhealthy for Sensitive Groups
10,15,8,428,22,73,83457,47263,19,5,5,Monday,33.33333333333333,Unhealthy for Sensitive Groups
4,6,3,420,21,70,83437,19048,20,5,5,Monday,13.333333333333334,Good
2,4,2,419,21,71,83418,12513,21,5,5,Monday,6.666666666666667,Good
3,5,2,421,21,71,83386,15251,22,5,5,Monday,10.0,Good
5,8,4,424,21,73,83362,24591,23,5,5,Monday,16.666666666666664,Moderate
7,12,6,434,21,74,83339,35304,0,6,5,Tuesday,23.333333333333332,Moderate
5,8,4,435,21,75,83341,24969,1,6,5,Tuesday,16.666666666666664,Moderate
5,8,4,445,21,74,83354,26653,2,6,5,Tuesday,16.666666666666664,Moderate
7,10,6,455,21,74,83385,33250,3,6,5,Tuesday,23.333333333333332,Moderate
8,13,7,441,21,74,83434,40526,4,6,5,Tuesday,26.666666666666668,Moderate
6,9,5,419,22,67,83498,29397,5,6,5,Tuesday,20.0,Moderate
7,10,5,415,23,64,83514,32898,6,6,5,Tuesday,23.333333333333332,Moderate
7,11,6,413,24,61,83503,33520,7,6,5,Tuesday,23.333333333333332,Moderate
4,7,3,410,25,58,83459,22443,8,6,5,Tuesday,13.333333333333334,Good
5,8,4,410,24,60,83380,23621,9,6,5,Tuesday,16.666666666666664,Moderate
5,7,4,411,23,66,83299,24041,10,6,5,Tuesday,16.666666666666664,Moderate
4,7,4,409,25,62,83198,22703,11,6,5,Tuesday,13.333333333333334,Good
4,7,3,407,25,62,83142,22004,12,6,5,Tuesday,13.333333333333334,Good
5,8,4,407,24,64,83142,25440,13,6,5,Tuesday,16.666666666666664,Moderate
5,8,4,424,22,73,83202,24352,14,6,5,Tuesday,16.666666666666664,Moderate
5,8,4,435,22,73,83241,25850,15,6,5,Tuesday,16.666666666666664,Moderate
12,18,9,440,21,73,83319,55414,16,6,5,Tuesday,40.0,Unhealthy for Sensitive Groups
9,14,7,434,21,74,83395,44618,17,6,5,Tuesday,30.0,Unhealthy for Sensitive Groups
6,9,5,442,21,74,83461,27953,18,6,5,Tuesday,20.0,Moderate
6,9,5,452,21,74,83470,28632,19,6,5,Tuesday,20.0,Moderate
6,10,5,463,20,74,83448,30368,20,6,5,Tuesday,20.0,Moderate
8,12,6,470,20,74,83428,37819,21,6,5,Tuesday,26.666666666666668,Moderate
9,14,7,484,20,74,83381,44745,22,6,5,Tuesday,30.0,Unhealthy for Sensitive Groups
12,19,10,489,20,75,83314,59019,23,6,5,Tuesday,40.0,Unhealthy for Sensitive Groups
11,16,9,481,20,75,83270,51341,0,7,5,Wednesday,36.666666666666664,Unhealthy for Sensitive Groups
7,11,6,474,20,75,83278,33975,1,7,5,Wednesday,23.333333333333332,Moderate
5,8,4,470,20,74,83315,26014,2,7,5,Wednesday,16.666666666666664,Moderate
9,14,7,475,19,74,83370,45839,3,7,5,Wednesday,30.0,Unhealthy for Sensitive Groups
12,18,9,472,20,74,83422,55994,4,7,5,Wednesday,40.0,Unhealthy for Sensitive Groups
15,22,12,426,22,68,83457,68991,5,7,5,Wednesday,50.0,Unhealthy
19,30,15,419,25,58,83467,95389,6,7,5,Wednesday,63.33333333333333,Unhealthy
7,10,5,413,26,53,83471,32603,7,7,5,Wednesday,23.333333333333332,Moderate
9,14,7,412,25,54,83432,42655,8,7,5,Wednesday,30.0,Unhealthy for Sensitive Groups
9,14,7,411,25,54,83365,42792,9,7,5,Wednesday,30.0,Unhealthy for Sensitive Groups
8,12,6,411,26,53,83270,37443,10,7,5,Wednesday,26.666666666666668,Moderate
6,9,4,410,27,49,83168,27438,11,7,5,Wednesday,20.0,Moderate
4,7,3,408,26,51,83090,21741,12,7,5,Wednesday,13.333333333333334,Good
5,8,4,415,24,62,83076,24859,13,7,5,Wednesday,16.666666666666664,Moderate
8,12,6,421,24,70,83109,39224,14,7,5,Wednesday,26.666666666666668,Moderate
10,16,8,438,23,72,83154,49200,15,7,5,Wednesday,33.33333333333333,Unhealthy for Sensitive Groups
8,13,6,428,22,72,83210,38308,16,7,5,Wednesday,26.666666666666668,Moderate
6,9,4,426,22,74,83268,26870,17,7,5,Wednesday,20.0,Moderate
7,10,5,430,22,74,83322,31854,18,7,5,Wednesday,23.333333333333332,Moderate
10,16,8,431,21,74,83354,49806,19,7,5,Wednesday,33.33333333333333,Unhealthy for Sensitive Groups
9,14,7,430,21,74,83351,43805,20,7,5,Wednesday,30.0,Unhealthy for Sensitive Groups
9,13,7,423,21,74,83327,41089,21,7,5,Wednesday,30.0,Unhealthy for Sensitive Groups
6,9,5,419,20,76,83283,28341,22,7,5,Wednesday,20.0,Moderate
4,6,3,421,20,75,83233,20076,23,7,5,Wednesday,13.333333333333334,Good
3,5,2,424,20,75,83225,16038,0,8,5,Thursday,10.0,Good
3,5,2,429,21,74,83224,16485,1,8,5,Thursday,10.0,Good
4,6,3,440,20,73,83241,18907,2,8,5,Thursday,13.333333333333334,Good
12,22,8,448,20,74,83290,47361,3,8,5,Thursday,40.0,Unhealthy for Sensitive Groups
11,20,8,430,20,73,83333,50040,4,8,5,Thursday,36.666666666666664,Unhealthy for Sensitive Groups
9,13,7,423,22,69,83405,42086,5,8,5,Thursday,30.0,Unhealthy for Sensitive Groups
8,12,6,414,24,60,83434,38577,6,8,5,Thursday,26.666666666666668,Moderate
4,6,3,410,26,54,83420,19617,7,8,5,Thursday,13.333333333333334,Good
3,5,2,408,26,52,83381,15515,8,8,5,Thursday,10.0,Good
4,6,3,408,26,51,83279,19318,9,8,5,Thursday,13.333333333333334,Good
3,4,2,406,26,51,83176,14600,10,8,5,Thursday,10.0,Good
2,3,2,406,26,52,83103,10410,11,8,5,Thursday,6.666666666666667,Good
3,5,2,405,26,54,83033,13785,12,8,5,Thursday,10.0,Good
3,5,2,404,25,56,83013,13584,13,8,5,Thursday,10.0,Good
4,7,3,407,24,59,83049,21038,14,8,5,Thursday,13.333333333333334,Good
7,10,5,411,23,64,83131,31901,15,8,5,Thursday,23.333333333333332,Moderate
11,18,9,416,22,68,83228,53529,16,8,5,Thursday,36.666666666666664,Unhealthy for Sensitive Groups
8,13,6,424,22,69,83304,38784,17,8,5,Thursday,26.666666666666668,Moderate
4,7,3,435,22,69,83369,21500,18,8,5,Thursday,13.333333333333334,Good
4,6,3,425,21,70,83410,20516,19,8,5,Thursday,13.333333333333334,Good
6,9,5,419,21,71,83413,29245,20,8,5,Thursday,20.0,Moderate
4,6,3,424,21,71,83389,21597,21,8,5,Thursday,13.333333333333334,Good
4,6,3,434,21,71,83328,19181,22,8,5,Thursday,13.333333333333334,Good
3,5,2,452,20,71,83277,17569,23,8,5,Thursday,10.0,Good
3,5,2,452,20,71,83248,16691,0,9,5,Friday,10.0,Good
4,6,3,466,19,71,83249,21068,1,9,5,Friday,13.333333333333334,Good
5,7,4,473,19,72,83289,23847,2,9,5,Friday,16.666666666666664,Moderate
6,9,4,482,19,71,83306,27959,3,9,5,Friday,20.0,Moderate
11,17,9,474,20,72,83359,54520,4,9,5,Friday,36.666666666666664,Unhealthy for Sensitive Groups
12,18,9,425,22,69,83409,54657,5,9,5,Friday,40.0,Unhealthy for Sensitive Groups
8,12,6,413,23,63,83436,37890,6,9,5,Friday,26.666666666666668,Moderate
7,11,6,409,26,56,83396,35790,7,9,5,Friday,23.333333333333332,Moderate
7,11,6,408,27,52,83351,35345,8,9,5,Friday,23.333333333333332,Moderate
4,7,3,407,27,49,83276,21434,9,9,5,Friday,13.333333333333334,Good
4,6,3,405,28,48,83181,19883,10,9,5,Friday,13.333333333333334,Good
5,8,4,405,28,46,83103,23855,11,9,5,Friday,16.666666666666664,Moderate
6,9,4,404,28,47,83028,27345,12,9,5,Friday,20.0,Moderate
6,12,4,408,26,54,83056,26904,13,9,5,Friday,20.0,Moderate
6,11,5,413,24,62,83131,29089,14,9,5,Friday,20.0,Moderate
8,14,6,419,23,64,83179,39091,15,9,5,Friday,26.666666666666668,Moderate
10,16,8,425,23,64,83239,46613,16,9,5,Friday,33.33333333333333,Unhealthy for Sensitive Groups
10,16,8,423,22,67,83302,48714,17,9,5,Friday,33.33333333333333,Unhealthy for Sensitive Groups
6,9,5,420,22,69,83367,28023,18,9,5,Friday,20.0,Moderate
6,9,5,423,22,71,83426,29109,19,9,5,Friday,20.0,Moderate
6,10,5,431,22,71,83404,30844,20,9,5,Friday,20.0,Moderate
7,11,6,433,21,73,83379,35021,21,9,5,Friday,23.333333333333332,Moderate
7,11,6,439,22,73,83330,34475,22,9,5,Friday,23.333333333333332,Moderate
8,12,6,437,21,74,83312,37573,23,9,5,Friday,26.666666666666668,Moderate
12,19,10,435,21,75,83308,56025,0,10,5,Saturday,40.0,Unhealthy for Sensitive Groups
12,19,9,431,21,75,83328,56007,1,10,5,Saturday,40.0,Unhealthy for Sensitive Groups
6,10,5,436,21,74,83364,31951,2,10,5,Saturday,20.0,Moderate
6,10,5,450,20,74,83400,31718,3,10,5,Saturday,20.0,Moderate
5,8,4,435,21,73,83435,24375,4,10,5,Saturday,16.666666666666664,Moderate
5,8,4,414,23,65,83517,26330,5,10,5,Saturday,16.666666666666664,Moderate
6,10,5,411,26,56,83534,31493,6,10,5,Saturday,20.0,Moderate
8,12,6,410,25,57,83536,38521,7,10,5,Saturday,26.666666666666668,Moderate
8,13,7,411,23,70,83536,40874,6,12,5,Monday,26.666666666666668,Moderate
6,10,5,407,26,60,83519,30913,7,12,5,Monday,20.0,Moderate
6,10,5,411,28,54,83457,30519,8,12,5,Monday,20.0,Moderate
5,8,4,413,28,54,83383,26447,9,12,5,Monday,16.666666666666664,Moderate
4,7,3,413,28,53,83295,21976,10,12,5,Monday,13.333333333333334,Good
4,6,3,414,28,53,83208,20240,11,12,5,Monday,13.333333333333334,Good
5,8,4,417,27,55,83132,23256,12,12,5,Monday,16.666666666666664,Moderate
5,9,4,423,26,56,83106,26399,13,12,5,Monday,16.666666666666664,Moderate
7,12,6,431,25,60,83166,34875,14,12,5,Monday,23.333333333333332,Moderate
7,11,6,428,24,63,83234,34802,15,12,5,Monday,23.333333333333332,Moderate
9,13,7,428,23,68,83326,41714,16,12,5,Monday,30.0,Unhealthy for Sensitive Groups
6,10,5,428,22,72,83432,31197,17,12,5,Monday,20.0,Moderate
6,10,5,428,22,73,83455,30877,18,12,5,Monday,20.0,Moderate
6,9,5,433,21,72,83450,30134,19,12,5,Monday,20.0,Moderate
6,10,5,441,21,73,83447,31318,20,12,5,Monday,20.0,Moderate
7,11,6,450,20,73,83435,34724,21,12,5,Monday,23.333333333333332,Moderate
8,12,6,454,20,75,83418,39079,22,12,5,Monday,26.666666666666668,Moderate
9,13,7,461,20,74,83383,42223,23,12,5,Monday,30.0,Unhealthy for Sensitive Groups
10,15,8,463,21,74,83378,46301,0,13,5,Tuesday,33.33333333333333,Unhealthy for Sensitive Groups
9,13,7,456,20,76,83406,41469,1,13,5,Tuesday,30.0,Unhealthy for Sensitive Groups
9,13,7,461,20,75,83418,42760,2,13,5,Tuesday,30.0,Unhealthy for Sensitive Groups
8,12,6,465,20,75,83435,39752,3,13,5,Tuesday,26.666666666666668,Moderate
13,20,10,468,20,75,83413,61821,4,13,5,Tuesday,43.333333333333336,Unhealthy for Sensitive Groups
18,27,14,453,22,73,83447,87499,5,13,5,Tuesday,60.0,Unhealthy
9,13,7,419,25,66,83487,42460,6,13,5,Tuesday,30.0,Unhealthy for Sensitive Groups
5,8,4,412,25,61,83504,26008,7,13,5,Tuesday,16.666666666666664,Moderate
6,9,5,411,26,60,83472,29346,8,13,5,Tuesday,20.0,Moderate
5,7,4,410,27,58,83416,23399,9,13,5,Tuesday,16.666666666666664,Moderate
3,5,2,411,25,62,83345,15484,10,13,5,Tuesday,10.0,Good
4,6,3,408,24,66,83247,19244,11,13,5,Tuesday,13.333333333333334,Good
3,4,2,417,23,70,83219,14428,12,13,5,Tuesday,10.0,Good
6,9,5,422,22,73,83201,28464,13,13,5,Tuesday,20.0,Moderate
8,13,7,424,22,73,83210,39683,14,13,5,Tuesday,26.666666666666668,Moderate
7,11,6,431,22,74,83253,34881,15,13,5,Tuesday,23.333333333333332,Moderate
7,11,6,430,21,73,83303,34496,16,13,5,Tuesday,23.333333333333332,Moderate
4,7,3,422,21,76,83367,21966,17,13,5,Tuesday,13.333333333333334,Good
4,7,3,431,21,76,83416,21691,18,13,5,Tuesday,13.333333333333334,Good
6,9,5,435,21,76,83460,30318,19,13,5,Tuesday,20.0,Moderate
4,6,3,426,20,77,83472,18901,20,13,5,Tuesday,13.333333333333334,Good
5,8,4,425,20,78,83466,24553,21,13,5,Tuesday,16.666666666666664,Moderate
8,12,6,426,20,78,83442,37471,22,13,5,Tuesday,26.666666666666668,Moderate
8,13,6,435,20,76,83399,40727,23,13,5,Tuesday,26.666666666666668,Moderate
7,11,6,450,20,76,83402,35666,0,14,5,Wednesday,23.333333333333332,Moderate
7,11,6,448,19,75,83409,34740,1,14,5,Wednesday,23.333333333333332,Moderate
9,14,7,457,19,75,83434,43327,2,14,5,Wednesday,30.0,Unhealthy for Sensitive Groups
9,13,7,436,18,74,83478,42125,3,14,5,Wednesday,30.0,Unhealthy for Sensitive Groups
14,21,11,428,18,74,83508,64728,4,14,5,Wednesday,46.666666666666664,Unhealthy for Sensitive Groups
7,11,6,419,19,72,83553,36035,5,14,5,Wednesday,23.333333333333332,Moderate
13,20,11,423,21,68,83582,63373,6,14,5,Wednesday,43.333333333333336,Unhealthy for Sensitive Groups
12,18,10,416,23,62,83575,56262,7,14,5,Wednesday,40.0,Unhealthy for Sensitive Groups
9,13,7,415,24,59,83535,41746,8,14,5,Wednesday,30.0,Unhealthy for Sensitive Groups
4,7,3,411,25,54,83460,22344,9,14,5,Wednesday,13.333333333333334,Good
3,5,2,411,25,56,83361,15965,10,14,5,Wednesday,10.0,Good
2,3,2,407,25,54,83259,12682,11,14,5,Wednesday,6.666666666666667,Good
2,4,2,407,25,55,83193,12780,12,14,5,Wednesday,6.666666666666667,Good
4,7,3,412,24,61,83180,21385,13,14,5,Wednesday,13.333333333333334,Good
4,6,3,412,23,61,83181,20373,14,14,5,Wednesday,13.333333333333334,Good
4,6,3,415,22,63,83212,19680,15,14,5,Wednesday,13.333333333333334,Good
7,11,6,422,22,66,83291,33602,16,14,5,Wednesday,23.333333333333332,Moderate
10,15,8,438,21,69,83360,47082,17,14,5,Wednesday,33.33333333333333,Unhealthy for Sensitive Groups
17,26,13,450,21,70,83400,77999,18,14,5,Wednesday,56.666666666666664,Unhealthy
15,23,12,466,20,72,83433,69654,19,14,5,Wednesday,50.0,Unhealthy
9,13,7,435,20,74,83422,41800,20,14,5,Wednesday,30.0,Unhealthy for Sensitive Groups
6,9,5,429,20,76,83379,29465,21,14,5,Wednesday,20.0,Moderate
6,9,5,423,20,76,83330,27611,22,14,5,Wednesday,20.0,Moderate
1,2,1,420,20,75,83284,6347,23,14,5,Wednesday,3.3333333333333335,Good
2,3,1,418,19,76,83279,8830,0,15,5,Thursday,6.666666666666667,Good
2,3,2,421,20,76,83290,9978,1,15,5,Thursday,6.666666666666667,Good
3,5,2,419,19,75,83336,16129,2,15,5,Thursday,10.0,Good
4,7,3,419,19,75,83392,19683,3,15,5,Thursday,13.333333333333334,Good
4,6,3,419,20,74,83445,20232,4,15,5,Thursday,13.333333333333334,Good
4,7,3,415,21,70,83483,21578,5,15,5,Thursday,13.333333333333334,Good
3,4,2,413,22,64,83511,13405,6,15,5,Thursday,10.0,Good
6,9,5,412,23,61,83525,28129,7,15,5,Thursday,20.0,Moderate
9,13,7,414,25,57,83467,42184,8,15,5,Thursday,30.0,Unhealthy for Sensitive Groups
8,12,7,409,26,54,83375,39476,9,15,5,Thursday,26.666666666666668,Moderate
6,9,5,408,26,52,83293,28121,10,15,5,Thursday,20.0,Moderate
5,9,4,406,27,50,83196,24886,11,15,5,Thursday,16.666666666666664,Moderate
5,9,4,407,27,50,83139,22947,12,15,5,Thursday,16.666666666666664,Moderate
5,9,3,406,26,53,83120,21229,13,15,5,Thursday,16.666666666666664,Moderate
5,9,4,407,24,58,83148,26393,14,15,5,Thursday,16.666666666666664,Moderate
6,11,5,412,23,62,83193,31104,15,15,5,Thursday,20.0,Moderate
9,13,7,418,23,64,83245,40919,16,15,5,Thursday,30.0,Unhealthy for Sensitive Groups
9,14,7,421,22,66,83307,42432,17,15,5,Thursday,30.0,Unhealthy for Sensitive Groups
11,17,9,429,21,69,83339,52951,18,15,5,Thursday,36.666666666666664,Unhealthy for Sensitive Groups
12,18,10,441,21,70,83346,55117,19,15,5,Thursday,40.0,Unhealthy for Sensitive Groups
10,15,8,442,21,71,83332,48084,20,15,5,Thursday,33.33333333333333,Unhealthy for Sensitive Groups
9,14,7,446,21,72,83314,42544,21,15,5,Thursday,30.0,Unhealthy for Sensitive Groups
4,7,3,426,20,73,83290,22074,22,15,5,Thursday,13.333333333333334,Good
4,6,3,418,20,74,83219,17831,23,15,5,Thursday,13.333333333333334,Good
4,6,3,415,19,75,83203,19980,0,16,5,Friday,13.333333333333334,Good
5,7,4,417,19,75,83246,23803,1,16,5,Friday,16.666666666666664,Moderate
4,6,3,418,19,74,83261,19327,2,16,5,Friday,13.333333333333334,Good
5,8,4,422,19,73,83295,27658,3,16,5,Friday,16.666666666666664,Moderate
7,10,5,416,20,71,83345,32870,4,16,5,Friday,23.333333333333332,Moderate
8,12,6,415,21,68,83390,37054,5,16,5,Friday,26.666666666666668,Moderate
10,16,8,414,23,63,83392,47206,6,16,5,Friday,33.33333333333333,Unhealthy for Sensitive Groups
10,16,8,410,24,58,83370,48368,7,16,5,Friday,33.33333333333333,Unhealthy for Sensitive Groups
7,12,6,408,25,53,83342,34463,8,16,5,Friday,23.333333333333332,Moderate
7,12,5,408,27,48,83291,31151,9,16,5,Friday,23.333333333333332,Moderate
7,13,6,405,27,47,83218,31988,10,16,5,Friday,23.333333333333332,Moderate
6,11,5,405,28,46,83145,27209,11,16,5,Friday,20.0,Moderate
6,10,4,406,27,45,83110,24513,12,16,5,Friday,20.0,Moderate
6,11,4,405,27,45,83096,24875,13,16,5,Friday,20.0,Moderate
5,9,4,404,25,50,83103,23051,14,16,5,Friday,16.666666666666664,Moderate
5,9,4,409,23,56,83161,24749,15,16,5,Friday,16.666666666666664,Moderate
7,13,6,413,23,61,83221,35301,16,16,5,Friday,23.333333333333332,Moderate
8,13,6,430,22,63,83277,38395,17,16,5,Friday,26.666666666666668,Moderate
15,24,12,447,21,67,83316,70647,18,16,5,Friday,50.0,Unhealthy
20,32,16,463,21,69,83344,95501,19,16,5,Friday,66.66666666666666,Unhealthy
18,28,14,446,21,68,83340,84154,20,16,5,Friday,60.0,Unhealthy
9,15,8,433,20,71,83330,44316,21,16,5,Friday,30.0,Unhealthy for Sensitive Groups
6,9,5,432,20,73,83293,28085,22,16,5,Friday,20.0,Moderate
7,10,5,436,20,74,83245,32059,23,16,5,Friday,23.333333333333332,Moderate
9,13,7,441,20,74,83213,41423,0,17,5,Saturday,30.0,Unhealthy for Sensitive Groups
14,21,11,439,20,74,83236,65355,1,17,5,Saturday,46.666666666666664,Unhealthy for Sensitive Groups
13,20,11,439,19,74,83289,62638,2,17,5,Saturday,43.333333333333336,Unhealthy for Sensitive Groups
12,18,10,442,20,74,83319,56125,3,17,5,Saturday,40.0,Unhealthy for Sensitive Groups
14,21,11,431,20,74,83364,65199,4,17,5,Saturday,46.666666666666664,Unhealthy for Sensitive Groups
11,17,9,415,20,71,83418,51038,5,17,5,Saturday,36.666666666666664,Unhealthy for Sensitive Groups
9,14,7,410,22,65,83424,41631,6,17,5,Saturday,30.0,Unhealthy for Sensitive Groups
12,18,9,406,25,56,83400,54225,7,17,5,Saturday,40.0,Unhealthy for Sensitive Groups
8,14,7,405,25,54,83355,38637,8,17,5,Saturday,26.666666666666668,Moderate
6,10,5,405,26,50,83271,27981,9,17,5,Saturday,20.0,Moderate
5,10,4,404,27,48,83199,25500,10,17,5,Saturday,16.666666666666664,Moderate
6,11,5,403,27,47,83125,28109,11,17,5,Saturday,20.0,Moderate
6,11,5,405,28,43,83076,27730,12,17,5,Saturday,20.0,Moderate
6,10,4,404,27,43,83063,24816,13,17,5,Saturday,20.0,Moderate
5,10,4,405,25,50,83103,24124,14,17,5,Saturday,16.666666666666664,Moderate
7,11,6,410,24,58,83164,32364,15,17,5,Saturday,23.333333333333332,Moderate
8,13,6,415,23,60,83212,37767,16,17,5,Saturday,26.666666666666668,Moderate
12,19,9,425,23,63,83260,54609,17,17,5,Saturday,40.0,Unhealthy for Sensitive Groups
15,24,12,440,22,65,83298,69538,18,17,5,Saturday,50.0,Unhealthy
15,23,12,457,21,68,83308,69596,19,17,5,Saturday,50.0,Unhealthy
19,29,15,453,20,69,83335,90325,20,17,5,Saturday,63.33333333333333,Unhealthy
16,24,13,465,20,69,83291,75937,21,17,5,Saturday,53.333333333333336,Unhealthy
15,22,12,468,20,70,83231,69797,22,17,5,Saturday,50.0,Unhealthy
11,16,8,450,20,72,83199,49957,23,17,5,Saturday,36.666666666666664,Unhealthy for Sensitive Groups
3,5,2,418,20,73,83188,16587,0,18,5,Sunday,10.0,Good
4,6,3,427,20,72,83212,20691,1,18,5,Sunday,13.333333333333334,Good
5,8,4,433,20,72,83214,25963,2,18,5,Sunday,16.666666666666664,Moderate
4,6,3,451,20,72,83236,20739,3,18,5,Sunday,13.333333333333334,Good
8,13,7,437,20,72,83261,40407,4,18,5,Sunday,26.666666666666668,Moderate
16,25,13,415,23,64,83332,78577,5,18,5,Sunday,53.333333333333336,Unhealthy
7,11,6,409,26,54,83355,35595,6,18,5,Sunday,23.333333333333332,Moderate
8,12,6,407,27,51,83336,37937,7,18,5,Sunday,26.666666666666668,Moderate
12,18,9,408,27,48,83290,54754,8,18,5,Sunday,40.0,Unhealthy for Sensitive Groups
11,17,9,406,28,49,83217,53609,9,18,5,Sunday,36.666666666666664,Unhealthy for Sensitive Groups
10,15,8,406,28,46,83130,47804,10,18,5,Sunday,33.33333333333333,Unhealthy for Sensitive Groups
9,16,7,408,26,54,83096,44139,11,18,5,Sunday,30.0,Unhealthy for Sensitive Groups
8,12,6,404,25,55,83035,36049,12,18,5,Sunday,26.666666666666668,Moderate
7,13,6,404,26,53,83028,35219,13,18,5,Sunday,23.333333333333332,Moderate
6,10,5,403,26,52,83027,29265,14,18,5,Sunday,20.0,Moderate
6,11,5,414,24,56,83081,28758,15,18,5,Sunday,20.0,Moderate
6,10,5,413,23,63,83159,27979,16,18,5,Sunday,20.0,Moderate
7,10,5,414,22,66,83216,30939,17,18,5,Sunday,23.333333333333332,Moderate
5,8,4,414,22,70,83276,23808,18,18,5,Sunday,16.666666666666664,Moderate
2,4,2,412,21,72,83305,12183,19,18,5,Sunday,6.666666666666667,Good
1,2,1,413,21,71,83296,7546,20,18,5,Sunday,3.3333333333333335,Good
2,3,2,416,21,70,83253,10511,21,18,5,Sunday,6.666666666666667,Good
1,2,1,414,21,70,83204,6486,22,18,5,Sunday,3.3333333333333335,Good
2,3,2,417,21,69,83161,8581,23,18,5,Sunday,6.666666666666667,Good
1,2,1,416,21,70,83155,8045,0,19,5,Monday,3.3333333333333335,Good
3,5,2,416,20,72,83170,16771,1,19,5,Monday,10.0,Good
3,4,2,428,21,72,83199,14459,2,19,5,Monday,10.0,Good
3,4,2,431,21,71,83262,13915,3,19,5,Monday,10.0,Good
4,7,3,428,21,71,83308,22705,4,19,5,Monday,13.333333333333334,Good
5,8,4,421,23,65,83351,26414,5,19,5,Monday,16.666666666666664,Moderate
14,22,11,416,25,58,83363,70550,6,19,5,Monday,46.666666666666664,Unhealthy for Sensitive Groups
7,11,6,408,26,54,83354,34065,7,19,5,Monday,23.333333333333332,Moderate
4,8,3,407,25,56,83345,21855,8,19,5,Monday,13.333333333333334,Good
4,7,3,406,26,53,83262,20523,9,19,5,Monday,13.333333333333334,Good
4,7,3,405,27,51,83165,21366,10,19,5,Monday,13.333333333333334,Good
4,8,3,404,26,53,83093,19819,11,19,5,Monday,13.333333333333334,Good
5,9,4,404,25,58,83056,23168,12,19,5,Monday,16.666666666666664,Moderate
7,13,5,405,25,60,83024,32583,13,19,5,Monday,23.333333333333332,Moderate
5,10,4,407,24,60,83039,24058,14,19,5,Monday,16.666666666666664,Moderate
6,11,5,410,23,62,83073,29037,15,19,5,Monday,20.0,Moderate
6,11,5,414,23,63,83141,28368,16,19,5,Monday,20.0,Moderate
6,10,5,417,22,64,83193,29058,17,19,5,Monday,20.0,Moderate
7,11,6,420,22,66,83231,31968,18,19,5,Monday,23.333333333333332,Moderate
7,11,6,436,22,68,83258,34702,19,19,5,Monday,23.333333333333332,Moderate
6,10,5,444,22,69,83248,29659,20,19,5,Monday,20.0,Moderate
7,11,6,447,22,70,83205,33672,21,19,5,Monday,23.333333333333332,Moderate
13,20,10,439,22,70,83164,58239,22,19,5,Monday,43.333333333333336,Unhealthy for Sensitive Groups
10,15,8,434,21,71,83132,45599,23,19,5,Monday,33.33333333333333,Unhealthy for Sensitive Groups
10,15,8,434,21,73,83108,46708,0,20,5,Tuesday,33.33333333333333,Unhealthy for Sensitive Groups
8,12,6,435,21,74,83134,38266,1,20,5,Tuesday,26.666666666666668,Moderate
7,10,6,432,21,74,83185,32820,2,20,5,Tuesday,23.333333333333332,Moderate
6,9,5,429,21,74,83251,28472,3,20,5,Tuesday,20.0,Moderate
6,9,5,422,20,76,83320,29145,4,20,5,Tuesday,20.0,Moderate
9,13,7,424,21,76,83374,41269,5,20,5,Tuesday,30.0,Unhealthy for Sensitive Groups
7,10,5,416,23,71,83395,32731,6,20,5,Tuesday,23.333333333333332,Moderate
9,14,7,410,24,64,83375,45052,7,20,5,Tuesday,30.0,Unhealthy for Sensitive Groups
8,13,7,407,26,57,83321,40453,8,20,5,Tuesday,26.666666666666668,Moderate
4,7,3,403,26,54,83251,21188,9,20,5,Tuesday,13.333333333333334,Good
4,7,3,404,27,52,83144,20722,10,20,5,Tuesday,13.333333333333334,Good
4,6,3,403,27,50,83056,19568,11,20,5,Tuesday,13.333333333333334,Good
3,5,2,402,27,51,83009,15563,12,20,5,Tuesday,10.0,Good
4,7,3,412,26,55,82993,19137,13,20,5,Tuesday,13.333333333333334,Good
6,10,5,421,25,65,83016,27546,14,20,5,Tuesday,20.0,Moderate
7,11,6,423,24,65,83070,32295,15,20,5,Tuesday,23.333333333333332,Moderate
5,7,4,417,23,64,83130,23199,16,20,5,Tuesday,16.666666666666664,Moderate
6,9,5,425,23,68,83186,27376,17,20,5,Tuesday,20.0,Moderate
8,13,6,424,22,68,83232,36715,18,20,5,Tuesday,26.666666666666668,Moderate
11,17,9,424,22,68,83255,49023,19,20,5,Tuesday,36.666666666666664,Unhealthy for Sensitive Groups
10,16,8,424,22,69,83273,44672,20,20,5,Tuesday,33.33333333333333,Unhealthy for Sensitive Groups
5,8,4,424,22,70,83252,24885,21,20,5,Tuesday,16.666666666666664,Moderate
2,4,2,422,22,71,83221,13014,22,20,5,Tuesday,6.666666666666667,Good
2,3,2,422,21,73,83181,9674,23,20,5,Tuesday,6.666666666666667,Good
2,3,2,426,21,74,83177,9190,0,21,5,Wednesday,6.666666666666667,Good
1,2,1,435,21,74,83207,7646,1,21,5,Wednesday,3.3333333333333335,Good
3,4,2,428,20,74,83250,14155,2,21,5,Wednesday,10.0,Good
4,6,3,429,20,74,83299,21287,3,21,5,Wednesday,13.333333333333334,Good
8,12,6,422,20,72,83359,38127,4,21,5,Wednesday,26.666666666666668,Moderate
5,7,4,416,22,66,83405,23896,5,21,5,Wednesday,16.666666666666664,Moderate
5,8,4,430,23,63,83434,27018,6,21,5,Wednesday,16.666666666666664,Moderate
6,10,5,416,25,58,83439,31172,7,21,5,Wednesday,20.0,Moderate
6,10,5,413,25,58,83408,30162,8,21,5,Wednesday,20.0,Moderate
7,11,5,411,26,54,83325,33165,9,21,5,Wednesday,23.333333333333332,Moderate
6,9,5,408,27,49,83245,29123,10,21,5,Wednesday,20.0,Moderate
5,9,4,404,27,49,83167,26132,11,21,5,Wednesday,16.666666666666664,Moderate
5,10,4,403,27,49,83112,22937,12,21,5,Wednesday,16.666666666666664,Moderate
6,10,4,405,26,53,83113,24995,13,21,5,Wednesday,20.0,Moderate
7,11,5,408,25,58,83134,31623,14,21,5,Wednesday,23.333333333333332,Moderate
11,19,8,416,24,60,83176,49445,15,21,5,Wednesday,36.666666666666664,Unhealthy for Sensitive Groups
11,18,8,419,24,60,83250,49110,16,21,5,Wednesday,36.666666666666664,Unhealthy for Sensitive Groups
12,19,10,430,24,62,83324,56138,17,21,5,Wednesday,40.0,Unhealthy for Sensitive Groups
11,17,9,427,23,63,83369,50476,18,21,5,Wednesday,36.666666666666664,Unhealthy for Sensitive Groups
9,14,7,433,23,64,83381,44516,19,21,5,Wednesday,30.0,Unhealthy for Sensitive Groups
7,11,6,429,22,65,83381,35450,20,21,5,Wednesday,23.333333333333332,Moderate
4,7,3,427,22,67,83360,21626,21,21,5,Wednesday,13.333333333333334,Good
3,4,2,423,22,70,83356,13449,22,21,5,Wednesday,10.0,Good
3,4,2,420,21,73,83309,13748,23,21,5,Wednesday,10.0,Good
3,5,2,421,21,73,83301,13761,0,22,5,Thursday,10.0,Good
3,5,2,432,21,73,83325,16232,1,22,5,Thursday,10.0,Good
3,5,2,437,21,73,83370,17674,2,22,5,Thursday,10.0,Good
4,7,3,429,21,73,83420,20909,3,22,5,Thursday,13.333333333333334,Good
9,14,7,426,21,73,83473,42013,4,22,5,Thursday,30.0,Unhealthy for Sensitive Groups
8,13,6,420,21,73,83552,38117,5,22,5,Thursday,26.666666666666668,Moderate
6,9,5,417,22,69,83585,29556,6,22,5,Thursday,20.0,Moderate
5,8,4,410,25,59,83556,24700,7,22,5,Thursday,16.666666666666664,Moderate
4,6,3,407,27,53,83503,19100,8,22,5,Thursday,13.333333333333334,Good
3,5,2,407,27,50,83423,17032,9,22,5,Thursday,10.0,Good
3,6,3,404,28,48,83338,17897,10,22,5,Thursday,10.0,Good
5,9,4,404,28,47,83241,22689,11,22,5,Thursday,16.666666666666664,Moderate
5,10,4,402,27,50,83184,24377,12,22,5,Thursday,16.666666666666664,Moderate
5,8,3,410,25,60,83196,21172,13,22,5,Thursday,16.666666666666664,Moderate
8,12,6,425,23,67,83212,35592,14,22,5,Thursday,26.666666666666668,Moderate
7,10,6,426,22,66,83261,31957,15,22,5,Thursday,23.333333333333332,Moderate
8,12,6,436,22,67,83321,36530,16,22,5,Thursday,26.666666666666668,Moderate
14,22,12,456,22,69,83389,67376,17,22,5,Thursday,46.666666666666664,Unhealthy for Sensitive Groups
18,28,14,458,22,71,83445,85543,18,22,5,Thursday,60.0,Unhealthy
15,23,12,439,22,69,83469,70613,19,22,5,Thursday,50.0,Unhealthy
13,21,10,436,22,69,83479,59572,20,22,5,Thursday,43.333333333333336,Unhealthy for Sensitive Groups
6,9,4,435,22,70,83471,27336,21,22,5,Thursday,20.0,Moderate
3,5,2,430,22,70,83440,15397,22,22,5,Thursday,10.0,Good
3,4,2,423,21,71,83408,13632,23,22,5,Thursday,10.0,Good
2,4,2,418,20,73,83384,13038,0,23,5,Friday,6.666666666666667,Good
2,4,2,419,20,74,83395,13307,1,23,5,Friday,6.666666666666667,Good
2,3,2,422,20,72,83398,11187,2,23,5,Friday,6.666666666666667,Good
3,4,2,429,20,72,83432,14623,3,23,5,Friday,10.0,Good
5,8,4,420,21,69,83488,24685,4,23,5,Friday,16.666666666666664,Moderate
9,14,7,414,22,65,83552,44407,5,23,5,Friday,30.0,Unhealthy for Sensitive Groups
9,14,7,411,24,59,83570,43529,6,23,5,Friday,30.0,Unhealthy for Sensitive Groups
5,8,4,407,25,56,83540,24839,7,23,5,Friday,16.666666666666664,Moderate
7,11,6,407,25,57,83509,34581,8,23,5,Friday,23.333333333333332,Moderate
8,12,6,407,26,54,83433,39311,9,23,5,Friday,26.666666666666668,Moderate
7,11,6,407,27,50,83325,35631,10,23,5,Friday,23.333333333333332,Moderate
6,10,5,406,27,49,83229,30086,11,23,5,Friday,20.0,Moderate
6,10,5,405,27,48,83145,29888,12,23,5,Friday,20.0,Moderate
6,10,5,406,27,49,83116,28230,13,23,5,Friday,20.0,Moderate
5,9,4,412,25,55,83139,23780,14,23,5,Friday,16.666666666666664,Moderate
8,16,6,417,24,56,83198,36768,15,23,5,Friday,26.666666666666668,Moderate
10,17,8,418,24,59,83267,47258,16,23,5,Friday,33.33333333333333,Unhealthy for Sensitive Groups
10,16,8,430,23,62,83321,48065,17,23,5,Friday,33.33333333333333,Unhealthy for Sensitive Groups
15,23,12,436,23,67,83372,68950,18,23,5,Friday,50.0,Unhealthy
13,19,10,429,22,67,83421,58701,19,23,5,Friday,43.333333333333336,Unhealthy for Sensitive Groups
7,11,6,425,21,69,83423,34197,20,23,5,Friday,23.333333333333332,Moderate
8,12,6,437,21,71,83392,36572,21,23,5,Friday,26.666666666666668,Moderate
8,12,6,446,21,73,83330,38322,22,23,5,Friday,26.666666666666668,Moderate
7,11,6,451,21,71,83271,35286,23,23,5,Friday,23.333333333333332,Moderate
5,9,4,449,21,70,83230,26419,0,24,5,Saturday,16.666666666666664,Moderate
6,9,5,445,20,70,83256,29188,1,24,5,Saturday,20.0,Moderate
8,12,6,457,20,72,83311,36555,2,24,5,Saturday,26.666666666666668,Moderate
8,12,6,433,19,70,83339,37104,3,24,5,Saturday,26.666666666666668,Moderate
12,19,10,424,20,69,83378,58820,4,24,5,Saturday,40.0,Unhealthy for Sensitive Groups
16,25,13,417,22,64,83416,77518,5,24,5,Saturday,53.333333333333336,Unhealthy
9,14,7,411,24,57,83428,44142,6,24,5,Saturday,30.0,Unhealthy for Sensitive Groups
13,20,10,412,25,57,83429,62744,7,24,5,Saturday,43.333333333333336,Unhealthy for Sensitive Groups
8,12,6,406,26,53,83385,37936,8,24,5,Saturday,26.666666666666668,Moderate
6,9,5,402,28,49,83306,28142,9,24,5,Saturday,20.0,Moderate
7,11,6,402,27,49,83226,34198,10,24,5,Saturday,23.333333333333332,Moderate
6,10,5,401,27,49,83150,30270,11,24,5,Saturday,20.0,Moderate
5,7,4,401,27,49,83080,23142,12,24,5,Saturday,16.666666666666664,Moderate
5,9,4,402,27,50,83062,25040,13,24,5,Saturday,16.666666666666664,Moderate
5,9,4,404,25,53,83080,26015,14,24,5,Saturday,16.666666666666664,Moderate
7,11,6,413,24,58,83134,32223,15,24,5,Saturday,23.333333333333332,Moderate
10,15,8,412,22,69,83213,45717,16,24,5,Saturday,33.33333333333333,Unhealthy for Sensitive Groups
14,21,11,421,23,72,83280,65473,17,24,5,Saturday,46.666666666666664,Unhealthy for Sensitive Groups
11,17,9,419,22,71,83348,52987,18,24,5,Saturday,36.666666666666664,Unhealthy for Sensitive Groups
9,13,7,420,22,71,83385,41661,19,24,5,Saturday,30.0,Unhealthy for Sensitive Groups
9,14,7,423,21,72,83403,42156,20,24,5,Saturday,30.0,Unhealthy for Sensitive Groups
7,12,6,431,21,71,83400,34974,21,24,5,Saturday,23.333333333333332,Moderate
6,11,5,438,21,72,83345,30439,22,24,5,Saturday,20.0,Moderate
7,11,5,434,20,73,83314,31611,23,24,5,Saturday,23.333333333333332,Moderate
7,11,6,438,20,73,83289,32175,0,25,5,Sunday,23.333333333333332,Moderate
6,10,5,438,20,72,83289,28048,1,25,5,Sunday,20.0,Moderate
5,8,4,431,20,72,83341,25371,2,25,5,Sunday,16.666666666666664,Moderate
5,7,4,427,19,72,83390,22868,3,25,5,Sunday,16.666666666666664,Moderate
4,7,3,426,20,71,83456,21975,4,25,5,Sunday,13.333333333333334,Good
6,9,5,418,20,69,83507,27269,5,25,5,Sunday,20.0,Moderate
13,20,11,413,22,65,83527,62719,6,25,5,Sunday,43.333333333333336,Unhealthy for Sensitive Groups
19,29,15,413,22,63,83529,90313,7,25,5,Sunday,63.33333333333333,Unhealthy
14,22,12,409,24,60,83499,66584,8,25,5,Sunday,46.666666666666664,Unhealthy for Sensitive Groups
21,33,16,408,25,57,83432,97429,9,25,5,Sunday,70.0,Unhealthy
14,23,11,406,25,56,83353,64073,10,25,5,Sunday,46.666666666666664,Unhealthy for Sensitive Groups
13,21,10,405,25,56,83277,59080,11,25,5,Sunday,43.333333333333336,Unhealthy for Sensitive Groups
11,19,9,405,25,55,83229,52102,12,25,5,Sunday,36.666666666666664,Unhealthy for Sensitive Groups
10,17,7,403,25,57,83209,44615,13,25,5,Sunday,33.33333333333333,Unhealthy for Sensitive Groups
9,16,7,405,23,61,83254,41833,14,25,5,Sunday,30.0,Unhealthy for Sensitive Groups
9,15,7,409,22,63,83304,41538,15,25,5,Sunday,30.0,Unhealthy for Sensitive Groups
9,15,7,412,22,63,83367,43517,16,25,5,Sunday,30.0,Unhealthy for Sensitive Groups
9,15,7,414,22,64,83431,44598,17,25,5,Sunday,30.0,Unhealthy for Sensitive Groups
9,15,7,418,22,64,83475,43651,18,25,5,Sunday,30.0,Unhealthy for Sensitive Groups
8,12,6,429,22,65,83514,36314,19,25,5,Sunday,26.666666666666668,Moderate
8,13,6,433,21,65,83525,38411,20,25,5,Sunday,26.666666666666668,Moderate
10,16,8,422,21,64,83499,45752,21,25,5,Sunday,33.33333333333333,Unhealthy for Sensitive Groups
7,11,6,423,20,66,83471,31321,22,25,5,Sunday,23.333333333333332,Moderate
6,10,5,421,20,68,83429,29622,23,25,5,Sunday,20.0,Moderate
6,10,5,418,20,69,83409,29509,0,26,5,Monday,20.0,Moderate
5,8,4,415,19,70,83435,23017,1,26,5,Monday,16.666666666666664,Moderate
5,8,4,415,19,70,83468,23436,2,26,5,Monday,16.666666666666664,Moderate
5,9,4,417,20,69,83504,25405,3,26,5,Monday,16.666666666666664,Moderate
7,11,6,415,20,69,83551,33507,4,26,5,Monday,23.333333333333332,Moderate
8,12,6,413,21,65,83627,35965,5,26,5,Monday,26.666666666666668,Moderate
8,14,6,411,22,61,83663,38655,6,26,5,Monday,26.666666666666668,Moderate
12,19,10,411,24,57,83655,55902,7,26,5,Monday,40.0,Unhealthy for Sensitive Groups
15,24,12,409,26,51,83620,67430,8,26,5,Monday,50.0,Unhealthy
15,26,12,409,27,48,83543,68233,9,26,5,Monday,50.0,Unhealthy
15,27,11,407,27,46,83452,64762,10,26,5,Monday,50.0,Unhealthy
15,27,10,405,27,46,83368,59071,11,26,5,Monday,50.0,Unhealthy
13,24,9,403,28,45,83309,57395,12,26,5,Monday,43.333333333333336,Unhealthy for Sensitive Groups
11,20,7,404,26,49,83295,42258,13,26,5,Monday,36.666666666666664,Unhealthy for Sensitive Groups
11,21,7,408,25,50,83305,40458,14,26,5,Monday,36.666666666666664,Unhealthy for Sensitive Groups
11,22,8,415,23,52,83367,47176,15,26,5,Monday,36.666666666666664,Unhealthy for Sensitive Groups
19,31,14,423,23,57,83431,79640,16,26,5,Monday,63.33333333333333,Unhealthy
17,29,13,430,22,60,83489,74391,17,26,5,Monday,56.666666666666664,Unhealthy
18,29,14,439,22,63,83528,78269,18,26,5,Monday,60.0,Unhealthy
15,24,11,448,21,65,83571,67405,19,26,5,Monday,50.0,Unhealthy
11,19,9,443,21,67,83606,51142,20,26,5,Monday,36.666666666666664,Unhealthy for Sensitive Groups
6,9,5,432,21,68,83604,27222,21,26,5,Monday,20.0,Moderate
3,6,2,425,20,70,83554,17419,22,26,5,Monday,10.0,Good
5,7,4,424,20,72,83488,22524,23,26,5,Monday,16.666666666666664,Moderate
6,9,5,421,20,73,83462,26269,0,27,5,Tuesday,20.0,Moderate
6,10,5,428,20,73,83468,30160,1,27,5,Tuesday,20.0,Moderate
8,12,6,443,20,71,83501,36593,2,27,5,Tuesday,26.666666666666668,Moderate
10,16,8,458,19,73,83533,47792,3,27,5,Tuesday,33.33333333333333,Unhealthy for Sensitive Groups
16,25,13,447,20,73,83597,73807,4,27,5,Tuesday,53.333333333333336,Unhealthy
10,15,8,420,21,69,83653,45897,5,27,5,Tuesday,33.33333333333333,Unhealthy for Sensitive Groups
13,20,10,414,21,67,83681,58775,6,27,5,Tuesday,43.333333333333336,Unhealthy for Sensitive Groups
14,23,11,414,22,64,83685,65687,7,27,5,Tuesday,46.666666666666664,Unhealthy for Sensitive Groups
13,20,10,412,24,57,83644,59305,8,27,5,Tuesday,43.333333333333336,Unhealthy for Sensitive Groups
8,13,6,408,25,53,83579,36910,9,27,5,Tuesday,26.666666666666668,Moderate
6,11,5,407,25,55,83521,29501,10,27,5,Tuesday,20.0,Moderate
4,8,2,405,25,54,83452,16955,11,27,5,Tuesday,13.333333333333334,Good
4,8,3,406,25,52,83401,18086,12,27,5,Tuesday,13.333333333333334,Good
5,10,4,413,23,63,83394,23264,13,27,5,Tuesday,16.666666666666664,Moderate
6,10,5,423,23,69,83414,29143,14,27,5,Tuesday,20.0,Moderate
11,17,9,428,22,71,83444,51423,15,27,5,Tuesday,36.666666666666664,Unhealthy for Sensitive Groups
12,18,10,446,22,74,83489,54926,16,27,5,Tuesday,40.0,Unhealthy for Sensitive Groups
15,22,12,461,21,74,83553,68955,17,27,5,Tuesday,50.0,Unhealthy
18,28,14,466,21,74,83613,86363,18,27,5,Tuesday,60.0,Unhealthy
13,20,10,462,21,73,83648,60238,19,27,5,Tuesday,43.333333333333336,Unhealthy for Sensitive Groups
13,20,10,468,21,73,83656,59359,20,27,5,Tuesday,43.333333333333336,Unhealthy for Sensitive Groups
13,20,10,468,20,74,83631,61137,21,27,5,Tuesday,43.333333333333336,Unhealthy for Sensitive Groups
11,17,9,456,20,74,83594,50807,22,27,5,Tuesday,36.666666666666664,Unhealthy for Sensitive Groups
9,14,7,463,20,74,83553,44363,23,27,5,Tuesday,30.0,Unhealthy for Sensitive Groups
6,9,5,456,20,74,83539,27790,0,28,5,Wednesday,20.0,Moderate
5,8,4,465,20,74,83550,25737,1,28,5,Wednesday,16.666666666666664,Moderate
4,7,3,450,19,75,83567,20885,2,28,5,Wednesday,13.333333333333334,Good
5,7,4,446,19,75,83600,23574,3,28,5,Wednesday,16.666666666666664,Moderate
6,9,5,437,20,73,83647,28812,4,28,5,Wednesday,20.0,Moderate
4,7,3,420,21,67,83717,22061,5,28,5,Wednesday,13.333333333333334,Good
5,9,4,425,24,58,83739,27414,6,28,5,Wednesday,16.666666666666664,Moderate
6,10,5,414,24,54,83711,31905,7,28,5,Wednesday,20.0,Moderate
7,11,6,413,25,51,83681,35547,8,28,5,Wednesday,23.333333333333332,Moderate
6,9,5,412,26,47,83640,27709,9,28,5,Wednesday,20.0,Moderate
6,10,5,410,26,44,83560,27192,10,28,5,Wednesday,20.0,Moderate
6,11,4,409,26,48,83495,24966,11,28,5,Wednesday,20.0,Moderate
5,10,4,410,26,50,83438,23717,12,28,5,Wednesday,16.666666666666664,Moderate
5,9,4,410,25,52,83448,22677,13,28,5,Wednesday,16.666666666666664,Moderate
10,18,8,421,24,55,83477,43586,14,28,5,Wednesday,33.33333333333333,Unhealthy for Sensitive Groups
8,15,6,428,23,61,83503,38187,15,28,5,Wednesday,26.666666666666668,Moderate
10,16,8,425,22,62,83540,46071,16,28,5,Wednesday,33.33333333333333,Unhealthy for Sensitive Groups
11,18,9,434,22,63,83583,49879,17,28,5,Wednesday,36.666666666666664,Unhealthy for Sensitive Groups
8,13,7,436,22,64,83637,38372,18,28,5,Wednesday,26.666666666666668,Moderate
9,15,7,432,21,65,83678,42705,19,28,5,Wednesday,30.0,Unhealthy for Sensitive Groups
6,10,5,424,21,67,83682,28475,20,28,5,Wednesday,20.0,Moderate
4,6,3,422,20,70,83658,19200,21,28,5,Wednesday,13.333333333333334,Good
3,6,2,420,20,71,83628,17262,22,28,5,Wednesday,10.0,Good
3,4,2,420,20,72,83576,13597,23,28,5,Wednesday,10.0,Good
4,6,3,420,20,73,83546,19019,0,29,5,Thursday,13.333333333333334,Good
5,8,4,420,19,74,83552,26471,1,29,5,Thursday,16.666666666666664,Moderate
8,12,6,420,19,74,83587,37351,2,29,5,Thursday,26.666666666666668,Moderate
12,18,10,424,19,73,83612,57298,3,29,5,Thursday,40.0,Unhealthy for Sensitive Groups
9,14,7,422,19,71,83655,43407,4,29,5,Thursday,30.0,Unhealthy for Sensitive Groups
5,9,4,419,20,69,83703,26715,5,29,5,Thursday,16.666666666666664,Moderate
6,10,5,416,22,64,83732,30699,6,29,5,Thursday,20.0,Moderate
7,11,6,415,23,58,83709,35410,7,29,5,Thursday,23.333333333333332,Moderate
7,11,6,413,25,55,83685,35792,8,29,5,Thursday,23.333333333333332,Moderate
9,14,7,410,26,52,83643,42808,9,29,5,Thursday,30.0,Unhealthy for Sensitive Groups
9,14,7,410,27,47,83555,40893,10,29,5,Thursday,30.0,Unhealthy for Sensitive Groups
11,20,8,410,27,45,83468,45598,11,29,5,Thursday,36.666666666666664,Unhealthy for Sensitive Groups
10,19,7,409,26,47,83407,40800,12,29,5,Thursday,33.33333333333333,Unhealthy for Sensitive Groups
9,17,6,407,26,50,83389,36396,13,29,5,Thursday,30.0,Unhealthy for Sensitive Groups
8,15,7,412,24,56,83410,38609,14,29,5,Thursday,26.666666666666668,Moderate
8,14,6,413,23,58,83451,38372,15,29,5,Thursday,26.666666666666668,Moderate
9,16,7,416,22,61,83493,43091,16,29,5,Thursday,30.0,Unhealthy for Sensitive Groups
10,16,8,418,22,62,83551,47474,17,29,5,Thursday,33.33333333333333,Unhealthy for Sensitive Groups
12,19,10,424,22,62,83598,55902,18,29,5,Thursday,40.0,Unhealthy for Sensitive Groups
13,20,10,433,22,64,83600,58804,19,29,5,Thursday,43.333333333333336,Unhealthy for Sensitive Groups
10,16,8,429,22,63,83581,46785,20,29,5,Thursday,33.33333333333333,Unhealthy for Sensitive Groups
7,12,6,423,21,68,83572,36042,21,29,5,Thursday,23.333333333333332,Moderate
8,12,6,431,21,68,83547,38547,22,29,5,Thursday,26.666666666666668,Moderate
8,13,6,438,20,69,83496,39609,23,29,5,Thursday,26.666666666666668,Moderate
6,9,5,425,20,68,83498,27456,0,30,5,Friday,20.0,Moderate
5,8,4,429,20,69,83512,26602,1,30,5,Friday,16.666666666666664,Moderate
6,9,5,430,19,70,83546,29163,2,30,5,Friday,20.0,Moderate
6,10,5,448,19,70,83571,31411,3,30,5,Friday,20.0,Moderate
9,15,7,437,19,66,83611,44450,4,30,5,Friday,30.0,Unhealthy for Sensitive Groups
11,18,9,419,21,55,83663,54218,5,30,5,Friday,36.666666666666664,Unhealthy for Sensitive Groups
14,22,11,415,24,46,83672,66301,6,30,5,Friday,46.666666666666664,Unhealthy for Sensitive Groups
17,27,13,414,25,43,83660,76431,7,30,5,Friday,56.666666666666664,Unhealthy
15,25,11,413,26,42,83610,66379,8,30,5,Friday,50.0,Unhealthy
14,26,10,410,28,40,83543,58930,9,30,5,Friday,46.666666666666664,Unhealthy for Sensitive Groups
12,23,8,408,27,41,83459,47289,10,30,5,Friday,40.0,Unhealthy for Sensitive Groups
10,20,7,405,27,42,83386,43254,11,30,5,Friday,33.33333333333333,Unhealthy for Sensitive Groups
10,19,7,404,27,43,83336,44330,12,30,5,Friday,33.33333333333333,Unhealthy for Sensitive Groups
9,16,6,404,26,44,83331,39151,13,30,5,Friday,30.0,Unhealthy for Sensitive Groups
9,18,6,410,25,45,83351,39447,14,30,5,Friday,30.0,Unhealthy for Sensitive Groups
8,15,6,412,24,47,83384,35194,15,30,5,Friday,26.666666666666668,Moderate
9,16,6,417,23,50,83411,38595,16,30,5,Friday,30.0,Unhealthy for Sensitive Groups
9,15,7,432,22,53,83475,42215,17,30,5,Friday,30.0,Unhealthy for Sensitive Groups
12,21,10,454,21,57,83523,57632,18,30,5,Friday,40.0,Unhealthy for Sensitive Groups
19,29,14,464,20,61,83540,85317,19,30,5,Friday,63.33333333333333,Unhealthy
10,17,8,434,20,60,83566,48688,20,30,5,Friday,33.33333333333333,Unhealthy for Sensitive Groups
6,10,5,431,20,62,83573,29938,21,30,5,Friday,20.0,Moderate
5,8,4,424,20,63,83542,24270,22,30,5,Friday,16.666666666666664,Moderate
5,8,4,423,20,64,83497,24279,23,30,5,Friday,16.666666666666664,Moderate
5,7,4,436,19,66,83478,22775,0,31,5,Saturday,16.666666666666664,Moderate
5,8,4,429,18,68,83482,23643,1,31,5,Saturday,16.666666666666664,Moderate
5,8,4,434,18,68,83509,25200,2,31,5,Saturday,16.666666666666664,Moderate
6,9,5,455,18,68,83559,27480,3,31,5,Saturday,20.0,Moderate
11,16,8,448,18,68,83593,50737,4,31,5,Saturday,36.666666666666664,Unhealthy for Sensitive Groups
10,16,8,419,21,63,83640,48652,5,31,5,Saturday,33.33333333333333,Unhealthy for Sensitive Groups
8,13,7,410,24,53,83681,39946,6,31,5,Saturday,26.666666666666668,Moderate
8,14,7,407,25,49,83661,39584,7,31,5,Saturday,26.666666666666668,Moderate
10,17,8,406,25,47,83611,46610,8,31,5,Saturday,33.33333333333333,Unhealthy for Sensitive Groups
10,16,8,407,27,43,83526,45388,9,31,5,Saturday,33.33333333333333,Unhealthy for Sensitive Groups
10,18,8,407,27,41,83448,44669,10,31,5,Saturday,33.33333333333333,Unhealthy for Sensitive Groups
6,12,5,405,27,40,83391,27875,11,31,5,Saturday,20.0,Moderate
6,12,4,405,27,41,83339,24949,12,31,5,Saturday,20.0,Moderate
5,10,4,405,26,40,83326,21700,13,31,5,Saturday,16.666666666666664,Moderate
5,11,4,409,25,41,83359,22800,14,31,5,Saturday,16.666666666666664,Moderate
7,14,6,417,23,46,83411,34273,15,31,5,Saturday,23.333333333333332,Moderate
11,21,8,425,23,50,83472,48854,16,31,5,Saturday,36.666666666666664,Unhealthy for Sensitive Groups
14,23,11,450,22,56,83526,61574,17,31,5,Saturday,46.666666666666664,Unhealthy for Sensitive Groups
19,32,15,456,21,59,83596,88040,18,31,5,Saturday,63.33333333333333,Unhealthy
22,36,17,476,20,62,83627,104808,19,31,5,Saturday,73.33333333333333,Unhealthy
16,26,13,460,20,63,83641,74915,20,31,5,Saturday,53.333333333333336,Unhealthy
13,20,10,458,20,65,83631,58139,21,31,5,Saturday,43.333333333333336,Unhealthy for Sensitive Groups
12,19,10,475,19,67,83598,57024,22,31,5,Saturday,40.0,Unhealthy for Sensitive Groups
10,16,8,471,19,68,83582,48512,23,31,5,Saturday,33.33333333333333,Unhealthy for Sensitive Groups
9,14,7,464,19,68,83581,42007,0,1,6,Sunday,30.0,Unhealthy for Sensitive Groups
9,13,7,477,19,69,83595,40834,1,1,6,Sunday,30.0,Unhealthy for Sensitive Groups
8,12,6,471,18,69,83621,38012,2,1,6,Sunday,26.666666666666668,Moderate
8,12,6,480,18,69,83648,37421,3,1,6,Sunday,26.666666666666668,Moderate
8,12,6,459,19,71,83698,36897,4,1,6,Sunday,26.666666666666668,Moderate
7,10,5,425,21,64,83716,32464,5,1,6,Sunday,23.333333333333332,Moderate
7,10,5,411,22,57,83754,31537,6,1,6,Sunday,23.333333333333332,Moderate
13,21,11,412,23,57,83745,61805,7,1,6,Sunday,43.333333333333336,Unhealthy for Sensitive Groups
11,17,8,410,24,53,83705,50027,8,1,6,Sunday,36.666666666666664,Unhealthy for Sensitive Groups
9,14,7,408,25,52,83644,41047,9,1,6,Sunday,30.0,Unhealthy for Sensitive Groups
8,14,7,406,25,50,83559,39383,10,1,6,Sunday,26.666666666666668,Moderate
6,11,5,406,25,49,83496,28073,11,1,6,Sunday,20.0,Moderate
8,14,6,406,25,53,83440,38650,12,1,6,Sunday,26.666666666666668,Moderate
9,14,7,402,25,54,83418,39830,13,1,6,Sunday,30.0,Unhealthy for Sensitive Groups
7,11,6,404,24,53,83423,31534,14,1,6,Sunday,23.333333333333332,Moderate
8,14,6,418,23,57,83452,36489,15,1,6,Sunday,26.666666666666668,Moderate
14,23,11,426,22,59,83485,62968,16,1,6,Sunday,46.666666666666664,Unhealthy for Sensitive Groups
12,19,9,419,22,61,83539,52702,17,1,6,Sunday,40.0,Unhealthy for Sensitive Groups
9,14,7,423,22,62,83586,40052,18,1,6,Sunday,30.0,Unhealthy for Sensitive Groups
5,9,4,420,21,66,83599,25986,19,1,6,Sunday,16.666666666666664,Moderate
4,6,3,421,21,69,83595,18846,20,1,6,Sunday,13.333333333333334,Good
4,6,3,422,20,71,83561,20155,21,1,6,Sunday,13.333333333333334,Good
4,6,3,421,20,72,83521,20656,22,1,6,Sunday,13.333333333333334,Good
6,9,5,422,20,71,83465,28466,23,1,6,Sunday,20.0,Moderate
7,11,6,424,20,72,83447,34475,0,2,6,Monday,23.333333333333332,Moderate
6,10,5,424,20,73,83469,31129,1,2,6,Monday,20.0,Moderate
6,9,5,434,20,74,83516,30234,2,2,6,Monday,20.0,Moderate
7,11,6,436,20,75,83543,36166,3,2,6,Monday,23.333333333333332,Moderate
12,18,9,431,20,75,83568,55300,4,2,6,Monday,40.0,Unhealthy for Sensitive Groups
16,25,13,421,20,72,83610,77232,5,2,6,Monday,53.333333333333336,Unhealthy
20,31,16,418,22,66,83621,98808,6,2,6,Monday,66.66666666666666,Unhealthy
21,33,17,416,23,60,83598,106104,7,2,6,Monday,70.0,Unhealthy
20,31,16,412,24,57,83547,99260,8,2,6,Monday,66.66666666666666,Unhealthy
21,32,17,411,25,53,83465,105600,9,2,6,Monday,70.0,Unhealthy
22,35,17,412,26,51,83384,108886,10,2,6,Monday,73.33333333333333,Unhealthy
13,21,10,410,27,47,83290,63129,11,2,6,Monday,43.333333333333336,Unhealthy for Sensitive Groups
6,11,5,406,26,49,83237,30657,12,2,6,Monday,20.0,Moderate
6,10,5,406,25,52,83240,27870,13,2,6,Monday,20.0,Moderate
7,13,6,409,25,54,83272,35454,14,2,6,Monday,23.333333333333332,Moderate
9,17,8,419,24,56,83337,43555,15,2,6,Monday,30.0,Unhealthy for Sensitive Groups
14,23,11,425,23,58,83395,60831,16,2,6,Monday,46.666666666666664,Unhealthy for Sensitive Groups
16,26,12,428,23,59,83438,72056,17,2,6,Monday,53.333333333333336,Unhealthy
14,23,11,432,23,61,83485,64898,18,2,6,Monday,46.666666666666664,Unhealthy for Sensitive Groups
13,21,11,436,22,63,83498,61496,19,2,6,Monday,43.333333333333336,Unhealthy for Sensitive Groups
10,15,8,436,21,63,83475,46349,20,2,6,Monday,33.33333333333333,Unhealthy for Sensitive Groups
5,9,4,424,21,63,83454,26710,21,2,6,Monday,16.666666666666664,Moderate
5,8,4,424,21,65,83421,23768,22,2,6,Monday,16.666666666666664,Moderate
4,7,3,429,20,66,83366,22162,23,2,6,Monday,13.333333333333334,Good
5,7,4,429,20,67,83367,22845,0,3,6,Tuesday,16.666666666666664,Moderate
4,7,3,426,20,68,83382,20984,1,3,6,Tuesday,13.333333333333334,Good
5,8,4,436,20,69,83416,25183,2,3,6,Tuesday,16.666666666666664,Moderate
8,13,7,443,19,70,83464,39867,3,3,6,Tuesday,26.666666666666668,Moderate
22,34,17,434,19,72,83516,104050,4,3,6,Tuesday,73.33333333333333,Unhealthy
24,37,19,427,21,67,83553,118866,5,3,6,Tuesday,80.0,Unhealthy
27,41,21,427,23,61,83551,132799,6,3,6,Tuesday,90.0,Unhealthy
43,67,33,419,24,57,83516,220860,7,3,6,Tuesday,143.33333333333334,Very Unhealthy
25,39,19,413,25,54,83467,121551,8,3,6,Tuesday,83.33333333333334,Unhealthy
13,21,10,408,26,51,83397,60929,9,3,6,Tuesday,43.333333333333336,Unhealthy for Sensitive Groups
11,18,9,406,26,51,83330,51897,10,3,6,Tuesday,36.666666666666664,Unhealthy for Sensitive Groups
8,14,6,406,26,50,83271,39733,11,3,6,Tuesday,26.666666666666668,Moderate
9,16,7,406,26,49,83203,41831,12,3,6,Tuesday,30.0,Unhealthy for Sensitive Groups
9,17,7,412,26,50,83183,43135,13,3,6,Tuesday,30.0,Unhealthy for Sensitive Groups
13,23,10,417,24,61,83220,56843,14,3,6,Tuesday,43.333333333333336,Unhealthy for Sensitive Groups
14,22,11,420,23,68,83272,64948,15,3,6,Tuesday,46.666666666666664,Unhealthy for Sensitive Groups
12,19,9,419,22,68,83337,54570,16,3,6,Tuesday,40.0,Unhealthy for Sensitive Groups
11,18,9,423,22,68,83391,52578,17,3,6,Tuesday,36.666666666666664,Unhealthy for Sensitive Groups
14,22,11,436,21,69,83451,64072,18,3,6,Tuesday,46.666666666666664,Unhealthy for Sensitive Groups
11,17,8,428,21,67,83453,49985,19,3,6,Tuesday,36.666666666666664,Unhealthy for Sensitive Groups
6,10,5,421,20,67,83474,29363,20,3,6,Tuesday,20.0,Moderate
5,8,4,424,20,70,83443,23363,21,3,6,Tuesday,16.666666666666664,Moderate
4,6,3,424,20,72,83424,19853,22,3,6,Tuesday,13.333333333333334,Good
6,9,5,427,20,73,83373,28281,23,3,6,Tuesday,20.0,Moderate
7,10,5,432,20,73,83360,31535,0,4,6,Wednesday,23.333333333333332,Moderate
7,11,6,424,19,73,83393,35698,1,4,6,Wednesday,23.333333333333332,Moderate
6,10,5,422,19,74,83420,30319,2,4,6,Wednesday,20.0,Moderate
6,10,5,426,19,73,83458,30540,3,4,6,Wednesday,20.0,Moderate
7,11,6,421,20,70,83511,35817,4,4,6,Wednesday,23.333333333333332,Moderate
9,13,7,426,21,67,83564,41384,5,4,6,Wednesday,30.0,Unhealthy for Sensitive Groups
17,27,14,417,22,62,83577,81683,6,4,6,Wednesday,56.666666666666664,Unhealthy
16,25,12,413,24,56,83558,73828,7,4,6,Wednesday,53.333333333333336,Unhealthy
13,23,10,411,26,49,83494,59285,8,4,6,Wednesday,43.333333333333336,Unhealthy for Sensitive Groups
12,23,9,408,26,47,83431,50613,9,4,6,Wednesday,40.0,Unhealthy for Sensitive Groups
11,21,8,408,26,50,83363,48346,10,4,6,Wednesday,36.666666666666664,Unhealthy for Sensitive Groups
10,20,7,407,26,49,83291,44171,11,4,6,Wednesday,33.33333333333333,Unhealthy for Sensitive Groups
13,23,9,407,25,52,83229,52165,12,4,6,Wednesday,43.333333333333336,Unhealthy for Sensitive Groups
12,19,9,445,22,66,83247,52462,13,4,6,Wednesday,40.0,Unhealthy for Sensitive Groups
14,22,11,452,23,69,83276,64074,14,4,6,Wednesday,46.666666666666664,Unhealthy for Sensitive Groups
18,29,14,468,23,71,83313,84183,15,4,6,Wednesday,60.0,Unhealthy
25,40,20,469,22,70,83367,121049,16,4,6,Wednesday,83.33333333333334,Unhealthy
29,45,23,474,21,70,83415,143572,17,4,6,Wednesday,96.66666666666667,Unhealthy
27,42,21,479,21,70,83455,132052,18,4,6,Wednesday,90.0,Unhealthy
20,31,16,466,21,69,83470,96153,19,4,6,Wednesday,66.66666666666666,Unhealthy
13,21,10,443,20,69,83467,62441,20,4,6,Wednesday,43.333333333333336,Unhealthy for Sensitive Groups
11,16,9,448,20,70,83458,49966,21,4,6,Wednesday,36.666666666666664,Unhealthy for Sensitive Groups
6,9,5,442,20,71,83419,28769,22,4,6,Wednesday,20.0,Moderate
5,8,4,440,20,73,83385,25884,23,4,6,Wednesday,16.666666666666664,Moderate
5,9,4,445,20,74,83354,25864,0,5,6,Thursday,16.666666666666664,Moderate
3,6,2,436,20,73,83383,17773,1,5,6,Thursday,10.0,Good
4,6,3,440,20,73,83455,20063,2,5,6,Thursday,13.333333333333334,Good
4,7,3,457,20,73,83516,21942,3,5,6,Thursday,13.333333333333334,Good
8,13,6,439,19,73,83568,38643,4,5,6,Thursday,26.666666666666668,Moderate
14,22,11,422,20,70,83646,63819,5,5,6,Thursday,46.666666666666664,Unhealthy for Sensitive Groups
16,25,12,418,21,66,83688,71969,6,5,6,Thursday,53.333333333333336,Unhealthy
17,28,14,416,23,61,83674,78323,7,5,6,Thursday,56.666666666666664,Unhealthy
16,26,12,415,24,54,83611,69266,8,5,6,Thursday,53.333333333333336,Unhealthy
9,16,6,412,26,49,83542,39082,9,5,6,Thursday,30.0,Unhealthy for Sensitive Groups
8,15,6,411,26,46,83460,36072,10,5,6,Thursday,26.666666666666668,Moderate
7,14,5,410,27,42,83374,30070,11,5,6,Thursday,23.333333333333332,Moderate
7,13,5,409,26,43,83289,29739,12,5,6,Thursday,23.333333333333332,Moderate
8,15,6,410,26,45,83260,33203,13,5,6,Thursday,26.666666666666668,Moderate
8,16,6,412,25,48,83289,36721,14,5,6,Thursday,26.666666666666668,Moderate
9,17,7,418,24,51,83350,42150,15,5,6,Thursday,30.0,Unhealthy for Sensitive Groups
12,20,9,423,23,56,83419,54020,16,5,6,Thursday,40.0,Unhealthy for Sensitive Groups
14,22,11,427,23,59,83488,64945,17,5,6,Thursday,46.666666666666664,Unhealthy for Sensitive Groups
10,16,8,426,23,62,83544,47267,18,5,6,Thursday,33.33333333333333,Unhealthy for Sensitive Groups
5,9,3,421,21,68,83579,20921,19,5,6,Thursday,16.666666666666664,Moderate
7,12,6,422,20,72,83589,34101,20,5,6,Thursday,23.333333333333332,Moderate
9,15,7,420,20,73,83583,42605,21,5,6,Thursday,30.0,Unhealthy for Sensitive Groups
9,15,7,418,20,71,83551,41909,22,5,6,Thursday,30.0,Unhealthy for Sensitive Groups
5,8,4,419,19,71,83520,25189,23,5,6,Thursday,16.666666666666664,Moderate
7,11,5,420,20,70,83520,31918,0,6,6,Friday,23.333333333333332,Moderate
9,14,7,422,20,71,83532,40541,1,6,6,Friday,30.0,Unhealthy for Sensitive Groups
9,14,7,423,20,71,83558,40247,2,6,6,Friday,30.0,Unhealthy for Sensitive Groups
6,9,5,418,19,74,83600,27879,3,6,6,Friday,20.0,Moderate
7,10,5,418,18,73,83656,33096,4,6,6,Friday,23.333333333333332,Moderate
6,10,5,417,19,71,83696,30672,5,6,6,Friday,20.0,Moderate
6,9,5,414,20,69,83710,28605,6,6,6,Friday,20.0,Moderate
8,12,6,413,21,65,83703,36660,7,6,6,Friday,26.666666666666668,Moderate
6,10,5,411,22,63,83691,30657,8,6,6,Friday,20.0,Moderate
6,9,5,409,24,57,83626,29082,9,6,6,Friday,20.0,Moderate
7,12,6,409,25,52,83531,35760,10,6,6,Friday,23.333333333333332,Moderate
7,11,6,409,26,48,83409,33228,11,6,6,Friday,23.333333333333332,Moderate
7,12,6,408,25,49,83337,33538,12,6,6,Friday,23.333333333333332,Moderate
6,12,5,412,24,53,83341,27182,13,6,6,Friday,20.0,Moderate
7,12,6,416,23,56,83389,31791,14,6,6,Friday,23.333333333333332,Moderate
15,23,12,420,23,60,83444,66390,15,6,6,Friday,50.0,Unhealthy
17,26,13,424,22,64,83505,78094,16,6,6,Friday,56.666666666666664,Unhealthy
14,22,11,431,22,68,83582,66364,17,6,6,Friday,46.666666666666664,Unhealthy for Sensitive Groups
14,21,11,441,22,68,83625,64316,18,6,6,Friday,46.666666666666664,Unhealthy for Sensitive Groups
18,27,14,454,21,70,83652,82743,19,6,6,Friday,60.0,Unhealthy
13,20,11,444,21,69,83650,62440,20,6,6,Friday,43.333333333333336,Unhealthy for Sensitive Groups
9,13,7,430,20,68,83627,40002,21,6,6,Friday,30.0,Unhealthy for Sensitive Groups
6,9,5,428,20,69,83601,28241,22,6,6,Friday,20.0,Moderate
4,6,3,421,20,70,83562,20495,23,6,6,Friday,13.333333333333334,Good
5,7,4,422,20,69,83535,23104,0,7,6,Saturday,16.666666666666664,Moderate
4,6,3,426,19,69,83525,19135,1,7,6,Saturday,13.333333333333334,Good
4,6,3,441,19,70,83569,18007,2,7,6,Saturday,13.333333333333334,Good
9,13,7,435,18,71,83606,42289,3,7,6,Saturday,30.0,Unhealthy for Sensitive Groups
13,19,10,419,18,70,83650,60261,4,7,6,Saturday,43.333333333333336,Unhealthy for Sensitive Groups
19,29,15,418,20,66,83691,89461,5,7,6,Saturday,63.33333333333333,Unhealthy
14,22,11,415,21,61,83697,66774,6,7,6,Saturday,46.666666666666664,Unhealthy for Sensitive Groups
16,24,13,412,24,54,83660,73336,7,7,6,Saturday,53.333333333333336,Unhealthy
16,25,13,410,25,50,83606,73854,8,7,6,Saturday,53.333333333333336,Unhealthy
9,17,7,408,25,50,83542,43353,9,7,6,Saturday,30.0,Unhealthy for Sensitive Groups
10,19,7,408,26,49,83473,40748,10,7,6,Saturday,33.33333333333333,Unhealthy for Sensitive Groups
11,19,8,408,27,46,83382,47997,11,7,6,Saturday,36.666666666666664,Unhealthy for Sensitive Groups
7,14,6,408,26,48,83329,33832,12,7,6,Saturday,23.333333333333332,Moderate
5,11,4,409,25,49,83320,24502,13,7,6,Saturday,16.666666666666664,Moderate
6,11,5,412,24,54,83355,28687,14,7,6,Saturday,20.0,Moderate
8,13,6,414,23,57,83392,36397,15,7,6,Saturday,26.666666666666668,Moderate
8,13,6,416,22,59,83418,37439,16,7,6,Saturday,26.666666666666668,Moderate
9,14,7,423,22,62,83480,39895,17,7,6,Saturday,30.0,Unhealthy for Sensitive Groups
11,17,9,427,22,62,83537,49910,18,7,6,Saturday,36.666666666666664,Unhealthy for Sensitive Groups
11,17,9,436,21,63,83564,50976,19,7,6,Saturday,36.666666666666664,Unhealthy for Sensitive Groups
10,15,8,446,21,65,83585,45053,20,7,6,Saturday,33.33333333333333,Unhealthy for Sensitive Groups
6,10,5,436,20,66,83562,30629,21,7,6,Saturday,20.0,Moderate
6,9,5,436,20,67,83511,27644,22,7,6,Saturday,20.0,Moderate
3,5,2,424,20,68,83467,17277,23,7,6,Saturday,10.0,Good
3,4,2,422,20,68,83444,13309,0,8,6,Sunday,10.0,Good
3,5,2,423,20,69,83450,15220,1,8,6,Sunday,10.0,Good
2,3,2,433,20,69,83503,11712,2,8,6,Sunday,6.666666666666667,Good
2,3,2,443,20,70,83528,12211,3,8,6,Sunday,6.666666666666667,Good
3,5,2,434,19,70,83579,16394,4,8,6,Sunday,10.0,Good
4,6,3,415,21,64,83635,20828,5,8,6,Sunday,13.333333333333334,Good
6,9,5,412,23,58,83672,27358,6,8,6,Sunday,20.0,Moderate
5,9,4,411,23,54,83689,25259,7,8,6,Sunday,16.666666666666664,Moderate
3,6,2,409,24,53,83641,17385,8,8,6,Sunday,10.0,Good
3,5,2,410,25,51,83578,15150,9,8,6,Sunday,10.0,Good
3,5,2,408,25,50,83497,15311,10,8,6,Sunday,10.0,Good
4,6,3,406,26,47,83408,18148,11,8,6,Sunday,13.333333333333334,Good
4,6,3,408,25,51,83364,18156,12,8,6,Sunday,13.333333333333334,Good
3,4,2,406,26,48,83339,13315,13,8,6,Sunday,10.0,Good
2,4,2,410,24,52,83359,11939,14,8,6,Sunday,6.666666666666667,Good
3,5,2,418,23,55,83399,14612,15,8,6,Sunday,10.0,Good
8,13,6,421,22,61,83449,37063,16,8,6,Sunday,26.666666666666668,Moderate
6,10,5,421,21,65,83518,28634,17,8,6,Sunday,20.0,Moderate
7,11,6,425,21,67,83566,32713,18,8,6,Sunday,23.333333333333332,Moderate
7,11,6,425,21,69,83579,31779,19,8,6,Sunday,23.333333333333332,Moderate
7,12,6,428,21,69,83571,34566,20,8,6,Sunday,23.333333333333332,Moderate
5,8,4,422,20,69,83550,25041,21,8,6,Sunday,16.666666666666664,Moderate
4,6,2,425,20,70,83513,17779,22,8,6,Sunday,13.333333333333334,Good
2,3,2,426,20,69,83449,12094,23,8,6,Sunday,6.666666666666667,Good
2,3,2,441,20,70,83397,11443,0,9,6,Monday,6.666666666666667,Good
3,4,2,450,19,70,83413,13963,1,9,6,Monday,10.0,Good
4,6,3,457,18,71,83469,17925,2,9,6,Monday,13.333333333333334,Good
5,8,4,454,18,71,83502,22987,3,9,6,Monday,16.666666666666664,Moderate
10,15,8,459,18,72,83560,47757,4,9,6,Monday,33.33333333333333,Unhealthy for Sensitive Groups
6,10,5,423,21,67,83620,31015,5,9,6,Monday,20.0,Moderate
4,6,3,416,23,58,83647,19486,6,9,6,Monday,13.333333333333334,Good
4,7,3,412,24,56,83657,18961,7,9,6,Monday,13.333333333333334,Good
5,9,3,412,23,58,83652,21541,8,9,6,Monday,16.666666666666664,Moderate
5,9,4,412,24,56,83592,24487,9,9,6,Monday,16.666666666666664,Moderate
4,7,3,414,25,52,83508,19942,10,9,6,Monday,13.333333333333334,Good
3,5,2,408,25,53,83421,13542,11,9,6,Monday,10.0,Good
4,8,2,408,25,54,83366,16949,12,9,6,Monday,13.333333333333334,Good
4,8,3,409,24,56,83358,18783,13,9,6,Monday,13.333333333333334,Good
6,11,3,417,23,65,83412,21537,14,9,6,Monday,20.0,Moderate
6,11,5,419,21,70,83446,27641,15,9,6,Monday,20.0,Moderate
7,11,6,420,21,71,83482,32999,16,9,6,Monday,23.333333333333332,Moderate
5,8,4,421,20,70,83562,24151,17,9,6,Monday,16.666666666666664,Moderate
7,11,6,423,20,70,83616,32469,18,9,6,Monday,23.333333333333332,Moderate
6,9,5,429,20,71,83613,26828,19,9,6,Monday,20.0,Moderate
3,5,2,432,20,71,83589,17282,20,9,6,Monday,10.0,Good
3,5,2,444,20,72,83527,17069,21,9,6,Monday,10.0,Good
5,7,3,454,20,73,83463,22697,22,9,6,Monday,16.666666666666664,Moderate
7,10,5,431,20,73,83424,31812,23,9,6,Monday,23.333333333333332,Moderate
9,14,7,428,19,75,83387,43244,0,10,6,Tuesday,30.0,Unhealthy for Sensitive Groups
6,10,5,426,19,73,83376,30463,1,10,6,Tuesday,20.0,Moderate
4,7,3,438,19,69,83418,22365,2,10,6,Tuesday,13.333333333333334,Good
7,10,5,436,18,70,83477,32622,3,10,6,Tuesday,23.333333333333332,Moderate
5,7,4,425,18,70,83514,24293,4,10,6,Tuesday,16.666666666666664,Moderate
6,9,4,423,20,65,83557,28056,5,10,6,Tuesday,20.0,Moderate
15,23,12,422,23,59,83594,73396,6,10,6,Tuesday,50.0,Unhealthy
9,13,7,415,24,53,83582,41036,7,10,6,Tuesday,30.0,Unhealthy for Sensitive Groups
6,10,5,414,26,45,83509,31342,8,10,6,Tuesday,20.0,Moderate
5,8,3,412,27,39,83428,21443,9,10,6,Tuesday,16.666666666666664,Moderate
4,7,2,411,28,36,83356,17009,10,10,6,Tuesday,13.333333333333334,Good
3,7,2,411,28,35,83265,15575,11,10,6,Tuesday,10.0,Good
4,9,2,411,27,36,83218,15690,12,10,6,Tuesday,13.333333333333334,Good
4,9,2,411,26,40,83206,15172,13,10,6,Tuesday,13.333333333333334,Good
5,11,2,414,25,43,83222,16872,14,10,6,Tuesday,16.666666666666664,Moderate
6,12,5,421,24,46,83267,29114,15,10,6,Tuesday,20.0,Moderate
10,17,8,431,23,50,83323,45133,16,10,6,Tuesday,33.33333333333333,Unhealthy for Sensitive Groups
11,19,9,437,22,54,83382,52105,17,10,6,Tuesday,36.666666666666664,Unhealthy for Sensitive Groups
16,26,13,450,21,58,83442,73269,18,10,6,Tuesday,53.333333333333336,Unhealthy
17,27,14,463,21,61,83469,75978,19,10,6,Tuesday,56.666666666666664,Unhealthy
14,21,11,470,21,62,83487,63707,20,10,6,Tuesday,46.666666666666664,Unhealthy for Sensitive Groups
10,15,8,456,20,63,83472,44984,21,10,6,Tuesday,33.33333333333333,Unhealthy for Sensitive Groups
4,6,3,431,20,64,83416,19624,22,10,6,Tuesday,13.333333333333334,Good
2,3,2,432,20,65,83370,11862,23,10,6,Tuesday,6.666666666666667,Good
2,3,2,424,20,66,83335,10522,0,11,6,Wednesday,6.666666666666667,Good
2,3,2,418,20,68,83346,11460,1,11,6,Wednesday,6.666666666666667,Good
3,5,2,417,19,69,83379,15316,2,11,6,Wednesday,10.0,Good
7,11,5,419,19,71,83425,32792,3,11,6,Wednesday,23.333333333333332,Moderate
14,21,11,420,19,70,83470,62399,4,11,6,Wednesday,46.666666666666664,Unhealthy for Sensitive Groups
5,8,4,415,20,65,83519,25563,5,11,6,Wednesday,16.666666666666664,Moderate
5,9,4,414,23,58,83538,26485,6,11,6,Wednesday,16.666666666666664,Moderate
5,8,4,411,24,55,83533,22853,7,11,6,Wednesday,16.666666666666664,Moderate
8,13,6,410,25,52,83476,38619,8,11,6,Wednesday,26.666666666666668,Moderate
5,9,4,408,25,49,83427,25607,9,11,6,Wednesday,16.666666666666664,Moderate
6,11,5,406,26,48,83353,30733,10,11,6,Wednesday,20.0,Moderate
7,14,5,403,26,46,83254,30321,11,11,6,Wednesday,23.333333333333332,Moderate
7,13,5,401,26,47,83199,30319,12,11,6,Wednesday,23.333333333333332,Moderate
7,12,5,403,26,47,83174,30362,13,11,6,Wednesday,23.333333333333332,Moderate
6,11,5,405,25,50,83186,28966,14,11,6,Wednesday,20.0,Moderate
7,13,5,410,24,53,83215,30377,15,11,6,Wednesday,23.333333333333332,Moderate
10,19,8,412,23,56,83266,45606,16,11,6,Wednesday,33.33333333333333,Unhealthy for Sensitive Groups
9,16,7,413,22,58,83332,42569,17,11,6,Wednesday,30.0,Unhealthy for Sensitive Groups
5,8,4,413,21,64,83388,23446,18,11,6,Wednesday,16.666666666666664,Moderate
4,7,3,415,21,66,83398,20814,19,11,6,Wednesday,13.333333333333334,Good
3,5,2,416,21,68,83404,14152,20,11,6,Wednesday,10.0,Good
2,4,2,416,20,70,83374,12733,21,11,6,Wednesday,6.666666666666667,Good
2,4,2,417,21,70,83327,12991,22,11,6,Wednesday,6.666666666666667,Good
3,5,2,418,20,71,83274,14645,23,11,6,Wednesday,10.0,Good
6,9,5,418,20,71,83240,28167,0,12,6,Thursday,20.0,Moderate
6,9,5,415,19,72,83254,28718,1,12,6,Thursday,20.0,Moderate
8,12,6,416,19,71,83283,36149,2,12,6,Thursday,26.666666666666668,Moderate
10,15,8,423,19,70,83334,44850,3,12,6,Thursday,33.33333333333333,Unhealthy for Sensitive Groups
12,19,10,421,20,70,83404,55988,4,12,6,Thursday,40.0,Unhealthy for Sensitive Groups
8,14,7,415,20,68,83456,40145,5,12,6,Thursday,26.666666666666668,Moderate
6,10,5,410,21,65,83499,28993,6,12,6,Thursday,20.0,Moderate
9,15,7,409,23,59,83503,43802,7,12,6,Thursday,30.0,Unhealthy for Sensitive Groups
10,17,8,408,23,56,83467,49081,8,12,6,Thursday,33.33333333333333,Unhealthy for Sensitive Groups
10,16,8,407,26,50,83399,45061,9,12,6,Thursday,33.33333333333333,Unhealthy for Sensitive Groups
8,15,6,406,26,50,83325,38951,10,12,6,Thursday,26.666666666666668,Moderate
9,16,7,403,26,49,83249,40813,11,12,6,Thursday,30.0,Unhealthy for Sensitive Groups
8,16,6,403,26,47,83183,38261,12,12,6,Thursday,26.666666666666668,Moderate
6,13,5,403,25,50,83169,28175,13,12,6,Thursday,20.0,Moderate
6,11,4,406,24,52,83187,26087,14,12,6,Thursday,20.0,Moderate
6,13,5,416,24,54,83227,28302,15,12,6,Thursday,20.0,Moderate
9,16,7,417,23,57,83279,41204,16,12,6,Thursday,30.0,Unhealthy for Sensitive Groups
8,14,6,415,22,62,83362,38818,17,12,6,Thursday,26.666666666666668,Moderate
7,12,6,419,22,63,83402,34731,18,12,6,Thursday,23.333333333333332,Moderate
7,11,6,421,22,63,83418,34814,19,12,6,Thursday,23.333333333333332,Moderate
7,11,5,420,21,63,83423,31633,20,12,6,Thursday,23.333333333333332,Moderate
5,8,4,416,21,63,83409,22519,21,12,6,Thursday,16.666666666666664,Moderate
4,6,3,413,20,64,83386,19301,22,12,6,Thursday,13.333333333333334,Good
4,6,3,413,20,65,83382,18192,23,12,6,Thursday,13.333333333333334,Good
4,6,3,414,19,65,83384,18694,0,13,6,Friday,13.333333333333334,Good
4,6,3,422,19,66,83390,20059,1,13,6,Friday,13.333333333333334,Good
4,6,3,426,18,67,83412,20371,2,13,6,Friday,13.333333333333334,Good
6,10,5,434,18,67,83437,30088,3,13,6,Friday,20.0,Moderate
10,16,8,422,18,68,83491,49307,4,13,6,Friday,33.33333333333333,Unhealthy for Sensitive Groups
8,13,6,411,20,61,83548,37501,5,13,6,Friday,26.666666666666668,Moderate
6,10,5,411,22,51,83558,29161,6,13,6,Friday,20.0,Moderate
5,10,4,409,25,42,83525,25659,7,13,6,Friday,16.666666666666664,Moderate
3,6,2,405,26,36,83472,16765,8,13,6,Friday,10.0,Good
3,7,2,404,28,34,83400,17143,9,13,6,Friday,10.0,Good
5,8,3,403,27,35,83344,21941,10,13,6,Friday,16.666666666666664,Moderate
5,10,4,402,27,38,83292,25734,11,13,6,Friday,16.666666666666664,Moderate
7,14,5,402,27,40,83239,31203,12,13,6,Friday,23.333333333333332,Moderate
8,16,5,403,25,45,83236,30698,13,13,6,Friday,26.666666666666668,Moderate
8,15,6,406,24,48,83277,35043,14,13,6,Friday,26.666666666666668,Moderate
9,16,7,410,24,46,83316,40534,15,13,6,Friday,30.0,Unhealthy for Sensitive Groups
13,23,10,414,23,44,83361,55726,16,13,6,Friday,43.333333333333336,Unhealthy for Sensitive Groups
11,19,9,421,23,46,83423,51664,17,13,6,Friday,36.666666666666664,Unhealthy for Sensitive Groups
13,21,11,436,22,51,83461,61175,18,13,6,Friday,43.333333333333336,Unhealthy for Sensitive Groups
17,28,13,441,21,53,83503,76579,19,13,6,Friday,56.666666666666664,Unhealthy
11,17,8,421,20,55,83527,49028,20,13,6,Friday,36.666666666666664,Unhealthy for Sensitive Groups
11,16,9,422,20,58,83508,50248,21,13,6,Friday,36.666666666666664,Unhealthy for Sensitive Groups
11,17,9,434,19,61,83479,51551,22,13,6,Friday,36.666666666666664,Unhealthy for Sensitive Groups
12,18,10,446,18,63,83441,56252,23,13,6,Friday,40.0,Unhealthy for Sensitive Groups
14,21,11,449,18,64,83430,63586,0,14,6,Saturday,46.666666666666664,Unhealthy for Sensitive Groups
15,23,12,453,17,65,83447,69704,1,14,6,Saturday,50.0,Unhealthy
18,27,14,465,17,65,83481,82457,2,14,6,Saturday,60.0,Unhealthy
19,29,15,478,17,65,83505,92805,3,14,6,Saturday,63.33333333333333,Unhealthy
19,29,15,462,17,67,83544,90385,4,14,6,Saturday,63.33333333333333,Unhealthy
14,22,11,423,19,65,83596,67332,5,14,6,Saturday,46.666666666666664,Unhealthy for Sensitive Groups
9,15,7,407,22,56,83616,44845,6,14,6,Saturday,30.0,Unhealthy for Sensitive Groups
9,15,8,404,24,51,83599,44949,7,14,6,Saturday,30.0,Unhealthy for Sensitive Groups
8,13,6,403,25,46,83549,37731,8,14,6,Saturday,26.666666666666668,Moderate
8,13,6,403,26,43,83491,38095,9,14,6,Saturday,26.666666666666668,Moderate
8,15,6,401,26,42,83423,39529,10,14,6,Saturday,26.666666666666668,Moderate
8,15,6,401,26,44,83357,38242,11,14,6,Saturday,26.666666666666668,Moderate
8,15,6,400,26,45,83308,37823,12,14,6,Saturday,26.666666666666668,Moderate
7,13,6,399,25,45,83295,33354,13,14,6,Saturday,23.333333333333332,Moderate
8,15,6,403,24,49,83316,36284,14,14,6,Saturday,26.666666666666668,Moderate
10,17,8,409,23,51,83366,45211,15,14,6,Saturday,33.33333333333333,Unhealthy for Sensitive Groups
12,19,9,411,22,52,83421,53332,16,14,6,Saturday,40.0,Unhealthy for Sensitive Groups
13,21,10,416,22,53,83455,57975,17,14,6,Saturday,43.333333333333336,Unhealthy for Sensitive Groups
15,25,12,422,22,55,83501,68216,18,14,6,Saturday,50.0,Unhealthy
13,22,10,420,21,55,83550,56946,19,14,6,Saturday,43.333333333333336,Unhealthy for Sensitive Groups
7,11,6,413,20,55,83555,32123,20,14,6,Saturday,23.333333333333332,Moderate
7,11,6,414,20,56,83522,32426,21,14,6,Saturday,23.333333333333332,Moderate
6,10,5,419,20,57,83477,29276,22,14,6,Saturday,20.0,Moderate
7,10,5,415,19,58,83465,31217,23,14,6,Saturday,23.333333333333332,Moderate
6,10,5,412,19,59,83447,30396,0,15,6,Sunday,20.0,Moderate
6,10,5,412,18,60,83470,30037,1,15,6,Sunday,20.0,Moderate
6,9,5,418,18,61,83502,28710,2,15,6,Sunday,20.0,Moderate
7,10,5,419,18,62,83551,31641,3,15,6,Sunday,23.333333333333332,Moderate
9,14,7,417,18,61,83600,42035,4,15,6,Sunday,30.0,Unhealthy for Sensitive Groups
9,14,7,410,19,58,83630,42714,5,15,6,Sunday,30.0,Unhealthy for Sensitive Groups
8,12,6,406,23,49,83626,36574,6,15,6,Sunday,26.666666666666668,Moderate
9,15,7,402,24,48,83622,44113,7,15,6,Sunday,30.0,Unhealthy for Sensitive Groups
12,20,10,402,25,48,83594,58138,8,15,6,Sunday,40.0,Unhealthy for Sensitive Groups
11,18,9,401,23,51,83551,52760,9,15,6,Sunday,36.666666666666664,Unhealthy for Sensitive Groups
10,16,8,402,24,51,83488,45627,10,15,6,Sunday,33.33333333333333,Unhealthy for Sensitive Groups
9,14,7,400,24,49,83421,40910,11,15,6,Sunday,30.0,Unhealthy for Sensitive Groups
8,14,7,399,24,48,83371,40288,12,15,6,Sunday,26.666666666666668,Moderate
10,16,8,400,24,49,83365,46703,13,15,6,Sunday,33.33333333333333,Unhealthy for Sensitive Groups
9,16,7,400,24,51,83379,42742,14,15,6,Sunday,30.0,Unhealthy for Sensitive Groups
10,18,8,408,23,54,83413,45962,15,15,6,Sunday,33.33333333333333,Unhealthy for Sensitive Groups
14,24,11,410,22,55,83430,61209,16,15,6,Sunday,46.666666666666664,Unhealthy for Sensitive Groups
16,27,12,419,22,56,83462,68968,17,15,6,Sunday,53.333333333333336,Unhealthy
14,24,11,427,22,56,83506,64695,18,15,6,Sunday,46.666666666666664,Unhealthy for Sensitive Groups
13,22,10,431,21,57,83541,61384,19,15,6,Sunday,43.333333333333336,Unhealthy for Sensitive Groups
11,19,9,423,21,54,83526,49922,20,15,6,Sunday,36.666666666666664,Unhealthy for Sensitive Groups
7,11,5,425,20,55,83526,32111,21,15,6,Sunday,23.333333333333332,Moderate
8,13,6,436,19,59,83489,38995,22,15,6,Sunday,26.666666666666668,Moderate
9,14,7,424,18,61,83455,40561,23,15,6,Sunday,30.0,Unhealthy for Sensitive Groups
7,11,6,427,18,62,83459,32283,0,16,6,Monday,23.333333333333332,Moderate
5,8,4,431,18,63,83459,26047,1,16,6,Monday,16.666666666666664,Moderate
5,8,4,427,18,64,83499,26281,2,16,6,Monday,16.666666666666664,Moderate
6,10,5,434,18,65,83533,30180,3,16,6,Monday,20.0,Moderate
8,13,6,438,18,66,83586,38455,4,16,6,Monday,26.666666666666668,Moderate
7,11,6,411,20,62,83636,34440,5,16,6,Monday,23.333333333333332,Moderate
8,13,6,408,21,58,83654,39891,6,16,6,Monday,26.666666666666668,Moderate
8,12,6,407,22,54,83638,36298,7,16,6,Monday,26.666666666666668,Moderate
8,13,6,406,24,50,83589,39590,8,16,6,Monday,26.666666666666668,Moderate
8,13,6,403,24,49,83530,37412,9,16,6,Monday,26.666666666666668,Moderate
8,13,6,403,23,51,83476,37833,10,16,6,Monday,26.666666666666668,Moderate
7,11,5,401,23,52,83434,31166,11,16,6,Monday,23.333333333333332,Moderate
8,14,6,402,23,51,83383,36829,12,16,6,Monday,26.666666666666668,Moderate
10,17,8,402,23,51,83334,45648,13,16,6,Monday,33.33333333333333,Unhealthy for Sensitive Groups
10,19,8,410,23,54,83356,46454,14,16,6,Monday,33.33333333333333,Unhealthy for Sensitive Groups
12,22,9,417,22,55,83373,53689,15,16,6,Monday,40.0,Unhealthy for Sensitive Groups
17,29,13,424,22,56,83408,74153,16,16,6,Monday,56.666666666666664,Unhealthy
10,17,8,419,21,57,83440,47668,17,16,6,Monday,33.33333333333333,Unhealthy for Sensitive Groups
11,19,8,424,21,59,83468,47015,18,16,6,Monday,36.666666666666664,Unhealthy for Sensitive Groups
11,19,9,439,21,62,83487,51659,19,16,6,Monday,36.666666666666664,Unhealthy for Sensitive Groups
9,16,7,420,21,61,83502,42719,20,16,6,Monday,30.0,Unhealthy for Sensitive Groups
8,13,6,417,20,63,83509,35539,21,16,6,Monday,26.666666666666668,Moderate
7,11,6,416,20,65,83474,31755,22,16,6,Monday,23.333333333333332,Moderate
5,8,4,414,20,67,83446,23966,23,16,6,Monday,16.666666666666664,Moderate
3,5,2,414,19,67,83423,17234,0,17,6,Tuesday,10.0,Good
3,5,2,417,19,68,83452,14929,1,17,6,Tuesday,10.0,Good
5,8,4,416,19,69,83483,25612,2,17,6,Tuesday,16.666666666666664,Moderate
17,29,12,418,19,69,83505,69885,3,17,6,Tuesday,56.666666666666664,Unhealthy
9,14,7,422,19,68,83530,43752,4,17,6,Tuesday,30.0,Unhealthy for Sensitive Groups
10,15,8,417,20,66,83599,45419,5,17,6,Tuesday,33.33333333333333,Unhealthy for Sensitive Groups
11,16,9,416,23,58,83593,50653,6,17,6,Tuesday,36.666666666666664,Unhealthy for Sensitive Groups
13,20,11,411,25,51,83568,62315,7,17,6,Tuesday,43.333333333333336,Unhealthy for Sensitive Groups
14,23,11,409,24,53,83555,66562,8,17,6,Tuesday,46.666666666666664,Unhealthy for Sensitive Groups
13,21,10,408,25,49,83500,59264,9,17,6,Tuesday,43.333333333333336,Unhealthy for Sensitive Groups
11,18,9,405,25,48,83435,51244,10,17,6,Tuesday,36.666666666666664,Unhealthy for Sensitive Groups
10,17,8,404,26,44,83331,46669,11,17,6,Tuesday,33.33333333333333,Unhealthy for Sensitive Groups
9,16,6,404,25,47,83281,38905,12,17,6,Tuesday,30.0,Unhealthy for Sensitive Groups
9,16,7,406,25,50,83257,41406,13,17,6,Tuesday,30.0,Unhealthy for Sensitive Groups
12,22,9,411,24,55,83281,53428,14,17,6,Tuesday,40.0,Unhealthy for Sensitive Groups
14,23,11,415,22,59,83333,64047,15,17,6,Tuesday,46.666666666666664,Unhealthy for Sensitive Groups
19,30,14,424,22,60,83354,88101,16,17,6,Tuesday,63.33333333333333,Unhealthy
22,35,17,437,22,64,83401,104778,17,17,6,Tuesday,73.33333333333333,Unhealthy
13,19,10,427,22,62,83446,58267,18,17,6,Tuesday,43.333333333333336,Unhealthy for Sensitive Groups
10,17,8,423,21,61,83493,45291,19,17,6,Tuesday,33.33333333333333,Unhealthy for Sensitive Groups
4,7,3,419,21,63,83515,20587,20,17,6,Tuesday,13.333333333333334,Good
4,6,3,419,20,65,83496,18183,21,17,6,Tuesday,13.333333333333334,Good
4,7,3,421,20,67,83452,19934,22,17,6,Tuesday,13.333333333333334,Good
4,7,3,417,20,67,83410,20751,23,17,6,Tuesday,13.333333333333334,Good
4,6,3,419,20,67,83381,19649,0,18,6,Wednesday,13.333333333333334,Good
5,8,4,418,19,68,83412,23450,1,18,6,Wednesday,16.666666666666664,Moderate
5,8,4,418,19,68,83460,23138,2,18,6,Wednesday,16.666666666666664,Moderate
5,8,4,423,19,68,83495,25487,3,18,6,Wednesday,16.666666666666664,Moderate
7,12,6,428,20,68,83530,36350,4,18,6,Wednesday,23.333333333333332,Moderate
13,20,10,419,21,62,83563,60009,5,18,6,Wednesday,43.333333333333336,Unhealthy for Sensitive Groups
9,15,7,415,24,54,83585,42813,6,18,6,Wednesday,30.0,Unhealthy for Sensitive Groups
13,20,10,413,25,50,83568,60963,7,18,6,Wednesday,43.333333333333336,Unhealthy for Sensitive Groups
15,23,11,414,26,48,83521,67905,8,18,6,Wednesday,50.0,Unhealthy
15,24,12,410,26,45,83449,69296,9,18,6,Wednesday,50.0,Unhealthy
15,24,12,410,27,43,83380,70561,10,18,6,Wednesday,50.0,Unhealthy
16,27,13,409,28,42,83323,75052,11,18,6,Wednesday,53.333333333333336,Unhealthy
13,23,10,409,27,42,83246,56999,12,18,6,Wednesday,43.333333333333336,Unhealthy for Sensitive Groups
10,19,7,410,25,48,83220,41383,13,18,6,Wednesday,33.33333333333333,Unhealthy for Sensitive Groups
11,21,7,410,25,50,83243,43183,14,18,6,Wednesday,36.666666666666664,Unhealthy for Sensitive Groups
11,20,9,415,24,52,83293,51110,15,18,6,Wednesday,36.666666666666664,Unhealthy for Sensitive Groups
15,26,12,415,23,55,83330,67295,16,18,6,Wednesday,50.0,Unhealthy
19,31,14,423,23,56,83391,84083,17,18,6,Wednesday,63.33333333333333,Unhealthy
10,16,8,419,23,56,83470,46127,18,18,6,Wednesday,33.33333333333333,Unhealthy for Sensitive Groups
5,8,4,420,22,60,83492,24492,19,18,6,Wednesday,16.666666666666664,Moderate
4,7,3,423,21,61,83483,20790,20,18,6,Wednesday,13.333333333333334,Good
4,6,3,422,21,65,83482,19549,21,18,6,Wednesday,13.333333333333334,Good
3,5,2,422,21,69,83462,14852,22,18,6,Wednesday,10.0,Good
4,7,3,426,20,70,83417,21715,23,18,6,Wednesday,13.333333333333334,Good
13,20,10,428,20,70,83396,60112,0,19,6,Thursday,43.333333333333336,Unhealthy for Sensitive Groups
9,14,7,426,20,71,83398,44452,1,19,6,Thursday,30.0,Unhealthy for Sensitive Groups
4,6,3,422,20,70,83431,18955,2,19,6,Thursday,13.333333333333334,Good
5,8,4,424,20,70,83517,23730,3,19,6,Thursday,16.666666666666664,Moderate
7,11,6,423,20,70,83580,34495,4,19,6,Thursday,23.333333333333332,Moderate
10,15,8,427,21,66,83634,46222,5,19,6,Thursday,33.33333333333333,Unhealthy for Sensitive Groups
15,23,12,426,22,63,83670,71552,6,19,6,Thursday,50.0,Unhealthy
14,21,11,414,24,57,83645,64206,7,19,6,Thursday,46.666666666666664,Unhealthy for Sensitive Groups
20,30,15,413,25,53,83621,94291,8,19,6,Thursday,66.66666666666666,Unhealthy
19,30,14,408,26,50,83553,85887,9,19,6,Thursday,63.33333333333333,Unhealthy
15,25,11,409,27,47,83457,68196,10,19,6,Thursday,50.0,Unhealthy
10,18,8,406,26,47,83366,46970,11,19,6,Thursday,33.33333333333333,Unhealthy for Sensitive Groups
11,18,9,411,26,49,83293,49656,12,19,6,Thursday,36.666666666666664,Unhealthy for Sensitive Groups
11,20,9,412,25,51,83271,50613,13,19,6,Thursday,36.666666666666664,Unhealthy for Sensitive Groups
14,25,10,439,24,55,83310,60867,14,19,6,Thursday,46.666666666666664,Unhealthy for Sensitive Groups
11,18,9,424,23,60,83395,53906,15,19,6,Thursday,36.666666666666664,Unhealthy for Sensitive Groups
11,17,9,422,22,62,83421,51170,16,19,6,Thursday,36.666666666666664,Unhealthy for Sensitive Groups
12,19,10,423,22,62,83470,58967,17,19,6,Thursday,40.0,Unhealthy for Sensitive Groups
12,18,10,427,22,62,83518,57552,18,19,6,Thursday,40.0,Unhealthy for Sensitive Groups
12,19,10,437,22,63,83531,57969,19,19,6,Thursday,40.0,Unhealthy for Sensitive Groups
12,19,10,437,21,64,83539,57541,20,19,6,Thursday,40.0,Unhealthy for Sensitive Groups
9,14,7,442,21,65,83500,44928,21,19,6,Thursday,30.0,Unhealthy for Sensitive Groups
10,16,8,441,21,67,83465,49282,22,19,6,Thursday,33.33333333333333,Unhealthy for Sensitive Groups
11,17,9,447,20,68,83432,53515,23,19,6,Thursday,36.666666666666664,Unhealthy for Sensitive Groups
11,16,9,455,20,69,83409,50868,0,20,6,Friday,36.666666666666664,Unhealthy for Sensitive Groups
10,15,8,461,20,69,83418,48748,1,20,6,Friday,33.33333333333333,Unhealthy for Sensitive Groups
10,15,8,458,20,70,83453,46809,2,20,6,Friday,33.33333333333333,Unhealthy for Sensitive Groups
12,19,10,459,20,70,83493,57982,3,20,6,Friday,40.0,Unhealthy for Sensitive Groups
20,32,16,451,20,69,83558,97836,4,20,6,Friday,66.66666666666666,Unhealthy
38,59,28,439,21,68,83622,186295,5,20,6,Friday,126.66666666666666,Very Unhealthy
47,74,36,429,22,67,83639,247053,6,20,6,Friday,156.66666666666666,Very Unhealthy
47,72,37,422,24,61,83609,254220,7,20,6,Friday,156.66666666666666,Very Unhealthy
57,88,44,420,26,57,83541,315128,8,20,6,Friday,190.0,Very Unhealthy
62,97,47,418,27,53,83455,335937,9,20,6,Friday,206.66666666666669,Hazardous
42,67,32,414,27,51,83354,212983,10,20,6,Friday,140.0,Very Unhealthy
31,48,24,413,27,53,83283,149920,11,20,6,Friday,103.33333333333334,Very Unhealthy
23,35,17,415,26,53,83264,110432,12,20,6,Friday,76.66666666666667,Unhealthy
16,25,13,421,22,65,83348,76347,13,20,6,Friday,53.333333333333336,Unhealthy
15,22,12,425,20,68,83388,68060,14,20,6,Friday,50.0,Unhealthy
21,32,17,432,21,69,83424,104104,15,20,6,Friday,70.0,Unhealthy
22,33,16,439,20,69,83444,109663,16,20,6,Friday,73.33333333333333,Unhealthy
29,45,22,454,20,69,83497,148745,17,20,6,Friday,96.66666666666667,Unhealthy
36,55,29,465,19,70,83524,189834,18,20,6,Friday,120.0,Very Unhealthy
37,56,29,479,19,70,83545,191578,19,20,6,Friday,123.33333333333334,Very Unhealthy
41,63,33,488,19,70,83507,224098,20,20,6,Friday,136.66666666666666,Very Unhealthy
41,61,32,494,19,70,83473,215073,21,20,6,Friday,136.66666666666666,Very Unhealthy
34,51,26,491,18,71,83408,171489,22,20,6,Friday,113.33333333333333,Very Unhealthy
33,50,25,496,19,71,83350,167723,23,20,6,Friday,110.00000000000001,Very Unhealthy
32,49,25,506,18,71,83343,164007,0,21,6,Saturday,106.66666666666667,Very Unhealthy
29,43,22,506,19,72,83364,143663,1,21,6,Saturday,96.66666666666667,Unhealthy
21,33,16,495,19,71,83402,107421,2,21,6,Saturday,70.0,Unhealthy
23,34,17,504,19,72,83450,112240,3,21,6,Saturday,76.66666666666667,Unhealthy
24,37,18,497,19,73,83503,122516,4,21,6,Saturday,80.0,Unhealthy
16,24,12,444,21,68,83546,76008,5,21,6,Saturday,53.333333333333336,Unhealthy
20,31,16,424,24,61,83578,99280,6,21,6,Saturday,66.66666666666666,Unhealthy
50,77,39,428,25,58,83561,277681,7,21,6,Saturday,166.66666666666669,Very Unhealthy
51,80,40,426,26,55,83489,277658,8,21,6,Saturday,170.0,Very Unhealthy
39,61,31,417,26,54,83403,196101,9,21,6,Saturday,130.0,Very Unhealthy
31,48,24,414,27,51,83321,153043,10,21,6,Saturday,103.33333333333334,Very Unhealthy
26,40,20,413,28,48,83245,127257,11,21,6,Saturday,86.66666666666667,Unhealthy
21,33,16,412,28,45,83185,104897,12,21,6,Saturday,70.0,Unhealthy
18,27,14,412,27,47,83189,82439,13,21,6,Saturday,60.0,Unhealthy
17,26,13,414,25,52,83241,76635,14,21,6,Saturday,56.666666666666664,Unhealthy
15,23,12,416,24,55,83316,68931,15,21,6,Saturday,50.0,Unhealthy
15,23,12,417,23,61,83395,71440,16,21,6,Saturday,50.0,Unhealthy
17,25,14,419,23,63,83462,78676,17,21,6,Saturday,56.666666666666664,Unhealthy
16,25,13,425,22,64,83475,75984,18,21,6,Saturday,53.333333333333336,Unhealthy
19,28,15,443,21,66,83495,86619,19,21,6,Saturday,63.33333333333333,Unhealthy
18,27,14,449,21,68,83471,83547,20,21,6,Saturday,60.0,Unhealthy
18,27,14,453,20,68,83437,83410,21,21,6,Saturday,60.0,Unhealthy
18,27,14,463,20,69,83380,83031,22,21,6,Saturday,60.0,Unhealthy
18,27,14,473,20,69,83326,85269,23,21,6,Saturday,60.0,Unhealthy
19,29,15,460,19,69,83328,91262,0,22,6,Sunday,63.33333333333333,Unhealthy
17,26,14,447,20,69,83357,79578,1,22,6,Sunday,56.666666666666664,Unhealthy
13,19,10,433,20,70,83406,60402,2,22,6,Sunday,43.333333333333336,Unhealthy for Sensitive Groups
14,21,11,429,19,71,83441,64942,3,22,6,Sunday,46.666666666666664,Unhealthy for Sensitive Groups
19,29,15,421,19,72,83498,90259,4,22,6,Sunday,63.33333333333333,Unhealthy
21,32,16,418,19,71,83558,104189,5,22,6,Sunday,70.0,Unhealthy
20,31,15,413,21,68,83568,98393,6,22,6,Sunday,66.66666666666666,Unhealthy
19,30,15,412,24,59,83516,92301,7,22,6,Sunday,63.33333333333333,Unhealthy
24,36,18,409,25,55,83464,117320,8,22,6,Sunday,80.0,Unhealthy
44,66,35,414,26,53,83396,231607,9,22,6,Sunday,146.66666666666666,Very Unhealthy
32,49,25,412,26,51,83339,162268,10,22,6,Sunday,106.66666666666667,Very Unhealthy
23,35,17,408,26,53,83267,112355,11,22,6,Sunday,76.66666666666667,Unhealthy
20,30,15,408,25,57,83220,94553,12,22,6,Sunday,66.66666666666666,Unhealthy
20,30,15,409,25,57,83199,94133,13,22,6,Sunday,66.66666666666666,Unhealthy
18,28,14,410,24,58,83189,87094,14,22,6,Sunday,60.0,Unhealthy
18,28,14,414,23,61,83227,83924,15,22,6,Sunday,60.0,Unhealthy
19,29,15,415,21,65,83270,91359,16,22,6,Sunday,63.33333333333333,Unhealthy
21,32,15,418,21,66,83347,101548,17,22,6,Sunday,70.0,Unhealthy
20,30,15,420,21,67,83413,98062,18,22,6,Sunday,66.66666666666666,Unhealthy
20,31,15,427,21,69,83438,97745,19,22,6,Sunday,66.66666666666666,Unhealthy
19,29,14,430,21,69,83435,90167,20,22,6,Sunday,63.33333333333333,Unhealthy
17,25,14,421,21,68,83405,77959,21,22,6,Sunday,56.666666666666664,Unhealthy
16,24,12,419,20,69,83359,72822,22,22,6,Sunday,53.333333333333336,Unhealthy
15,23,12,416,19,71,83321,70667,23,22,6,Sunday,50.0,Unhealthy
17,25,13,416,19,72,83325,77877,0,23,6,Monday,56.666666666666664,Unhealthy
16,25,13,419,19,71,83337,77482,1,23,6,Monday,53.333333333333336,Unhealthy
16,24,13,425,19,72,83369,75832,2,23,6,Monday,53.333333333333336,Unhealthy
19,29,15,424,19,71,83406,94438,3,23,6,Monday,63.33333333333333,Unhealthy
20,30,15,420,19,72,83475,94193,4,23,6,Monday,66.66666666666666,Unhealthy
21,33,16,417,20,68,83513,106247,5,23,6,Monday,70.0,Unhealthy
31,47,24,415,22,64,83525,157431,6,23,6,Monday,103.33333333333334,Very Unhealthy
40,60,31,417,21,64,83533,208773,7,23,6,Monday,133.33333333333331,Very Unhealthy
34,51,26,415,23,60,83496,169957,8,23,6,Monday,113.33333333333333,Very Unhealthy
28,43,21,411,23,57,83461,140301,9,23,6,Monday,93.33333333333333,Unhealthy
23,36,17,410,25,52,83400,114797,10,23,6,Monday,76.66666666666667,Unhealthy
20,31,15,407,25,50,83315,93466,11,23,6,Monday,66.66666666666666,Unhealthy
19,30,15,408,25,50,83238,88025,12,23,6,Monday,63.33333333333333,Unhealthy
18,28,14,410,24,54,83230,80854,13,23,6,Monday,60.0,Unhealthy
16,26,13,411,23,55,83258,76104,14,23,6,Monday,53.333333333333336,Unhealthy
18,28,14,414,22,57,83290,81590,15,23,6,Monday,60.0,Unhealthy
21,35,16,417,21,61,83332,100343,16,23,6,Monday,70.0,Unhealthy
22,37,16,419,21,63,83398,103851,17,23,6,Monday,73.33333333333333,Unhealthy
23,36,17,417,20,64,83452,111723,18,23,6,Monday,76.66666666666667,Unhealthy
20,30,15,419,19,67,83474,92322,19,23,6,Monday,66.66666666666666,Unhealthy
18,27,14,424,20,67,83465,82070,20,23,6,Monday,60.0,Unhealthy
17,26,14,425,20,67,83435,80467,21,23,6,Monday,56.666666666666664,Unhealthy
18,28,15,427,19,68,83387,86123,22,23,6,Monday,60.0,Unhealthy
16,24,13,420,19,67,83353,73209,23,23,6,Monday,53.333333333333336,Unhealthy
14,22,11,418,19,67,83333,67241,0,24,6,Tuesday,46.666666666666664,Unhealthy for Sensitive Groups
15,22,12,418,19,68,83344,69482,1,24,6,Tuesday,50.0,Unhealthy
18,27,14,419,18,68,83388,83216,2,24,6,Tuesday,60.0,Unhealthy
17,26,14,422,18,69,83434,80621,3,24,6,Tuesday,56.666666666666664,Unhealthy
19,29,15,422,18,68,83486,87450,4,24,6,Tuesday,63.33333333333333,Unhealthy
20,30,15,425,20,63,83557,93360,5,24,6,Tuesday,66.66666666666666,Unhealthy
27,41,20,418,21,58,83601,131268,6,24,6,Tuesday,90.0,Unhealthy
37,57,28,421,23,55,83595,183139,7,24,6,Tuesday,123.33333333333334,Very Unhealthy
31,48,23,412,24,50,83549,150919,8,24,6,Tuesday,103.33333333333334,Very Unhealthy
24,38,18,409,26,46,83474,117398,9,24,6,Tuesday,80.0,Unhealthy
22,36,16,406,27,43,83372,104775,10,24,6,Tuesday,73.33333333333333,Unhealthy
20,33,15,406,27,41,83299,91357,11,24,6,Tuesday,66.66666666666666,Unhealthy
18,29,14,405,27,41,83235,84404,12,24,6,Tuesday,60.0,Unhealthy
14,22,11,405,27,40,83201,65409,13,24,6,Tuesday,46.666666666666664,Unhealthy for Sensitive Groups
14,21,11,404,25,42,83222,63823,14,24,6,Tuesday,46.666666666666664,Unhealthy for Sensitive Groups
16,24,13,410,24,44,83263,73208,15,24,6,Tuesday,53.333333333333336,Unhealthy
17,26,14,414,23,47,83332,78183,16,24,6,Tuesday,56.666666666666664,Unhealthy
19,28,15,417,22,48,83411,86684,17,24,6,Tuesday,63.33333333333333,Unhealthy
24,37,18,423,22,50,83487,115005,18,24,6,Tuesday,80.0,Unhealthy
20,31,16,425,21,52,83539,99885,19,24,6,Tuesday,66.66666666666666,Unhealthy
19,29,15,429,21,55,83539,89455,20,24,6,Tuesday,63.33333333333333,Unhealthy
16,25,13,437,20,58,83545,76441,21,24,6,Tuesday,53.333333333333336,Unhealthy
13,19,10,440,19,61,83512,60513,22,24,6,Tuesday,43.333333333333336,Unhealthy for Sensitive Groups
11,17,9,444,18,64,83473,54170,23,24,6,Tuesday,36.666666666666664,Unhealthy for Sensitive Groups
12,18,10,453,19,65,83437,55089,0,25,6,Wednesday,40.0,Unhealthy for Sensitive Groups
11,16,9,456,19,67,83420,50286,1,25,6,Wednesday,36.666666666666664,Unhealthy for Sensitive Groups
10,15,8,459,18,68,83429,46846,2,25,6,Wednesday,33.33333333333333,Unhealthy for Sensitive Groups
11,16,9,462,18,68,83462,51768,3,25,6,Wednesday,36.666666666666664,Unhealthy for Sensitive Groups
16,24,13,450,18,69,83466,74370,4,25,6,Wednesday,53.333333333333336,Unhealthy
14,21,11,418,20,66,83536,66666,5,25,6,Wednesday,46.666666666666664,Unhealthy for Sensitive Groups
13,20,11,410,22,59,83571,63434,6,25,6,Wednesday,43.333333333333336,Unhealthy for Sensitive Groups
14,21,11,408,24,51,83555,65785,7,25,6,Wednesday,46.666666666666664,Unhealthy for Sensitive Groups
19,29,15,405,25,47,83513,94084,8,25,6,Wednesday,63.33333333333333,Unhealthy
21,32,15,405,27,43,83441,101173,9,25,6,Wednesday,70.0,Unhealthy
21,33,15,404,26,44,83379,98039,10,25,6,Wednesday,70.0,Unhealthy
19,29,14,401,26,44,83309,88751,11,25,6,Wednesday,63.33333333333333,Unhealthy
14,22,11,400,26,45,83252,67546,12,25,6,Wednesday,46.666666666666664,Unhealthy for Sensitive Groups
13,21,11,404,24,50,83232,62544,13,25,6,Wednesday,43.333333333333336,Unhealthy for Sensitive Groups
8,14,6,406,23,53,83252,39475,14,25,6,Wednesday,26.666666666666668,Moderate
10,16,8,410,23,56,83283,45344,15,25,6,Wednesday,33.33333333333333,Unhealthy for Sensitive Groups
12,18,10,410,22,57,83316,54373,16,25,6,Wednesday,40.0,Unhealthy for Sensitive Groups
12,18,9,412,21,59,83384,53965,17,25,6,Wednesday,40.0,Unhealthy for Sensitive Groups
11,17,9,414,21,61,83446,53448,18,25,6,Wednesday,36.666666666666664,Unhealthy for Sensitive Groups
10,15,8,414,20,64,83484,47771,19,25,6,Wednesday,33.33333333333333,Unhealthy for Sensitive Groups
9,13,7,416,20,67,83494,40433,20,25,6,Wednesday,30.0,Unhealthy for Sensitive Groups
6,10,5,415,20,69,83482,30333,21,25,6,Wednesday,20.0,Moderate
7,10,6,415,20,71,83455,32255,22,25,6,Wednesday,23.333333333333332,Moderate
6,9,5,416,19,72,83414,29304,23,25,6,Wednesday,20.0,Moderate
8,12,6,420,19,74,83390,37217,0,26,6,Thursday,26.666666666666668,Moderate
7,11,6,422,20,73,83382,34690,1,26,6,Thursday,23.333333333333332,Moderate
9,14,7,421,20,72,83397,43281,2,26,6,Thursday,30.0,Unhealthy for Sensitive Groups
9,13,7,429,19,73,83440,41342,3,26,6,Thursday,30.0,Unhealthy for Sensitive Groups
10,15,8,424,20,71,83487,47668,4,26,6,Thursday,33.33333333333333,Unhealthy for Sensitive Groups
13,19,10,417,20,70,83566,59144,5,26,6,Thursday,43.333333333333336,Unhealthy for Sensitive Groups
18,28,14,416,20,69,83610,87593,6,26,6,Thursday,60.0,Unhealthy
20,31,16,414,20,72,83624,98471,7,26,6,Thursday,66.66666666666666,Unhealthy
16,24,13,412,20,73,83579,75020,8,26,6,Thursday,53.333333333333336,Unhealthy
15,24,12,411,22,70,83513,75908,9,26,6,Thursday,50.0,Unhealthy
5,8,4,407,24,61,83418,27088,10,26,6,Thursday,16.666666666666664,Moderate
5,8,4,404,25,55,83325,25735,11,26,6,Thursday,16.666666666666664,Moderate
4,6,3,402,25,55,83259,17982,12,26,6,Thursday,13.333333333333334,Good
4,7,3,403,25,55,83217,18812,13,26,6,Thursday,13.333333333333334,Good
4,7,3,407,23,57,83227,18276,14,26,6,Thursday,13.333333333333334,Good
7,11,5,412,23,61,83257,31342,15,26,6,Thursday,23.333333333333332,Moderate
8,12,6,412,22,65,83304,38039,16,26,6,Thursday,26.666666666666668,Moderate
8,13,7,413,21,68,83368,40074,17,26,6,Thursday,26.666666666666668,Moderate
7,12,6,419,21,69,83426,35804,18,26,6,Thursday,23.333333333333332,Moderate
8,13,6,436,20,69,83429,39090,19,26,6,Thursday,26.666666666666668,Moderate
10,15,8,446,20,70,83433,46896,20,26,6,Thursday,33.33333333333333,Unhealthy for Sensitive Groups
11,16,9,441,20,71,83417,50662,21,26,6,Thursday,36.666666666666664,Unhealthy for Sensitive Groups
10,15,8,426,20,71,83361,46070,22,26,6,Thursday,33.33333333333333,Unhealthy for Sensitive Groups
9,14,7,438,20,70,83305,43751,23,26,6,Thursday,30.0,Unhealthy for Sensitive Groups
7,12,6,446,19,71,83298,35883,0,27,6,Friday,23.333333333333332,Moderate
8,12,6,449,19,73,83314,37416,1,27,6,Friday,26.666666666666668,Moderate
8,12,6,428,19,73,83356,36080,2,27,6,Friday,26.666666666666668,Moderate
6,9,5,429,19,72,83391,29629,3,27,6,Friday,20.0,Moderate
7,11,6,424,20,70,83434,34488,4,27,6,Friday,23.333333333333332,Moderate
8,12,6,413,21,65,83470,38378,5,27,6,Friday,26.666666666666668,Moderate
10,16,8,410,24,57,83502,49183,6,27,6,Friday,33.33333333333333,Unhealthy for Sensitive Groups
27,41,21,413,25,53,83479,131465,7,27,6,Friday,90.0,Unhealthy
34,53,26,413,26,51,83413,175595,8,27,6,Friday,113.33333333333333,Very Unhealthy
15,23,12,406,29,46,83325,69493,9,27,6,Friday,50.0,Unhealthy
14,22,11,404,29,43,83247,64527,10,27,6,Friday,46.666666666666664,Unhealthy for Sensitive Groups
13,21,10,404,29,44,83160,60374,11,27,6,Friday,43.333333333333336,Unhealthy for Sensitive Groups
12,20,10,404,29,43,83116,55235,12,27,6,Friday,40.0,Unhealthy for Sensitive Groups
15,25,11,405,28,45,83103,63610,13,27,6,Friday,50.0,Unhealthy
14,23,11,407,26,53,83136,64065,14,27,6,Friday,46.666666666666664,Unhealthy for Sensitive Groups
14,23,11,413,25,56,83190,64831,15,27,6,Friday,46.666666666666664,Unhealthy for Sensitive Groups
15,23,11,413,23,61,83246,66765,16,27,6,Friday,50.0,Unhealthy
15,23,12,417,22,63,83319,69939,17,27,6,Friday,50.0,Unhealthy
13,20,10,417,23,62,83364,60063,18,27,6,Friday,43.333333333333336,Unhealthy for Sensitive Groups
12,19,10,418,22,63,83385,55145,19,27,6,Friday,40.0,Unhealthy for Sensitive Groups
9,14,7,418,21,63,83402,41098,20,27,6,Friday,30.0,Unhealthy for Sensitive Groups
9,14,7,417,20,64,83398,41090,21,27,6,Friday,30.0,Unhealthy for Sensitive Groups
9,14,7,417,20,65,83384,42082,22,27,6,Friday,30.0,Unhealthy for Sensitive Groups
9,13,7,421,21,65,83333,40769,23,27,6,Friday,30.0,Unhealthy for Sensitive Groups
10,15,8,420,21,65,83296,46225,0,28,6,Saturday,33.33333333333333,Unhealthy for Sensitive Groups
9,14,7,426,20,69,83294,42693,1,28,6,Saturday,30.0,Unhealthy for Sensitive Groups
13,20,10,427,20,69,83336,59499,2,28,6,Saturday,43.333333333333336,Unhealthy for Sensitive Groups
16,24,13,426,19,70,83399,73595,3,28,6,Saturday,53.333333333333336,Unhealthy
21,33,16,422,19,72,83445,102492,4,28,6,Saturday,70.0,Unhealthy
22,35,17,420,19,72,83499,105655,5,28,6,Saturday,73.33333333333333,Unhealthy
30,47,23,417,20,71,83542,146189,6,28,6,Saturday,100.0,Very Unhealthy
47,74,36,418,21,68,83534,241557,7,28,6,Saturday,156.66666666666666,Very Unhealthy
32,51,24,414,22,64,83498,152282,8,28,6,Saturday,106.66666666666667,Very Unhealthy
22,34,17,409,24,58,83433,104260,9,28,6,Saturday,73.33333333333333,Unhealthy
17,26,13,405,24,57,83379,74910,10,28,6,Saturday,56.666666666666664,Unhealthy
14,22,11,403,25,56,83297,64883,11,28,6,Saturday,46.666666666666664,Unhealthy for Sensitive Groups
12,19,10,402,24,57,83239,56881,12,28,6,Saturday,40.0,Unhealthy for Sensitive Groups
12,19,10,403,24,58,83223,58357,13,28,6,Saturday,40.0,Unhealthy for Sensitive Groups
22,35,16,407,23,63,83262,102258,14,28,6,Saturday,73.33333333333333,Unhealthy
23,37,18,410,22,67,83288,111086,15,28,6,Saturday,76.66666666666667,Unhealthy
21,33,17,412,21,68,83332,103205,16,28,6,Saturday,70.0,Unhealthy
16,26,13,414,21,66,83395,77832,17,28,6,Saturday,53.333333333333336,Unhealthy
17,26,13,414,20,66,83433,76914,18,28,6,Saturday,56.666666666666664,Unhealthy
20,31,15,417,20,67,83438,91432,19,28,6,Saturday,66.66666666666666,Unhealthy
17,26,13,416,20,66,83415,76341,20,28,6,Saturday,56.666666666666664,Unhealthy
14,21,11,418,20,67,83418,63338,21,28,6,Saturday,46.666666666666664,Unhealthy for Sensitive Groups
12,19,10,414,20,68,83396,58508,22,28,6,Saturday,40.0,Unhealthy for Sensitive Groups
12,19,10,412,19,69,83363,57493,23,28,6,Saturday,40.0,Unhealthy for Sensitive Groups
13,19,10,411,19,69,83345,58830,0,29,6,Sunday,43.333333333333336,Unhealthy for Sensitive Groups
17,25,13,412,18,71,83350,76851,1,29,6,Sunday,56.666666666666664,Unhealthy
17,26,14,412,18,72,83385,80685,2,29,6,Sunday,56.666666666666664,Unhealthy
18,27,14,414,18,73,83432,84110,3,29,6,Sunday,60.0,Unhealthy
20,30,15,413,18,74,83495,96193,4,29,6,Sunday,66.66666666666666,Unhealthy
20,31,16,412,18,73,83552,97664,5,29,6,Sunday,66.66666666666666,Unhealthy
16,24,13,409,19,70,83581,74686,6,29,6,Sunday,53.333333333333336,Unhealthy
15,22,12,408,19,66,83583,69102,7,29,6,Sunday,50.0,Unhealthy
14,21,11,407,20,63,83555,64226,8,29,6,Sunday,46.666666666666664,Unhealthy for Sensitive Groups
14,22,11,405,20,62,83504,67401,9,29,6,Sunday,46.666666666666664,Unhealthy for Sensitive Groups
14,21,11,405,22,59,83430,66093,10,29,6,Sunday,46.666666666666664,Unhealthy for Sensitive Groups
14,21,11,404,23,56,83342,64720,11,29,6,Sunday,46.666666666666664,Unhealthy for Sensitive Groups
12,19,10,404,24,54,83277,57508,12,29,6,Sunday,40.0,Unhealthy for Sensitive Groups
11,17,9,403,23,54,83255,53505,13,29,6,Sunday,36.666666666666664,Unhealthy for Sensitive Groups
12,18,9,408,22,56,83280,54611,14,29,6,Sunday,40.0,Unhealthy for Sensitive Groups
12,20,10,412,21,56,83292,58255,15,29,6,Sunday,40.0,Unhealthy for Sensitive Groups
17,27,13,422,20,58,83311,77227,16,29,6,Sunday,56.666666666666664,Unhealthy
24,39,18,431,20,60,83344,113745,17,29,6,Sunday,80.0,Unhealthy
20,33,15,432,20,60,83401,93450,18,29,6,Sunday,66.66666666666666,Unhealthy
18,29,14,420,20,57,83443,77712,19,29,6,Sunday,60.0,Unhealthy
11,17,9,419,20,58,83437,51210,20,29,6,Sunday,36.666666666666664,Unhealthy for Sensitive Groups
8,12,6,418,19,61,83434,37501,21,29,6,Sunday,26.666666666666668,Moderate
6,9,5,418,19,62,83406,29683,22,29,6,Sunday,20.0,Moderate
6,9,5,417,19,63,83382,29684,23,29,6,Sunday,20.0,Moderate
6,9,4,417,18,64,83355,27031,0,30,6,Monday,20.0,Moderate
5,8,4,419,19,64,83373,25726,1,30,6,Monday,16.666666666666664,Moderate
6,10,5,421,19,66,83398,30864,2,30,6,Monday,20.0,Moderate
8,12,6,428,19,67,83424,38282,3,30,6,Monday,26.666666666666668,Moderate
14,21,11,425,19,67,83477,64119,4,30,6,Monday,46.666666666666664,Unhealthy for Sensitive Groups
24,39,18,423,19,65,83534,117342,5,30,6,Monday,80.0,Unhealthy
34,53,26,423,20,66,83571,166283,6,30,6,Monday,113.33333333333333,Very Unhealthy
29,46,22,423,19,68,83593,140701,7,30,6,Monday,96.66666666666667,Unhealthy
24,40,17,417,20,65,83558,112693,8,30,6,Monday,80.0,Unhealthy
16,27,13,414,20,64,83522,75748,9,30,6,Monday,53.333333333333336,Unhealthy
24,37,18,413,20,66,83486,111173,10,30,6,Monday,80.0,Unhealthy
28,43,21,413,21,64,83425,131238,11,30,6,Monday,93.33333333333333,Unhealthy
29,46,22,410,22,62,83375,138418,12,30,6,Monday,96.66666666666667,Unhealthy
28,44,21,409,22,59,83326,131782,13,30,6,Monday,93.33333333333333,Unhealthy
26,41,20,408,22,61,83330,124287,14,30,6,Monday,86.66666666666667,Unhealthy
28,44,21,416,21,66,83340,131760,15,30,6,Monday,93.33333333333333,Unhealthy
21,35,16,429,20,65,83383,98584,16,30,6,Monday,70.0,Unhealthy
22,37,16,437,20,63,83426,100273,17,30,6,Monday,73.33333333333333,Unhealthy
25,40,19,453,19,65,83466,116312,18,30,6,Monday,83.33333333333334,Unhealthy
29,45,22,470,19,67,83472,139618,19,30,6,Monday,96.66666666666667,Unhealthy
28,43,21,463,18,67,83467,136756,20,30,6,Monday,93.33333333333333,Unhealthy
16,24,12,449,17,67,83475,73138,21,30,6,Monday,53.333333333333336,Unhealthy
10,15,8,437,17,67,83474,45528,22,30,6,Monday,33.33333333333333,Unhealthy for Sensitive Groups
8,13,7,434,18,68,83478,39541,23,30,6,Monday,26.666666666666668,Moderate
7,11,6,422,17,70,83486,32427,0,1,7,Tuesday,23.333333333333332,Moderate
6,9,5,417,17,71,83493,28996,1,1,7,Tuesday,20.0,Moderate
6,9,5,421,18,70,83527,29275,2,1,7,Tuesday,20.0,Moderate
6,10,5,419,18,70,83540,30346,3,1,7,Tuesday,20.0,Moderate
8,13,7,421,18,70,83580,40151,4,1,7,Tuesday,26.666666666666668,Moderate
13,21,10,428,19,69,83619,59534,5,1,7,Tuesday,43.333333333333336,Unhealthy for Sensitive Groups
9,14,7,417,20,65,83621,40497,6,1,7,Tuesday,30.0,Unhealthy for Sensitive Groups
13,21,10,419,21,60,83593,62488,7,1,7,Tuesday,43.333333333333336,Unhealthy for Sensitive Groups
19,29,15,413,23,55,83535,89084,8,1,7,Tuesday,63.33333333333333,Unhealthy
19,29,14,411,23,52,83482,86443,9,1,7,Tuesday,63.33333333333333,Unhealthy
26,42,20,411,24,50,83423,126507,10,1,7,Tuesday,86.66666666666667,Unhealthy
22,36,16,410,26,47,83338,99956,11,1,7,Tuesday,73.33333333333333,Unhealthy
19,31,14,411,25,48,83282,83195,12,1,7,Tuesday,63.33333333333333,Unhealthy
19,31,14,409,25,47,83257,83263,13,1,7,Tuesday,63.33333333333333,Unhealthy
20,33,15,410,24,52,83267,86222,14,1,7,Tuesday,66.66666666666666,Unhealthy
17,29,13,420,22,58,83294,74728,15,1,7,Tuesday,56.666666666666664,Unhealthy
23,40,17,440,22,61,83367,102004,16,1,7,Tuesday,76.66666666666667,Unhealthy
25,42,18,438,22,61,83427,111688,17,1,7,Tuesday,83.33333333333334,Unhealthy
20,33,14,437,21,61,83481,87914,18,1,7,Tuesday,66.66666666666666,Unhealthy
10,18,8,421,21,58,83546,48589,19,1,7,Tuesday,33.33333333333333,Unhealthy for Sensitive Groups
9,15,7,418,20,60,83570,42507,20,1,7,Tuesday,30.0,Unhealthy for Sensitive Groups
10,16,8,415,19,61,83549,47139,21,1,7,Tuesday,33.33333333333333,Unhealthy for Sensitive Groups
8,12,6,413,19,62,83525,37250,22,1,7,Tuesday,26.666666666666668,Moderate
7,11,6,419,19,63,83520,34917,23,1,7,Tuesday,23.333333333333332,Moderate
5,7,4,420,19,64,83514,22406,0,2,7,Wednesday,16.666666666666664,Moderate
4,7,3,420,19,66,83532,21667,1,2,7,Wednesday,13.333333333333334,Good
5,8,4,420,18,69,83571,26022,2,2,7,Wednesday,16.666666666666664,Moderate
6,9,4,422,19,69,83603,26877,3,2,7,Wednesday,20.0,Moderate
9,14,7,417,19,67,83634,40622,4,2,7,Wednesday,30.0,Unhealthy for Sensitive Groups
13,21,11,415,19,67,83665,61584,5,2,7,Wednesday,43.333333333333336,Unhealthy for Sensitive Groups
17,27,13,414,19,65,83690,80168,6,2,7,Wednesday,56.666666666666664,Unhealthy
13,20,10,413,21,61,83652,58619,7,2,7,Wednesday,43.333333333333336,Unhealthy for Sensitive Groups
13,20,10,410,21,58,83591,60267,8,2,7,Wednesday,43.333333333333336,Unhealthy for Sensitive Groups
13,20,10,409,23,55,83524,59391,9,2,7,Wednesday,43.333333333333336,Unhealthy for Sensitive Groups
14,22,11,406,23,53,83466,63783,10,2,7,Wednesday,46.666666666666664,Unhealthy for Sensitive Groups
17,28,14,405,25,48,83364,81753,11,2,7,Wednesday,56.666666666666664,Unhealthy
28,45,21,405,26,47,83286,131981,12,2,7,Wednesday,93.33333333333333,Unhealthy
23,39,16,404,25,50,83277,98577,13,2,7,Wednesday,76.66666666666667,Unhealthy
14,25,10,405,24,52,83306,61338,14,2,7,Wednesday,46.666666666666664,Unhealthy for Sensitive Groups
14,24,10,412,23,55,83344,61381,15,2,7,Wednesday,46.666666666666664,Unhealthy for Sensitive Groups
14,23,10,412,22,56,83388,60412,16,2,7,Wednesday,46.666666666666664,Unhealthy for Sensitive Groups
15,26,12,419,22,57,83438,69003,17,2,7,Wednesday,50.0,Unhealthy
13,21,10,419,21,58,83480,57216,18,2,7,Wednesday,43.333333333333336,Unhealthy for Sensitive Groups
8,13,6,417,21,59,83514,36683,19,2,7,Wednesday,26.666666666666668,Moderate
6,10,5,416,20,63,83499,28939,20,2,7,Wednesday,20.0,Moderate
5,8,4,415,19,66,83486,24514,21,2,7,Wednesday,16.666666666666664,Moderate
5,8,4,415,20,68,83463,23542,22,2,7,Wednesday,16.666666666666664,Moderate
5,8,4,415,20,69,83439,23813,23,2,7,Wednesday,16.666666666666664,Moderate
5,8,4,417,19,72,83437,24378,0,3,7,Thursday,16.666666666666664,Moderate
6,9,5,416,19,72,83422,30187,1,3,7,Thursday,20.0,Moderate
7,11,6,419,19,73,83468,34622,2,3,7,Thursday,23.333333333333332,Moderate
9,14,7,420,19,73,83517,41808,3,3,7,Thursday,30.0,Unhealthy for Sensitive Groups
10,16,8,422,19,73,83546,49168,4,3,7,Thursday,33.33333333333333,Unhealthy for Sensitive Groups
19,29,15,424,19,74,83598,92768,5,3,7,Thursday,63.33333333333333,Unhealthy
27,43,20,423,19,75,83650,128578,6,3,7,Thursday,90.0,Unhealthy
39,61,30,426,19,76,83652,195391,7,3,7,Thursday,130.0,Very Unhealthy
38,59,29,438,19,75,83633,188824,8,3,7,Thursday,126.66666666666666,Very Unhealthy
26,40,20,436,21,71,83557,128088,9,3,7,Thursday,86.66666666666667,Unhealthy
22,34,17,415,24,61,83466,109191,10,3,7,Thursday,73.33333333333333,Unhealthy
21,32,16,409,25,56,83371,100847,11,3,7,Thursday,70.0,Unhealthy
22,35,17,409,25,56,83300,105498,12,3,7,Thursday,73.33333333333333,Unhealthy
18,28,14,410,25,55,83285,81641,13,3,7,Thursday,60.0,Unhealthy
15,25,12,409,24,58,83315,70908,14,3,7,Thursday,50.0,Unhealthy
13,21,10,419,23,62,83335,58996,15,3,7,Thursday,43.333333333333336,Unhealthy for Sensitive Groups
18,30,14,426,22,62,83384,80303,16,3,7,Thursday,60.0,Unhealthy
19,31,14,427,22,62,83435,84515,17,3,7,Thursday,63.33333333333333,Unhealthy
15,26,12,428,21,62,83505,67972,18,3,7,Thursday,50.0,Unhealthy
15,25,11,424,21,62,83515,64847,19,3,7,Thursday,50.0,Unhealthy
11,18,8,421,20,62,83525,49335,20,3,7,Thursday,36.666666666666664,Unhealthy for Sensitive Groups
5,10,4,416,20,63,83516,26033,21,3,7,Thursday,16.666666666666664,Moderate
5,8,4,416,20,63,83488,22975,22,3,7,Thursday,16.666666666666664,Moderate
5,8,4,415,19,65,83474,23374,23,3,7,Thursday,16.666666666666664,Moderate
6,9,5,420,19,68,83472,27288,0,4,7,Friday,20.0,Moderate
6,10,5,420,19,69,83476,31408,1,4,7,Friday,20.0,Moderate
6,9,5,421,19,69,83496,27653,2,4,7,Friday,20.0,Moderate
6,9,5,429,19,69,83508,29068,3,4,7,Friday,20.0,Moderate
8,12,6,426,19,69,83545,37364,4,4,7,Friday,26.666666666666668,Moderate
11,17,9,419,20,67,83569,51790,5,4,7,Friday,36.666666666666664,Unhealthy for Sensitive Groups
10,16,8,413,22,62,83582,47865,6,4,7,Friday,33.33333333333333,Unhealthy for Sensitive Groups
10,16,8,409,23,58,83577,46224,7,4,7,Friday,33.33333333333333,Unhealthy for Sensitive Groups
14,23,11,410,24,55,83534,65545,8,4,7,Friday,46.666666666666664,Unhealthy for Sensitive Groups
19,31,15,409,24,53,83469,86139,9,4,7,Friday,63.33333333333333,Unhealthy
21,36,15,409,25,51,83411,95607,10,4,7,Friday,70.0,Unhealthy
18,30,13,409,26,48,83312,78259,11,4,7,Friday,60.0,Unhealthy
16,27,12,408,27,46,83235,68413,12,4,7,Friday,53.333333333333336,Unhealthy
13,23,9,407,26,47,83225,53999,13,4,7,Friday,43.333333333333336,Unhealthy for Sensitive Groups
16,30,10,409,25,51,83242,60891,14,4,7,Friday,53.333333333333336,Unhealthy
15,27,11,412,24,55,83299,63732,15,4,7,Friday,50.0,Unhealthy
13,22,10,412,22,59,83374,56515,16,4,7,Friday,43.333333333333336,Unhealthy for Sensitive Groups
11,19,9,417,22,65,83429,51264,17,4,7,Friday,36.666666666666664,Unhealthy for Sensitive Groups
10,17,8,419,21,66,83481,48287,18,4,7,Friday,33.33333333333333,Unhealthy for Sensitive Groups
9,14,7,425,21,68,83491,43041,19,4,7,Friday,30.0,Unhealthy for Sensitive Groups
8,13,7,423,21,65,83483,38002,20,4,7,Friday,26.666666666666668,Moderate
5,8,4,417,20,65,83488,23815,21,4,7,Friday,16.666666666666664,Moderate
5,8,4,417,20,67,83443,23154,22,4,7,Friday,16.666666666666664,Moderate
6,9,5,421,20,69,83411,28559,23,4,7,Friday,20.0,Moderate
7,11,6,420,19,70,83413,32285,0,5,7,Saturday,23.333333333333332,Moderate
7,11,6,421,19,71,83417,34983,1,5,7,Saturday,23.333333333333332,Moderate
9,13,7,420,19,74,83438,41075,2,5,7,Saturday,30.0,Unhealthy for Sensitive Groups
10,15,8,421,19,73,83481,47193,3,5,7,Saturday,33.33333333333333,Unhealthy for Sensitive Groups
13,19,10,419,19,73,83531,58741,4,5,7,Saturday,43.333333333333336,Unhealthy for Sensitive Groups
18,27,14,414,19,73,83603,90951,5,5,7,Saturday,60.0,Unhealthy
9,13,7,413,19,75,83633,42050,6,5,7,Saturday,30.0,Unhealthy for Sensitive Groups
16,25,13,414,19,76,83637,77428,7,5,7,Saturday,53.333333333333336,Unhealthy
16,24,12,416,18,76,83615,74249,8,5,7,Saturday,53.333333333333336,Unhealthy
19,29,15,414,19,76,83567,92336,9,5,7,Saturday,63.33333333333333,Unhealthy
18,26,14,412,19,75,83506,83650,10,5,7,Saturday,60.0,Unhealthy
15,23,12,410,21,69,83415,70694,11,5,7,Saturday,50.0,Unhealthy
17,25,14,406,21,67,83350,77454,12,5,7,Saturday,56.666666666666664,Unhealthy
18,28,15,407,22,64,83316,84865,13,5,7,Saturday,60.0,Unhealthy
20,30,15,406,22,65,83312,95473,14,5,7,Saturday,66.66666666666666,Unhealthy
26,40,20,416,21,69,83334,128975,15,5,7,Saturday,86.66666666666667,Unhealthy
30,45,23,427,21,71,83362,149075,16,5,7,Saturday,100.0,Very Unhealthy
38,57,30,432,21,71,83420,195345,17,5,7,Saturday,126.66666666666666,Very Unhealthy
37,55,29,435,21,71,83458,185621,18,5,7,Saturday,123.33333333333334,Very Unhealthy
40,61,32,444,20,72,83461,212776,19,5,7,Saturday,133.33333333333331,Very Unhealthy
48,72,38,455,20,73,83432,261644,20,5,7,Saturday,160.0,Very Unhealthy
31,47,25,442,19,71,83429,160494,21,5,7,Saturday,103.33333333333334,Very Unhealthy
12,18,10,419,19,72,83411,54828,22,5,7,Saturday,40.0,Unhealthy for Sensitive Groups
12,18,10,418,18,75,83360,55239,23,5,7,Saturday,40.0,Unhealthy for Sensitive Groups
12,19,10,419,19,75,83346,55867,0,6,7,Sunday,40.0,Unhealthy for Sensitive Groups
13,19,10,419,19,75,83371,58007,1,6,7,Sunday,43.333333333333336,Unhealthy for Sensitive Groups
18,27,14,417,18,75,83411,83336,2,6,7,Sunday,60.0,Unhealthy
20,30,15,418,18,75,83442,91066,3,6,7,Sunday,66.66666666666666,Unhealthy
18,28,14,417,18,75,83502,83364,4,6,7,Sunday,60.0,Unhealthy
14,22,11,414,18,76,83578,66512,5,6,7,Sunday,46.666666666666664,Unhealthy for Sensitive Groups
18,28,14,412,19,75,83604,85907,6,6,7,Sunday,60.0,Unhealthy
17,25,14,410,21,67,83576,77550,7,6,7,Sunday,56.666666666666664,Unhealthy
16,25,13,408,23,60,83533,75276,8,6,7,Sunday,53.333333333333336,Unhealthy
21,33,16,410,24,54,83439,103682,9,6,7,Sunday,70.0,Unhealthy
28,42,21,410,24,54,83369,135064,10,6,7,Sunday,93.33333333333333,Unhealthy
24,37,18,410,25,53,83306,112604,11,6,7,Sunday,80.0,Unhealthy
17,27,13,408,25,52,83238,77982,12,6,7,Sunday,56.666666666666664,Unhealthy
15,24,11,407,24,53,83185,64901,13,6,7,Sunday,50.0,Unhealthy
13,22,10,407,23,57,83186,56590,14,6,7,Sunday,43.333333333333336,Unhealthy for Sensitive Groups
14,23,11,414,22,61,83206,62945,15,6,7,Sunday,46.666666666666664,Unhealthy for Sensitive Groups
17,28,13,418,22,62,83253,74432,16,6,7,Sunday,56.666666666666664,Unhealthy
14,23,11,416,21,63,83335,64381,17,6,7,Sunday,46.666666666666664,Unhealthy for Sensitive Groups
15,23,11,422,22,63,83390,65420,18,6,7,Sunday,50.0,Unhealthy
14,23,11,423,21,64,83397,63804,19,6,7,Sunday,46.666666666666664,Unhealthy for Sensitive Groups
8,14,6,417,20,67,83410,38668,20,6,7,Sunday,26.666666666666668,Moderate
6,10,5,417,20,69,83392,28132,21,6,7,Sunday,20.0,Moderate
6,10,5,418,20,70,83384,29272,22,6,7,Sunday,20.0,Moderate
8,13,6,418,19,74,83352,39097,23,6,7,Sunday,26.666666666666668,Moderate
10,15,8,424,19,75,83330,44691,0,7,7,Monday,33.33333333333333,Unhealthy for Sensitive Groups
12,18,10,427,19,74,83343,54413,1,7,7,Monday,40.0,Unhealthy for Sensitive Groups
10,15,8,427,19,75,83385,47574,2,7,7,Monday,33.33333333333333,Unhealthy for Sensitive Groups
11,16,8,429,19,74,83444,48935,3,7,7,Monday,36.666666666666664,Unhealthy for Sensitive Groups
12,18,10,428,19,75,83507,54390,4,7,7,Monday,40.0,Unhealthy for Sensitive Groups
3,5,3,416,19,75,83569,18280,5,7,7,Monday,10.0,Good
5,8,4,412,19,75,83610,26009,6,7,7,Monday,16.666666666666664,Moderate
16,24,13,413,19,76,83624,79156,7,7,7,Monday,53.333333333333336,Unhealthy
19,28,15,413,20,73,83592,90325,8,7,7,Monday,63.33333333333333,Unhealthy
18,27,14,408,22,65,83514,85653,9,7,7,Monday,60.0,Unhealthy
14,22,11,406,23,62,83450,67600,10,7,7,Monday,46.666666666666664,Unhealthy for Sensitive Groups
11,17,9,405,24,57,83350,53864,11,7,7,Monday,36.666666666666664,Unhealthy for Sensitive Groups
8,13,6,403,24,55,83278,39365,12,7,7,Monday,26.666666666666668,Moderate
10,16,8,405,23,61,83257,46375,13,7,7,Monday,33.33333333333333,Unhealthy for Sensitive Groups
12,19,9,406,23,64,83273,54350,14,7,7,Monday,40.0,Unhealthy for Sensitive Groups
19,29,14,413,22,65,83309,85490,15,7,7,Monday,63.33333333333333,Unhealthy
15,24,12,415,21,65,83368,69942,16,7,7,Monday,50.0,Unhealthy
14,23,11,416,21,65,83438,65217,17,7,7,Monday,46.666666666666664,Unhealthy for Sensitive Groups
15,23,12,421,21,66,83475,69575,18,7,7,Monday,50.0,Unhealthy
13,20,10,418,21,65,83523,59744,19,7,7,Monday,43.333333333333336,Unhealthy for Sensitive Groups
12,18,10,423,21,66,83526,55610,20,7,7,Monday,40.0,Unhealthy for Sensitive Groups
12,19,10,432,20,68,83493,56761,21,7,7,Monday,40.0,Unhealthy for Sensitive Groups
12,19,10,437,20,69,83474,57129,22,7,7,Monday,40.0,Unhealthy for Sensitive Groups
14,21,11,437,20,70,83444,64676,23,7,7,Monday,46.666666666666664,Unhealthy for Sensitive Groups
11,16,9,420,19,70,83425,49432,0,8,7,Tuesday,36.666666666666664,Unhealthy for Sensitive Groups
12,18,10,419,18,71,83451,55572,1,8,7,Tuesday,40.0,Unhealthy for Sensitive Groups
13,20,10,419,18,75,83482,59693,2,8,7,Tuesday,43.333333333333336,Unhealthy for Sensitive Groups
11,17,9,420,18,74,83535,51226,3,8,7,Tuesday,36.666666666666664,Unhealthy for Sensitive Groups
13,19,10,416,19,74,83585,59323,4,8,7,Tuesday,43.333333333333336,Unhealthy for Sensitive Groups
18,27,14,414,18,74,83647,82045,5,8,7,Tuesday,60.0,Unhealthy
25,39,19,416,19,74,83683,123593,6,8,7,Tuesday,83.33333333333334,Unhealthy
30,46,23,422,19,73,83698,150122,7,8,7,Tuesday,100.0,Very Unhealthy
33,50,26,421,20,72,83665,164781,8,8,7,Tuesday,110.00000000000001,Very Unhealthy
42,65,33,419,21,68,83599,218507,9,8,7,Tuesday,140.0,Very Unhealthy
45,69,35,417,23,63,83523,233636,10,8,7,Tuesday,150.0,Very Unhealthy
29,44,22,411,24,57,83421,141985,11,8,7,Tuesday,96.66666666666667,Unhealthy
25,38,19,408,24,56,83360,117744,12,8,7,Tuesday,83.33333333333334,Unhealthy
17,26,13,405,23,58,83331,76735,13,8,7,Tuesday,56.666666666666664,Unhealthy
15,23,12,408,22,61,83356,69106,14,8,7,Tuesday,50.0,Unhealthy
17,27,14,413,21,62,83387,79955,15,8,7,Tuesday,56.666666666666664,Unhealthy
20,32,15,415,21,63,83446,95127,16,8,7,Tuesday,66.66666666666666,Unhealthy
21,33,15,416,20,64,83489,97079,17,8,7,Tuesday,70.0,Unhealthy
20,30,14,415,20,65,83557,91680,18,8,7,Tuesday,66.66666666666666,Unhealthy
16,25,13,413,20,65,83611,75920,19,8,7,Tuesday,53.333333333333336,Unhealthy
13,20,10,411,19,66,83628,61090,20,8,7,Tuesday,43.333333333333336,Unhealthy for Sensitive Groups
13,20,10,414,19,67,83598,61022,21,8,7,Tuesday,43.333333333333336,Unhealthy for Sensitive Groups
12,19,10,412,18,68,83544,58618,22,8,7,Tuesday,40.0,Unhealthy for Sensitive Groups
13,19,10,413,18,69,83512,60931,23,8,7,Tuesday,43.333333333333336,Unhealthy for Sensitive Groups
16,24,13,414,17,72,83477,73531,0,9,7,Wednesday,53.333333333333336,Unhealthy
17,25,13,417,18,73,83492,78007,1,9,7,Wednesday,56.666666666666664,Unhealthy
16,25,13,417,17,72,83526,76618,2,9,7,Wednesday,53.333333333333336,Unhealthy
19,28,14,419,17,72,83564,87004,3,9,7,Wednesday,63.33333333333333,Unhealthy
20,30,15,417,17,70,83605,97218,4,9,7,Wednesday,66.66666666666666,Unhealthy
18,28,14,415,17,70,83667,85994,5,9,7,Wednesday,60.0,Unhealthy
17,25,14,413,18,70,83716,78769,6,9,7,Wednesday,56.666666666666664,Unhealthy
17,27,14,411,18,68,83723,82909,7,9,7,Wednesday,56.666666666666664,Unhealthy
14,22,11,410,19,66,83710,67597,8,9,7,Wednesday,46.666666666666664,Unhealthy for Sensitive Groups
14,21,11,407,20,62,83633,66574,9,9,7,Wednesday,46.666666666666664,Unhealthy for Sensitive Groups
12,18,10,406,20,61,83544,56287,10,9,7,Wednesday,40.0,Unhealthy for Sensitive Groups
10,16,8,407,20,61,83475,49469,11,9,7,Wednesday,33.33333333333333,Unhealthy for Sensitive Groups
13,20,11,409,22,56,83399,62928,12,9,7,Wednesday,43.333333333333336,Unhealthy for Sensitive Groups
15,22,12,408,22,55,83338,68169,13,9,7,Wednesday,50.0,Unhealthy
14,22,11,412,22,61,83351,65989,14,9,7,Wednesday,46.666666666666664,Unhealthy for Sensitive Groups
14,24,11,415,21,61,83382,63677,15,9,7,Wednesday,46.666666666666664,Unhealthy for Sensitive Groups
17,28,13,421,20,61,83431,77546,16,9,7,Wednesday,56.666666666666664,Unhealthy
17,29,14,419,20,60,83476,77474,17,9,7,Wednesday,56.666666666666664,Unhealthy
18,30,14,418,20,59,83527,78692,18,9,7,Wednesday,60.0,Unhealthy
13,21,11,417,19,61,83560,62040,19,9,7,Wednesday,43.333333333333336,Unhealthy for Sensitive Groups
11,18,9,419,19,62,83567,54012,20,9,7,Wednesday,36.666666666666664,Unhealthy for Sensitive Groups
9,14,7,424,19,63,83550,43909,21,9,7,Wednesday,30.0,Unhealthy for Sensitive Groups
10,15,7,422,18,63,83505,45937,22,9,7,Wednesday,33.33333333333333,Unhealthy for Sensitive Groups
9,14,7,426,18,64,83480,44869,23,9,7,Wednesday,30.0,Unhealthy for Sensitive Groups
10,16,8,426,18,65,83441,48837,0,10,7,Thursday,33.33333333333333,Unhealthy for Sensitive Groups
12,19,10,429,18,66,83459,58754,1,10,7,Thursday,40.0,Unhealthy for Sensitive Groups
16,25,13,432,18,65,83494,75441,2,10,7,Thursday,53.333333333333336,Unhealthy
17,25,14,436,18,67,83525,78275,3,10,7,Thursday,56.666666666666664,Unhealthy
16,25,13,430,18,66,83565,76857,4,10,7,Thursday,53.333333333333336,Unhealthy
16,24,13,426,19,63,83631,74816,5,10,7,Thursday,53.333333333333336,Unhealthy
17,26,13,425,20,59,83663,82816,6,10,7,Thursday,56.666666666666664,Unhealthy
22,35,16,418,21,56,83655,109079,7,10,7,Thursday,73.33333333333333,Unhealthy
21,32,16,410,23,52,83595,101598,8,10,7,Thursday,70.0,Unhealthy
16,24,13,405,25,47,83517,74803,9,10,7,Thursday,53.333333333333336,Unhealthy
11,17,9,404,26,45,83399,53558,10,10,7,Thursday,36.666666666666664,Unhealthy for Sensitive Groups
11,17,9,404,26,45,83285,51869,11,10,7,Thursday,36.666666666666664,Unhealthy for Sensitive Groups
13,20,10,410,25,48,83262,60849,12,10,7,Thursday,43.333333333333336,Unhealthy for Sensitive Groups
11,17,9,410,24,51,83263,52641,13,10,7,Thursday,36.666666666666664,Unhealthy for Sensitive Groups
11,17,9,411,23,52,83278,50943,14,10,7,Thursday,36.666666666666664,Unhealthy for Sensitive Groups
12,18,10,419,23,56,83320,55335,15,10,7,Thursday,40.0,Unhealthy for Sensitive Groups
17,25,14,420,22,57,83364,78793,16,10,7,Thursday,56.666666666666664,Unhealthy
20,31,15,426,21,62,83403,98826,17,10,7,Thursday,66.66666666666666,Unhealthy
26,40,20,438,21,63,83434,129878,18,10,7,Thursday,86.66666666666667,Unhealthy
33,51,25,447,21,64,83457,165822,19,10,7,Thursday,110.00000000000001,Very Unhealthy
35,54,28,445,20,65,83483,176819,20,10,7,Thursday,116.66666666666667,Very Unhealthy
16,24,12,420,20,61,83470,74054,21,10,7,Thursday,53.333333333333336,Unhealthy
12,18,10,416,20,61,83452,55303,22,10,7,Thursday,40.0,Unhealthy for Sensitive Groups
12,18,9,414,19,63,83435,54737,23,10,7,Thursday,40.0,Unhealthy for Sensitive Groups
14,22,11,413,18,70,83445,67870,0,11,7,Friday,46.666666666666664,Unhealthy for Sensitive Groups
15,23,12,417,18,69,83457,70640,1,11,7,Friday,50.0,Unhealthy
11,16,9,420,19,69,83466,50871,2,11,7,Friday,36.666666666666664,Unhealthy for Sensitive Groups
12,19,10,424,19,68,83473,59288,3,11,7,Friday,40.0,Unhealthy for Sensitive Groups
16,25,13,426,19,68,83515,75873,4,11,7,Friday,53.333333333333336,Unhealthy
18,27,14,418,20,62,83535,84008,5,11,7,Friday,60.0,Unhealthy
17,26,13,412,23,56,83562,79858,6,11,7,Friday,56.666666666666664,Unhealthy
14,21,11,406,24,51,83546,63384,7,11,7,Friday,46.666666666666664,Unhealthy for Sensitive Groups
10,15,8,404,24,50,83523,47053,8,11,7,Friday,33.33333333333333,Unhealthy for Sensitive Groups
10,16,8,404,24,50,83468,49117,9,11,7,Friday,33.33333333333333,Unhealthy for Sensitive Groups
10,15,8,404,25,48,83388,47378,10,11,7,Friday,33.33333333333333,Unhealthy for Sensitive Groups
9,14,7,402,24,51,83332,43068,11,11,7,Friday,30.0,Unhealthy for Sensitive Groups
9,14,7,403,23,51,83285,43368,12,11,7,Friday,30.0,Unhealthy for Sensitive Groups
9,15,7,408,23,55,83272,44483,13,11,7,Friday,30.0,Unhealthy for Sensitive Groups
15,23,12,417,22,63,83306,67318,14,11,7,Friday,50.0,Unhealthy
22,34,17,424,21,69,83317,109182,15,11,7,Friday,73.33333333333333,Unhealthy
25,38,19,435,21,70,83364,124387,16,11,7,Friday,83.33333333333334,Unhealthy
25,38,19,422,20,70,83449,123942,17,11,7,Friday,83.33333333333334,Unhealthy
24,36,18,422,20,70,83500,117301,18,11,7,Friday,80.0,Unhealthy
21,32,15,427,20,70,83523,102973,19,11,7,Friday,70.0,Unhealthy
20,30,15,431,20,71,83527,97608,20,11,7,Friday,66.66666666666666,Unhealthy
20,30,15,426,19,71,83532,97886,21,11,7,Friday,66.66666666666666,Unhealthy
12,19,10,423,19,71,83494,58765,22,11,7,Friday,40.0,Unhealthy for Sensitive Groups
10,15,8,431,19,71,83460,46500,23,11,7,Friday,33.33333333333333,Unhealthy for Sensitive Groups
8,13,6,426,19,72,83449,40617,0,12,7,Saturday,26.666666666666668,Moderate
10,15,8,420,18,75,83472,45863,1,12,7,Saturday,33.33333333333333,Unhealthy for Sensitive Groups
14,22,11,419,18,74,83491,68367,2,12,7,Saturday,46.666666666666664,Unhealthy for Sensitive Groups
14,21,11,418,19,73,83516,65066,3,12,7,Saturday,46.666666666666664,Unhealthy for Sensitive Groups
11,17,9,417,19,73,83542,55220,4,12,7,Saturday,36.666666666666664,Unhealthy for Sensitive Groups
14,21,11,416,20,71,83582,66414,5,12,7,Saturday,46.666666666666664,Unhealthy for Sensitive Groups
10,15,8,412,21,65,83625,49425,6,12,7,Saturday,33.33333333333333,Unhealthy for Sensitive Groups
27,41,21,411,21,63,83616,136041,7,12,7,Saturday,90.0,Unhealthy
42,64,33,414,23,59,83558,219245,8,12,7,Saturday,140.0,Very Unhealthy
40,62,32,411,24,54,83502,211113,9,12,7,Saturday,133.33333333333331,Very Unhealthy
36,54,28,410,26,51,83431,181987,10,12,7,Saturday,120.0,Very Unhealthy
37,57,28,408,27,48,83347,183582,11,12,7,Saturday,123.33333333333334,Very Unhealthy
28,46,21,405,26,50,83291,132408,12,12,7,Saturday,93.33333333333333,Unhealthy
18,31,14,405,25,53,83280,81935,13,12,7,Saturday,60.0,Unhealthy
15,23,12,407,23,56,83309,68962,14,12,7,Saturday,50.0,Unhealthy
15,22,11,408,22,58,83349,67760,15,12,7,Saturday,50.0,Unhealthy
21,33,16,411,22,59,83414,101684,16,12,7,Saturday,70.0,Unhealthy
17,26,13,416,22,60,83473,80478,17,12,7,Saturday,56.666666666666664,Unhealthy
26,39,20,423,22,61,83521,125810,18,12,7,Saturday,86.66666666666667,Unhealthy
8,13,6,415,20,61,83542,38565,19,12,7,Saturday,26.666666666666668,Moderate
5,9,4,414,20,65,83566,25337,20,12,7,Saturday,16.666666666666664,Moderate
4,6,3,414,19,68,83590,17602,21,12,7,Saturday,13.333333333333334,Good
3,6,2,416,20,68,83548,17057,22,12,7,Saturday,10.0,Good
3,5,2,419,19,70,83519,17022,23,12,7,Saturday,10.0,Good
4,6,2,420,19,71,83500,17797,0,13,7,Sunday,13.333333333333334,Good
5,8,4,420,20,70,83507,24762,1,13,7,Sunday,16.666666666666664,Moderate
5,8,4,419,19,71,83557,25408,2,13,7,Sunday,16.666666666666664,Moderate
6,9,5,418,19,73,83599,27450,3,13,7,Sunday,20.0,Moderate
9,14,7,422,19,74,83645,42424,4,13,7,Sunday,30.0,Unhealthy for Sensitive Groups
13,19,10,420,19,75,83701,60046,5,13,7,Sunday,43.333333333333336,Unhealthy for Sensitive Groups
20,31,15,416,19,75,83722,95588,6,13,7,Sunday,66.66666666666666,Unhealthy
25,38,19,412,19,75,83726,122900,7,13,7,Sunday,83.33333333333334,Unhealthy
22,34,17,409,20,72,83709,109678,8,13,7,Sunday,73.33333333333333,Unhealthy
21,33,16,409,21,69,83675,100892,9,13,7,Sunday,70.0,Unhealthy
22,34,17,407,22,63,83614,106108,10,13,7,Sunday,73.33333333333333,Unhealthy
20,31,15,407,23,57,83525,97725,11,13,7,Sunday,66.66666666666666,Unhealthy
17,26,13,405,24,55,83450,79486,12,13,7,Sunday,56.666666666666664,Unhealthy
12,19,10,404,23,57,83420,56075,13,13,7,Sunday,40.0,Unhealthy for Sensitive Groups
10,16,8,408,22,60,83434,48898,14,13,7,Sunday,33.33333333333333,Unhealthy for Sensitive Groups
16,25,13,420,21,66,83468,72969,15,13,7,Sunday,53.333333333333336,Unhealthy
17,26,14,422,21,68,83522,79515,16,13,7,Sunday,56.666666666666664,Unhealthy
16,24,13,424,20,69,83594,72308,17,13,7,Sunday,53.333333333333336,Unhealthy
12,18,10,425,20,66,83639,54966,18,13,7,Sunday,40.0,Unhealthy for Sensitive Groups
10,16,8,425,20,64,83666,46139,19,13,7,Sunday,33.33333333333333,Unhealthy for Sensitive Groups
9,15,7,421,20,63,83673,43671,20,13,7,Sunday,30.0,Unhealthy for Sensitive Groups
10,16,8,421,19,66,83661,47273,21,13,7,Sunday,33.33333333333333,Unhealthy for Sensitive Groups
10,15,8,421,19,67,83641,45340,22,13,7,Sunday,33.33333333333333,Unhealthy for Sensitive Groups
8,12,6,417,19,67,83602,37557,23,13,7,Sunday,26.666666666666668,Moderate
8,12,6,420,19,68,83553,35382,0,14,7,Monday,26.666666666666668,Moderate
7,11,6,428,18,69,83537,33226,1,14,7,Monday,23.333333333333332,Moderate
9,13,7,438,18,70,83575,40292,2,14,7,Monday,30.0,Unhealthy for Sensitive Groups
10,15,8,420,18,71,83601,47956,3,14,7,Monday,33.33333333333333,Unhealthy for Sensitive Groups
11,16,9,421,18,70,83645,49911,4,14,7,Monday,36.666666666666664,Unhealthy for Sensitive Groups
16,24,12,417,20,67,83705,72308,5,14,7,Monday,53.333333333333336,Unhealthy
21,32,16,415,22,59,83738,99830,6,14,7,Monday,70.0,Unhealthy
18,27,14,409,24,52,83728,82184,7,14,7,Monday,60.0,Unhealthy
17,26,13,408,25,48,83691,76807,8,14,7,Monday,56.666666666666664,Unhealthy
16,24,13,407,24,49,83650,72845,9,14,7,Monday,53.333333333333336,Unhealthy
17,26,14,406,25,48,83603,79001,10,14,7,Monday,56.666666666666664,Unhealthy
20,29,15,406,26,46,83498,91136,11,14,7,Monday,66.66666666666666,Unhealthy
18,28,14,404,26,46,83390,82681,12,14,7,Monday,60.0,Unhealthy
17,26,14,404,25,47,83367,79020,13,14,7,Monday,56.666666666666664,Unhealthy
18,28,14,406,24,52,83356,81145,14,14,7,Monday,60.0,Unhealthy
22,36,16,415,23,54,83371,99057,15,14,7,Monday,73.33333333333333,Unhealthy
28,44,22,418,22,64,83449,131226,16,14,7,Monday,93.33333333333333,Unhealthy
27,41,21,420,21,69,83520,130636,17,14,7,Monday,90.0,Unhealthy
26,40,20,423,21,70,83567,125977,18,14,7,Monday,86.66666666666667,Unhealthy
30,46,24,432,20,72,83586,148954,19,14,7,Monday,100.0,Very Unhealthy
19,29,15,422,19,70,83575,91964,20,14,7,Monday,63.33333333333333,Unhealthy
15,22,12,427,19,71,83555,69744,21,14,7,Monday,50.0,Unhealthy
13,19,10,428,19,70,83527,59824,22,14,7,Monday,43.333333333333336,Unhealthy for Sensitive Groups
12,18,10,426,19,70,83484,55871,23,14,7,Monday,40.0,Unhealthy for Sensitive Groups
11,17,9,423,19,70,83451,52666,0,15,7,Tuesday,36.666666666666664,Unhealthy for Sensitive Groups
11,17,9,430,18,70,83467,52982,1,15,7,Tuesday,36.666666666666664,Unhealthy for Sensitive Groups
12,19,10,439,18,71,83515,58107,2,15,7,Tuesday,40.0,Unhealthy for Sensitive Groups
15,23,12,446,19,71,83553,72545,3,15,7,Tuesday,50.0,Unhealthy
15,22,12,442,19,71,83602,68837,4,15,7,Tuesday,50.0,Unhealthy
15,22,12,423,19,68,83649,70160,5,15,7,Tuesday,50.0,Unhealthy
19,29,15,421,20,64,83693,90403,6,15,7,Tuesday,63.33333333333333,Unhealthy
20,30,15,420,21,61,83674,96159,7,15,7,Tuesday,66.66666666666666,Unhealthy
27,42,21,419,23,57,83617,138463,8,15,7,Tuesday,90.0,Unhealthy
28,43,22,416,23,55,83550,143802,9,15,7,Tuesday,93.33333333333333,Unhealthy
32,49,25,419,24,54,83476,162927,10,15,7,Tuesday,106.66666666666667,Very Unhealthy
31,48,24,416,25,51,83387,156012,11,15,7,Tuesday,103.33333333333334,Very Unhealthy
21,33,16,415,25,50,83297,105130,12,15,7,Tuesday,70.0,Unhealthy
20,31,15,414,25,51,83247,96203,13,15,7,Tuesday,66.66666666666666,Unhealthy
20,30,15,417,24,54,83256,93518,14,15,7,Tuesday,66.66666666666666,Unhealthy
21,33,16,428,23,58,83281,101254,15,15,7,Tuesday,70.0,Unhealthy
23,37,17,431,22,57,83334,108000,16,15,7,Tuesday,76.66666666666667,Unhealthy
20,32,15,423,22,57,83414,93145,17,15,7,Tuesday,66.66666666666666,Unhealthy
23,38,17,425,21,58,83474,105236,18,15,7,Tuesday,76.66666666666667,Unhealthy
22,36,16,431,21,59,83481,102021,19,15,7,Tuesday,73.33333333333333,Unhealthy
16,25,13,427,21,60,83459,74199,20,15,7,Tuesday,53.333333333333336,Unhealthy
13,20,10,423,20,62,83452,60849,21,15,7,Tuesday,43.333333333333336,Unhealthy for Sensitive Groups
12,19,10,431,20,63,83399,58200,22,15,7,Tuesday,40.0,Unhealthy for Sensitive Groups
12,19,10,432,19,64,83375,57891,23,15,7,Tuesday,40.0,Unhealthy for Sensitive Groups
13,19,10,440,19,67,83364,58981,0,16,7,Wednesday,43.333333333333336,Unhealthy for Sensitive Groups
13,20,10,434,19,67,83366,61472,1,16,7,Wednesday,43.333333333333336,Unhealthy for Sensitive Groups
14,21,11,423,18,69,83409,64176,2,16,7,Wednesday,46.666666666666664,Unhealthy for Sensitive Groups
19,29,15,422,18,70,83463,92030,3,16,7,Wednesday,63.33333333333333,Unhealthy
22,33,17,424,19,69,83526,107873,4,16,7,Wednesday,73.33333333333333,Unhealthy
24,37,18,420,20,65,83566,117885,5,16,7,Wednesday,80.0,Unhealthy
41,63,31,421,21,62,83598,206629,6,16,7,Wednesday,136.66666666666666,Very Unhealthy
45,69,34,421,22,59,83582,232572,7,16,7,Wednesday,150.0,Very Unhealthy
38,58,30,419,24,54,83530,196906,8,16,7,Wednesday,126.66666666666666,Very Unhealthy
43,66,34,419,24,54,83482,225740,9,16,7,Wednesday,143.33333333333334,Very Unhealthy
45,69,35,416,25,52,83395,239129,10,16,7,Wednesday,150.0,Very Unhealthy
44,69,34,412,26,50,83325,228110,11,16,7,Wednesday,146.66666666666666,Very Unhealthy
31,52,23,409,24,53,83257,141910,12,16,7,Wednesday,103.33333333333334,Very Unhealthy
22,37,15,408,24,54,83237,98273,13,16,7,Wednesday,73.33333333333333,Unhealthy
21,35,15,414,23,57,83265,94223,14,16,7,Wednesday,70.0,Unhealthy
24,40,18,420,23,60,83313,113956,15,16,7,Wednesday,80.0,Unhealthy
21,32,15,416,22,61,83372,99843,16,16,7,Wednesday,70.0,Unhealthy
20,30,15,417,21,63,83423,92149,17,16,7,Wednesday,66.66666666666666,Unhealthy
19,30,15,420,21,64,83492,90113,18,16,7,Wednesday,63.33333333333333,Unhealthy
20,30,14,425,21,68,83542,92952,19,16,7,Wednesday,66.66666666666666,Unhealthy
16,24,13,421,20,69,83533,74409,20,16,7,Wednesday,53.333333333333336,Unhealthy
15,23,12,421,20,70,83517,71891,21,16,7,Wednesday,50.0,Unhealthy
14,21,11,421,20,70,83487,64743,22,16,7,Wednesday,46.666666666666664,Unhealthy for Sensitive Groups
12,18,9,419,20,69,83452,55013,23,16,7,Wednesday,40.0,Unhealthy for Sensitive Groups
10,15,8,428,19,69,83426,47466,0,17,7,Thursday,33.33333333333333,Unhealthy for Sensitive Groups
10,15,8,441,18,70,83435,48813,1,17,7,Thursday,33.33333333333333,Unhealthy for Sensitive Groups
13,20,10,450,18,71,83472,62461,2,17,7,Thursday,43.333333333333336,Unhealthy for Sensitive Groups
21,32,16,437,18,71,83522,104430,3,17,7,Thursday,70.0,Unhealthy
27,41,20,430,18,70,83591,132139,4,17,7,Thursday,90.0,Unhealthy
26,40,19,434,19,71,83671,126457,5,17,7,Thursday,86.66666666666667,Unhealthy
31,48,24,434,20,69,83694,155878,6,17,7,Thursday,103.33333333333334,Very Unhealthy
42,65,32,422,21,65,83675,218372,7,17,7,Thursday,140.0,Very Unhealthy
56,86,43,421,22,61,83638,306267,8,17,7,Thursday,186.66666666666666,Very Unhealthy
45,70,36,414,24,55,83559,243609,9,17,7,Thursday,150.0,Very Unhealthy
38,57,30,411,26,51,83466,196640,10,17,7,Thursday,126.66666666666666,Very Unhealthy
46,71,36,410,27,49,83383,246788,11,17,7,Thursday,153.33333333333334,Very Unhealthy
44,69,34,410,27,49,83317,227036,12,17,7,Thursday,146.66666666666666,Very Unhealthy
38,61,29,410,26,50,83296,187089,13,17,7,Thursday,126.66666666666666,Very Unhealthy
32,51,24,411,25,52,83340,153978,14,17,7,Thursday,106.66666666666667,Very Unhealthy
33,51,25,424,24,57,83374,158754,15,17,7,Thursday,110.00000000000001,Very Unhealthy
34,53,26,423,22,61,83439,168293,16,17,7,Thursday,113.33333333333333,Very Unhealthy
37,56,29,426,22,66,83509,185375,17,17,7,Thursday,123.33333333333334,Very Unhealthy
42,64,33,429,22,67,83549,220240,18,17,7,Thursday,140.0,Very Unhealthy
41,63,32,446,22,68,83578,213108,19,17,7,Thursday,136.66666666666666,Very Unhealthy
27,42,20,430,21,64,83595,131606,20,17,7,Thursday,90.0,Unhealthy
19,28,14,425,20,63,83576,88565,21,17,7,Thursday,63.33333333333333,Unhealthy
13,20,10,416,20,64,83557,61609,22,17,7,Thursday,43.333333333333336,Unhealthy for Sensitive Groups
12,19,10,418,19,67,83530,58411,23,17,7,Thursday,40.0,Unhealthy for Sensitive Groups
12,18,10,416,19,68,83534,56703,0,18,7,Friday,40.0,Unhealthy for Sensitive Groups
12,18,10,414,19,70,83568,55114,1,18,7,Friday,40.0,Unhealthy for Sensitive Groups
12,19,10,415,19,70,83596,58418,2,18,7,Friday,40.0,Unhealthy for Sensitive Groups
13,20,10,420,19,70,83637,61768,3,18,7,Friday,43.333333333333336,Unhealthy for Sensitive Groups
16,25,13,424,19,70,83680,76699,4,18,7,Friday,53.333333333333336,Unhealthy
20,30,15,416,19,69,83728,96505,5,18,7,Friday,66.66666666666666,Unhealthy
21,32,16,413,20,68,83768,104416,6,18,7,Friday,70.0,Unhealthy
20,31,15,412,20,66,83737,98900,7,18,7,Friday,66.66666666666666,Unhealthy
24,37,18,412,23,60,83667,118409,8,18,7,Friday,80.0,Unhealthy
19,30,15,407,25,55,83586,92345,9,18,7,Friday,63.33333333333333,Unhealthy
18,28,14,405,26,52,83508,86020,10,18,7,Friday,60.0,Unhealthy
18,27,14,404,25,51,83436,82151,11,18,7,Friday,60.0,Unhealthy
16,25,13,404,25,51,83393,77062,12,18,7,Friday,53.333333333333336,Unhealthy
17,27,13,404,25,53,83367,77744,13,18,7,Friday,56.666666666666664,Unhealthy
19,33,15,410,24,58,83401,87840,14,18,7,Friday,63.33333333333333,Unhealthy
20,32,16,412,22,70,83471,94595,15,18,7,Friday,66.66666666666666,Unhealthy
20,30,15,415,21,72,83544,94298,16,18,7,Friday,66.66666666666666,Unhealthy
20,31,15,419,21,73,83595,98159,17,18,7,Friday,66.66666666666666,Unhealthy
19,29,15,420,21,73,83631,90118,18,18,7,Friday,63.33333333333333,Unhealthy
18,28,14,429,20,74,83628,86067,19,18,7,Friday,60.0,Unhealthy
18,28,14,432,20,74,83610,85513,20,18,7,Friday,60.0,Unhealthy
16,24,13,440,20,75,83590,74605,21,18,7,Friday,53.333333333333336,Unhealthy
14,21,11,428,19,75,83543,65562,22,18,7,Friday,46.666666666666664,Unhealthy for Sensitive Groups
12,18,10,420,19,74,83514,56731,23,18,7,Friday,40.0,Unhealthy for Sensitive Groups
12,18,10,419,18,75,83491,55696,0,19,7,Saturday,40.0,Unhealthy for Sensitive Groups
13,20,10,420,18,75,83499,61188,1,19,7,Saturday,43.333333333333336,Unhealthy for Sensitive Groups
16,24,13,421,18,75,83527,74627,2,19,7,Saturday,53.333333333333336,Unhealthy
16,25,13,425,18,75,83570,77216,3,19,7,Saturday,53.333333333333336,Unhealthy
16,25,13,424,19,75,83630,77394,4,19,7,Saturday,53.333333333333336,Unhealthy
22,33,17,421,19,74,83681,104608,5,19,7,Saturday,73.33333333333333,Unhealthy
26,39,20,413,19,73,83699,128491,6,19,7,Saturday,86.66666666666667,Unhealthy
20,30,15,411,19,71,83693,96937,7,19,7,Saturday,66.66666666666666,Unhealthy
22,33,17,410,20,67,83652,108320,8,19,7,Saturday,73.33333333333333,Unhealthy
20,30,15,409,21,63,83582,94709,9,19,7,Saturday,66.66666666666666,Unhealthy
20,30,15,407,23,59,83502,96949,10,19,7,Saturday,66.66666666666666,Unhealthy
18,28,14,406,24,54,83413,86612,11,19,7,Saturday,60.0,Unhealthy
18,27,14,406,25,51,83310,84698,12,19,7,Saturday,60.0,Unhealthy
18,27,14,406,25,51,83278,84523,13,19,7,Saturday,60.0,Unhealthy
18,27,14,408,24,60,83270,82944,14,19,7,Saturday,60.0,Unhealthy
21,31,16,417,22,64,83318,100400,15,19,7,Saturday,70.0,Unhealthy
23,35,17,420,21,63,83362,110685,16,19,7,Saturday,76.66666666666667,Unhealthy
23,35,17,419,21,64,83399,107985,17,19,7,Saturday,76.66666666666667,Unhealthy
17,26,13,417,20,63,83444,78498,18,19,7,Saturday,56.666666666666664,Unhealthy
17,25,14,425,20,64,83445,77895,19,19,7,Saturday,56.666666666666664,Unhealthy
16,24,13,421,19,64,83438,73590,20,19,7,Saturday,53.333333333333336,Unhealthy
16,24,13,420,18,67,83405,73271,21,19,7,Saturday,53.333333333333336,Unhealthy
16,24,13,425,18,69,83377,76115,22,19,7,Saturday,53.333333333333336,Unhealthy
17,25,14,424,18,68,83346,77545,23,19,7,Saturday,56.666666666666664,Unhealthy
18,27,14,416,18,69,83332,83666,0,20,7,Sunday,60.0,Unhealthy
17,26,14,417,18,70,83342,80207,1,20,7,Sunday,56.666666666666664,Unhealthy
17,26,14,421,18,70,83344,79115,2,20,7,Sunday,56.666666666666664,Unhealthy
19,29,15,431,17,71,83387,88533,3,20,7,Sunday,63.33333333333333,Unhealthy
20,30,15,423,17,72,83451,92702,4,20,7,Sunday,66.66666666666666,Unhealthy
21,32,16,411,17,71,83501,103612,5,20,7,Sunday,70.0,Unhealthy
22,34,17,412,18,70,83556,110096,6,20,7,Sunday,73.33333333333333,Unhealthy
22,34,17,412,18,70,83557,110333,7,20,7,Sunday,73.33333333333333,Unhealthy
25,38,19,410,19,67,83524,121463,8,20,7,Sunday,83.33333333333334,Unhealthy
22,34,17,409,20,63,83471,107803,9,20,7,Sunday,73.33333333333333,Unhealthy
20,30,15,408,22,58,83387,96900,10,20,7,Sunday,66.66666666666666,Unhealthy
20,31,15,406,23,53,83274,100356,11,20,7,Sunday,66.66666666666666,Unhealthy
19,29,15,405,24,51,83186,92616,12,20,7,Sunday,63.33333333333333,Unhealthy
19,29,15,406,24,51,83140,91536,13,20,7,Sunday,63.33333333333333,Unhealthy
19,29,14,407,24,55,83153,90590,14,20,7,Sunday,63.33333333333333,Unhealthy
22,34,17,414,22,62,83189,108453,15,20,7,Sunday,73.33333333333333,Unhealthy
24,37,18,419,21,63,83261,114331,16,20,7,Sunday,80.0,Unhealthy
24,36,18,423,20,65,83307,113312,17,20,7,Sunday,80.0,Unhealthy
30,45,23,433,19,70,83355,147510,18,20,7,Sunday,100.0,Very Unhealthy
34,51,27,438,19,71,83369,170973,19,20,7,Sunday,113.33333333333333,Very Unhealthy
34,52,27,445,18,73,83358,172984,20,20,7,Sunday,113.33333333333333,Very Unhealthy
30,46,24,458,18,71,83317,153313,21,20,7,Sunday,100.0,Very Unhealthy
29,44,23,461,17,71,83288,147362,22,20,7,Sunday,96.66666666666667,Unhealthy
28,42,21,465,16,71,83258,136518,23,20,7,Sunday,93.33333333333333,Unhealthy
28,43,22,484,16,71,83234,140632,0,21,7,Monday,93.33333333333333,Unhealthy
34,51,27,491,16,72,83252,169333,1,21,7,Monday,113.33333333333333,Very Unhealthy
31,47,24,485,15,73,83287,153326,2,21,7,Monday,103.33333333333334,Very Unhealthy
22,34,17,454,16,73,83327,109020,3,21,7,Monday,73.33333333333333,Unhealthy
32,56,23,431,16,74,83381,142188,4,21,7,Monday,106.66666666666667,Very Unhealthy
28,42,21,424,18,71,83440,138395,5,21,7,Monday,93.33333333333333,Unhealthy
23,35,17,413,19,66,83468,113545,6,21,7,Monday,76.66666666666667,Unhealthy
22,34,17,411,21,61,83424,109450,7,21,7,Monday,73.33333333333333,Unhealthy
22,34,17,409,23,55,83386,109017,8,21,7,Monday,73.33333333333333,Unhealthy
24,37,18,407,25,52,83306,119691,9,21,7,Monday,80.0,Unhealthy
22,34,17,406,26,51,83224,111617,10,21,7,Monday,73.33333333333333,Unhealthy
21,33,16,406,26,49,83130,104240,11,21,7,Monday,70.0,Unhealthy
20,31,15,407,27,47,83050,100286,12,21,7,Monday,66.66666666666666,Unhealthy
21,33,16,408,27,47,83022,104972,13,21,7,Monday,70.0,Unhealthy
21,36,16,411,25,51,83048,98052,14,21,7,Monday,70.0,Unhealthy
21,35,15,413,24,55,83115,95966,15,21,7,Monday,70.0,Unhealthy
22,35,17,413,22,61,83204,108234,16,21,7,Monday,73.33333333333333,Unhealthy
25,38,19,417,22,64,83264,121395,17,21,7,Monday,83.33333333333334,Unhealthy
25,37,19,418,22,63,83323,121390,18,21,7,Monday,83.33333333333334,Unhealthy
16,24,13,416,21,60,83381,75757,19,21,7,Monday,53.333333333333336,Unhealthy
16,24,13,418,20,61,83404,75350,20,21,7,Monday,53.333333333333336,Unhealthy
15,22,12,421,20,63,83348,70492,21,21,7,Monday,50.0,Unhealthy
14,22,11,414,19,63,83300,68093,22,21,7,Monday,46.666666666666664,Unhealthy for Sensitive Groups
15,22,12,414,19,64,83278,69502,23,21,7,Monday,50.0,Unhealthy
16,24,13,423,18,67,83267,73490,0,22,7,Tuesday,53.333333333333336,Unhealthy
17,25,13,413,17,70,83295,78260,1,22,7,Tuesday,56.666666666666664,Unhealthy
19,28,15,413,17,71,83356,88910,2,22,7,Tuesday,63.33333333333333,Unhealthy
19,30,15,418,18,70,83412,92438,3,22,7,Tuesday,63.33333333333333,Unhealthy
21,31,16,426,17,72,83492,101897,4,22,7,Tuesday,70.0,Unhealthy
25,38,19,427,18,71,83558,124494,5,22,7,Tuesday,83.33333333333334,Unhealthy
32,49,25,426,20,65,83584,164921,6,22,7,Tuesday,106.66666666666667,Very Unhealthy
38,58,29,417,21,62,83577,190749,7,22,7,Tuesday,126.66666666666666,Very Unhealthy
30,47,23,410,21,61,83550,151947,8,22,7,Tuesday,100.0,Very Unhealthy
27,42,20,407,23,56,83498,135285,9,22,7,Tuesday,90.0,Unhealthy
26,40,19,406,24,55,83416,127581,10,22,7,Tuesday,86.66666666666667,Unhealthy
22,33,16,406,24,55,83332,106865,11,22,7,Tuesday,73.33333333333333,Unhealthy
22,36,16,405,23,56,83284,106139,12,22,7,Tuesday,73.33333333333333,Unhealthy
21,34,15,407,23,56,83271,95837,13,22,7,Tuesday,70.0,Unhealthy
22,37,16,411,22,58,83299,105110,14,22,7,Tuesday,73.33333333333333,Unhealthy
25,41,18,416,21,60,83357,118839,15,22,7,Tuesday,83.33333333333334,Unhealthy
25,40,18,416,20,62,83428,118968,16,22,7,Tuesday,83.33333333333334,Unhealthy
22,36,17,414,20,63,83482,107500,17,22,7,Tuesday,73.33333333333333,Unhealthy
21,34,16,416,20,63,83548,103375,18,22,7,Tuesday,70.0,Unhealthy
22,33,16,416,19,64,83576,106139,19,22,7,Tuesday,73.33333333333333,Unhealthy
21,31,15,416,19,66,83552,100971,20,22,7,Tuesday,70.0,Unhealthy
21,32,16,427,19,68,83498,103653,21,22,7,Tuesday,70.0,Unhealthy
20,31,16,434,18,69,83459,100395,22,22,7,Tuesday,66.66666666666666,Unhealthy
16,25,13,421,18,68,83415,77989,23,22,7,Tuesday,53.333333333333336,Unhealthy
15,23,12,415,18,68,83360,72841,0,23,7,Wednesday,50.0,Unhealthy
15,23,12,417,18,68,83387,73226,1,23,7,Wednesday,50.0,Unhealthy
16,25,13,418,18,68,83437,77028,2,23,7,Wednesday,53.333333333333336,Unhealthy
18,27,14,420,18,69,83494,82796,3,23,7,Wednesday,60.0,Unhealthy
22,34,17,418,17,70,83567,108467,4,23,7,Wednesday,73.33333333333333,Unhealthy
26,40,20,416,18,70,83626,126334,5,23,7,Wednesday,86.66666666666667,Unhealthy
37,58,28,415,19,67,83661,182936,6,23,7,Wednesday,123.33333333333334,Very Unhealthy
41,65,32,413,19,65,83670,209401,7,23,7,Wednesday,136.66666666666666,Very Unhealthy
35,55,27,411,20,64,83627,171324,8,23,7,Wednesday,116.66666666666667,Very Unhealthy
42,65,33,410,20,63,83572,216729,9,23,7,Wednesday,140.0,Very Unhealthy
47,73,37,411,21,62,83516,253510,10,23,7,Wednesday,156.66666666666666,Very Unhealthy
46,71,35,412,21,62,83449,239053,11,23,7,Wednesday,153.33333333333334,Very Unhealthy
41,65,32,409,21,62,83390,205920,12,23,7,Wednesday,136.66666666666666,Very Unhealthy
34,52,26,409,21,61,83366,166804,13,23,7,Wednesday,113.33333333333333,Very Unhealthy
32,50,24,411,21,63,83375,156945,14,23,7,Wednesday,106.66666666666667,Very Unhealthy
31,48,23,423,21,65,83389,148036,15,23,7,Wednesday,103.33333333333334,Very Unhealthy
34,53,25,435,20,67,83406,160478,16,23,7,Wednesday,113.33333333333333,Very Unhealthy
39,63,30,442,20,67,83453,188114,17,23,7,Wednesday,130.0,Very Unhealthy
37,59,28,437,20,67,83484,178018,18,23,7,Wednesday,123.33333333333334,Very Unhealthy
37,57,28,440,20,67,83502,175266,19,23,7,Wednesday,123.33333333333334,Very Unhealthy
32,50,25,445,20,68,83502,155635,20,23,7,Wednesday,106.66666666666667,Very Unhealthy
23,35,17,434,19,66,83472,111829,21,23,7,Wednesday,76.66666666666667,Unhealthy
22,33,17,436,19,68,83436,106499,22,23,7,Wednesday,73.33333333333333,Unhealthy
21,33,16,434,19,67,83390,106092,23,23,7,Wednesday,70.0,Unhealthy
22,33,17,440,18,69,83358,108814,0,24,7,Thursday,73.33333333333333,Unhealthy
24,36,19,431,17,69,83376,117978,1,24,7,Thursday,80.0,Unhealthy
26,39,20,418,17,70,83424,126302,2,24,7,Thursday,86.66666666666667,Unhealthy
29,43,22,416,17,70,83435,141794,3,24,7,Thursday,96.66666666666667,Unhealthy
32,48,25,416,17,70,83483,159627,4,24,7,Thursday,106.66666666666667,Very Unhealthy
39,59,31,419,19,64,83535,200028,5,24,7,Thursday,130.0,Very Unhealthy
43,66,34,414,21,58,83553,225659,6,24,7,Thursday,143.33333333333334,Very Unhealthy
47,72,37,413,23,55,83528,244675,7,24,7,Thursday,156.66666666666666,Very Unhealthy
43,66,33,410,24,50,83489,214247,8,24,7,Thursday,143.33333333333334,Very Unhealthy
33,51,25,407,26,45,83435,159944,9,24,7,Thursday,110.00000000000001,Very Unhealthy
29,46,22,407,27,42,83332,140465,10,24,7,Thursday,96.66666666666667,Unhealthy
27,42,20,405,27,42,83249,127696,11,24,7,Thursday,90.0,Unhealthy
25,38,18,406,27,41,83191,116283,12,24,7,Thursday,83.33333333333334,Unhealthy
25,39,19,407,26,42,83175,116008,13,24,7,Thursday,83.33333333333334,Unhealthy
29,45,22,406,25,48,83199,135435,14,24,7,Thursday,96.66666666666667,Unhealthy
28,44,22,408,23,53,83267,134915,15,24,7,Thursday,93.33333333333333,Unhealthy
28,44,22,412,22,55,83327,134879,16,24,7,Thursday,93.33333333333333,Unhealthy
30,47,23,422,22,56,83360,142200,17,24,7,Thursday,100.0,Very Unhealthy
34,54,26,436,22,59,83378,161878,18,24,7,Thursday,113.33333333333333,Very Unhealthy
38,59,30,449,21,63,83386,188137,19,24,7,Thursday,126.66666666666666,Very Unhealthy
38,59,30,451,20,64,83417,188546,20,24,7,Thursday,126.66666666666666,Very Unhealthy
21,32,16,425,19,62,83421,95345,21,24,7,Thursday,70.0,Unhealthy
16,25,13,432,19,64,83413,75571,22,24,7,Thursday,53.333333333333336,Unhealthy
12,18,10,431,18,66,83380,56569,23,24,7,Thursday,40.0,Unhealthy for Sensitive Groups
15,22,12,434,18,67,83327,66750,0,25,7,Friday,50.0,Unhealthy
18,27,14,443,17,68,83314,82304,1,25,7,Friday,60.0,Unhealthy
19,29,15,445,17,69,83344,88044,2,25,7,Friday,63.33333333333333,Unhealthy
19,28,15,451,17,69,83374,87324,3,25,7,Friday,63.33333333333333,Unhealthy
31,47,24,433,17,71,83459,150731,4,25,7,Friday,103.33333333333334,Very Unhealthy
49,76,38,419,17,73,83555,248865,5,25,7,Friday,163.33333333333334,Very Unhealthy
50,76,39,418,18,70,83588,270331,6,25,7,Friday,166.66666666666669,Very Unhealthy
43,66,34,416,20,63,83567,224173,7,25,7,Friday,143.33333333333334,Very Unhealthy
39,61,30,412,24,54,83494,197662,8,25,7,Friday,130.0,Very Unhealthy
32,50,24,407,26,48,83414,152062,9,25,7,Friday,106.66666666666667,Very Unhealthy
18,29,14,405,28,43,83295,83229,10,25,7,Friday,60.0,Unhealthy
14,22,11,404,29,39,83196,64815,11,25,7,Friday,46.666666666666664,Unhealthy for Sensitive Groups
12,20,10,402,28,40,83136,57320,12,25,7,Friday,40.0,Unhealthy for Sensitive Groups
12,19,9,404,26,42,83124,53654,13,25,7,Friday,40.0,Unhealthy for Sensitive Groups
12,21,10,408,25,44,83170,56212,14,25,7,Friday,40.0,Unhealthy for Sensitive Groups
16,27,12,412,24,48,83233,71288,15,25,7,Friday,53.333333333333336,Unhealthy
16,26,13,416,23,54,83294,75880,16,25,7,Friday,53.333333333333336,Unhealthy
19,29,14,420,22,57,83361,84834,17,25,7,Friday,63.33333333333333,Unhealthy
24,37,18,428,21,60,83433,111105,18,25,7,Friday,80.0,Unhealthy
24,37,18,438,20,63,83436,115426,19,25,7,Friday,80.0,Unhealthy
24,37,18,448,20,64,83463,114990,20,25,7,Friday,80.0,Unhealthy
21,33,16,441,19,65,83446,101019,21,25,7,Friday,70.0,Unhealthy
20,31,15,439,19,67,83426,95486,22,25,7,Friday,66.66666666666666,Unhealthy
17,26,14,439,18,68,83386,80206,23,25,7,Friday,56.666666666666664,Unhealthy
19,29,15,449,18,68,83378,88848,0,26,7,Saturday,63.33333333333333,Unhealthy
21,31,16,464,18,69,83384,100655,1,26,7,Saturday,70.0,Unhealthy
23,35,18,470,17,69,83425,112295,2,26,7,Saturday,76.66666666666667,Unhealthy
24,37,19,481,17,69,83483,119224,3,26,7,Saturday,80.0,Unhealthy
25,38,19,474,17,69,83546,124102,4,26,7,Saturday,83.33333333333334,Unhealthy
31,48,24,438,19,66,83597,156498,5,26,7,Saturday,103.33333333333334,Very Unhealthy
37,57,28,422,22,59,83614,180248,6,26,7,Saturday,123.33333333333334,Very Unhealthy
33,51,25,413,24,52,83591,162597,7,26,7,Saturday,110.00000000000001,Very Unhealthy
19,29,15,405,27,41,83524,90752,8,26,7,Saturday,63.33333333333333,Unhealthy
17,25,13,404,27,34,83438,77184,9,26,7,Saturday,56.666666666666664,Unhealthy
16,25,13,405,28,32,83356,76545,10,26,7,Saturday,53.333333333333336,Unhealthy
15,23,12,403,28,33,83290,69721,11,26,7,Saturday,50.0,Unhealthy
14,21,10,404,27,35,83250,63718,12,26,7,Saturday,46.666666666666664,Unhealthy for Sensitive Groups
14,22,11,404,27,37,83234,66787,13,26,7,Saturday,46.666666666666664,Unhealthy for Sensitive Groups
16,26,13,405,25,47,83277,75588,14,26,7,Saturday,53.333333333333336,Unhealthy
17,26,13,410,24,51,83339,77157,15,26,7,Saturday,56.666666666666664,Unhealthy
20,31,14,419,23,55,83394,91396,16,26,7,Saturday,66.66666666666666,Unhealthy
22,34,17,423,21,61,83451,108024,17,26,7,Saturday,73.33333333333333,Unhealthy
33,51,26,434,21,63,83502,161615,18,26,7,Saturday,110.00000000000001,Very Unhealthy
31,48,24,442,20,64,83533,153170,19,26,7,Saturday,103.33333333333334,Very Unhealthy
21,32,16,424,19,60,83544,98274,20,26,7,Saturday,70.0,Unhealthy
12,18,10,427,19,62,83538,56528,21,26,7,Saturday,40.0,Unhealthy for Sensitive Groups
12,18,9,438,18,64,83496,55620,22,26,7,Saturday,40.0,Unhealthy for Sensitive Groups
21,32,16,451,17,65,83439,98813,23,26,7,Saturday,70.0,Unhealthy
29,43,22,469,17,67,83415,139846,0,27,7,Sunday,96.66666666666667,Unhealthy
27,41,21,472,16,67,83447,132434,1,27,7,Sunday,90.0,Unhealthy
25,38,20,477,16,67,83525,122097,2,27,7,Sunday,83.33333333333334,Unhealthy
23,34,18,472,16,69,83571,109808,3,27,7,Sunday,76.66666666666667,Unhealthy
16,25,13,430,16,70,83612,76321,4,27,7,Sunday,53.333333333333336,Unhealthy
16,24,13,417,17,70,83680,75241,5,27,7,Sunday,53.333333333333336,Unhealthy
16,25,13,413,17,69,83731,77591,6,27,7,Sunday,53.333333333333336,Unhealthy
25,37,19,412,18,66,83749,122489,7,27,7,Sunday,83.33333333333334,Unhealthy
36,54,28,412,20,62,83724,186643,8,27,7,Sunday,120.0,Very Unhealthy
37,56,29,410,22,55,83647,190732,9,27,7,Sunday,123.33333333333334,Very Unhealthy
23,36,17,408,25,49,83547,116757,10,27,7,Sunday,76.66666666666667,Unhealthy
14,22,11,405,26,44,83447,67592,11,27,7,Sunday,46.666666666666664,Unhealthy for Sensitive Groups
10,15,8,404,26,41,83389,47595,12,27,7,Sunday,33.33333333333333,Unhealthy for Sensitive Groups
10,15,7,403,26,41,83346,45536,13,27,7,Sunday,33.33333333333333,Unhealthy for Sensitive Groups
9,15,7,404,25,45,83335,44513,14,27,7,Sunday,30.0,Unhealthy for Sensitive Groups
11,17,9,414,23,51,83376,52445,15,27,7,Sunday,36.666666666666664,Unhealthy for Sensitive Groups
23,37,18,416,21,57,83457,110228,16,27,7,Sunday,76.66666666666667,Unhealthy
27,41,21,424,21,63,83532,131256,17,27,7,Sunday,90.0,Unhealthy
31,47,24,433,20,66,83595,153937,18,27,7,Sunday,103.33333333333334,Very Unhealthy
32,48,25,438,19,68,83631,158721,19,27,7,Sunday,106.66666666666667,Very Unhealthy
30,45,23,447,18,68,83627,150988,20,27,7,Sunday,100.0,Very Unhealthy
22,33,16,432,18,65,83627,105699,21,27,7,Sunday,73.33333333333333,Unhealthy
19,29,14,442,17,66,83606,90117,22,27,7,Sunday,63.33333333333333,Unhealthy
21,32,16,454,17,67,83566,102479,23,27,7,Sunday,70.0,Unhealthy
24,36,18,463,16,68,83563,117023,0,28,7,Monday,80.0,Unhealthy
27,40,21,478,16,68,83570,131156,1,28,7,Monday,90.0,Unhealthy
28,42,22,489,15,68,83619,138637,2,28,7,Monday,93.33333333333333,Unhealthy
28,42,22,496,15,69,83677,137030,3,28,7,Monday,93.33333333333333,Unhealthy
31,47,24,480,16,69,83730,155882,4,28,7,Monday,103.33333333333334,Very Unhealthy
22,34,17,430,18,66,83757,111462,5,28,7,Monday,73.33333333333333,Unhealthy
25,38,19,422,21,59,83761,126187,6,28,7,Monday,83.33333333333334,Unhealthy
21,31,15,408,22,53,83723,101109,7,28,7,Monday,70.0,Unhealthy
19,29,15,404,24,48,83641,91125,8,28,7,Monday,63.33333333333333,Unhealthy
20,30,15,404,26,45,83548,95086,9,28,7,Monday,66.66666666666666,Unhealthy
18,28,14,403,27,42,83458,86648,10,28,7,Monday,60.0,Unhealthy
18,28,14,404,28,40,83371,85550,11,28,7,Monday,60.0,Unhealthy
17,26,14,404,27,40,83295,78859,12,28,7,Monday,56.666666666666664,Unhealthy
17,28,14,404,26,42,83282,79605,13,28,7,Monday,56.666666666666664,Unhealthy
18,30,14,406,25,44,83300,79562,14,28,7,Monday,60.0,Unhealthy
22,36,17,410,24,52,83388,104970,15,28,7,Monday,73.33333333333333,Unhealthy
19,29,14,412,23,52,83466,86622,16,28,7,Monday,63.33333333333333,Unhealthy
16,25,13,413,22,53,83533,76713,17,28,7,Monday,53.333333333333336,Unhealthy
19,29,15,421,21,56,83585,90615,18,28,7,Monday,63.33333333333333,Unhealthy
19,30,15,427,20,58,83622,91437,19,28,7,Monday,63.33333333333333,Unhealthy
15,23,12,415,20,57,83651,71751,20,28,7,Monday,50.0,Unhealthy
13,20,10,414,19,60,83630,63434,21,28,7,Monday,43.333333333333336,Unhealthy for Sensitive Groups
12,18,10,413,19,64,83602,56321,22,28,7,Monday,40.0,Unhealthy for Sensitive Groups
11,16,9,412,18,68,83580,50957,23,28,7,Monday,36.666666666666664,Unhealthy for Sensitive Groups
11,17,9,413,18,70,83578,52016,0,29,7,Tuesday,36.666666666666664,Unhealthy for Sensitive Groups
11,16,9,414,17,71,83583,51325,1,29,7,Tuesday,36.666666666666664,Unhealthy for Sensitive Groups
11,17,9,415,18,70,83621,52570,2,29,7,Tuesday,36.666666666666664,Unhealthy for Sensitive Groups
15,22,12,419,18,70,83667,68265,3,29,7,Tuesday,50.0,Unhealthy
16,24,13,417,18,71,83700,73798,4,29,7,Tuesday,53.333333333333336,Unhealthy
20,31,15,416,18,71,83738,97601,5,29,7,Tuesday,66.66666666666666,Unhealthy
24,38,18,413,18,70,83741,116112,6,29,7,Tuesday,80.0,Unhealthy
23,37,18,411,19,65,83736,113477,7,29,7,Tuesday,76.66666666666667,Unhealthy
25,37,18,408,21,59,83671,121749,8,29,7,Tuesday,83.33333333333334,Unhealthy
22,34,17,407,21,57,83617,106572,9,29,7,Tuesday,73.33333333333333,Unhealthy
21,33,16,406,23,52,83552,105176,10,29,7,Tuesday,70.0,Unhealthy
32,51,24,405,24,50,83474,157387,11,29,7,Tuesday,106.66666666666667,Very Unhealthy
33,53,24,403,24,50,83424,155781,12,29,7,Tuesday,110.00000000000001,Very Unhealthy
24,39,17,404,23,52,83422,113640,13,29,7,Tuesday,80.0,Unhealthy
23,36,17,407,21,56,83488,109242,14,29,7,Tuesday,76.66666666666667,Unhealthy
24,37,18,409,21,57,83523,115376,15,29,7,Tuesday,80.0,Unhealthy
26,40,19,412,20,57,83569,125994,16,29,7,Tuesday,86.66666666666667,Unhealthy
25,38,19,415,20,57,83626,124765,17,29,7,Tuesday,83.33333333333334,Unhealthy
27,42,21,417,20,57,83652,134373,18,29,7,Tuesday,90.0,Unhealthy
27,41,20,416,20,56,83680,132278,19,29,7,Tuesday,90.0,Unhealthy
25,38,19,415,19,56,83678,122666,20,29,7,Tuesday,83.33333333333334,Unhealthy
22,33,17,416,19,56,83648,108228,21,29,7,Tuesday,73.33333333333333,Unhealthy
23,35,18,421,19,58,83594,115090,22,29,7,Tuesday,76.66666666666667,Unhealthy
25,38,19,418,19,59,83577,121585,23,29,7,Tuesday,83.33333333333334,Unhealthy
21,32,16,415,18,62,83597,102107,0,30,7,Wednesday,70.0,Unhealthy
19,28,15,411,17,64,83636,87881,1,30,7,Wednesday,63.33333333333333,Unhealthy
19,29,15,411,17,64,83678,89273,2,30,7,Wednesday,63.33333333333333,Unhealthy
21,31,15,413,16,64,83737,101121,3,30,7,Wednesday,70.0,Unhealthy
21,32,16,415,17,64,83829,104705,4,30,7,Wednesday,70.0,Unhealthy
21,32,16,423,18,63,83904,104449,5,30,7,Wednesday,70.0,Unhealthy
26,41,19,416,18,61,83939,122885,6,30,7,Wednesday,86.66666666666667,Unhealthy
27,43,20,411,20,54,83916,126022,7,30,7,Wednesday,90.0,Unhealthy
22,35,15,407,23,45,83844,101898,8,30,7,Wednesday,73.33333333333333,Unhealthy
23,37,16,406,24,41,83760,104827,9,30,7,Wednesday,76.66666666666667,Unhealthy
18,28,14,405,26,38,83663,82709,10,30,7,Wednesday,60.0,Unhealthy
10,16,8,402,26,36,83557,46362,11,30,7,Wednesday,33.33333333333333,Unhealthy for Sensitive Groups
6,11,5,403,26,36,83482,29795,12,30,7,Wednesday,20.0,Moderate
6,11,5,404,25,38,83476,30343,13,30,7,Wednesday,20.0,Moderate
6,10,5,404,24,42,83501,27492,14,30,7,Wednesday,20.0,Moderate
7,12,6,409,22,45,83540,32994,15,30,7,Wednesday,23.333333333333332,Moderate
11,20,9,414,21,49,83587,50173,16,30,7,Wednesday,36.666666666666664,Unhealthy for Sensitive Groups
13,23,11,415,21,52,83613,60640,17,30,7,Wednesday,43.333333333333336,Unhealthy for Sensitive Groups
15,25,12,424,20,56,83638,70018,18,30,7,Wednesday,50.0,Unhealthy
16,25,13,432,19,60,83670,72442,19,30,7,Wednesday,53.333333333333336,Unhealthy
11,18,9,422,18,62,83672,51058,20,30,7,Wednesday,36.666666666666664,Unhealthy for Sensitive Groups
11,16,9,431,18,64,83671,49507,21,30,7,Wednesday,36.666666666666664,Unhealthy for Sensitive Groups
10,15,8,433,17,66,83643,47884,22,30,7,Wednesday,33.33333333333333,Unhealthy for Sensitive Groups
9,14,7,432,17,68,83605,43671,23,30,7,Wednesday,30.0,Unhealthy for Sensitive Groups
9,13,7,418,18,69,83598,40971,0,31,7,Thursday,30.0,Unhealthy for Sensitive Groups
8,12,6,425,17,69,83612,39202,1,31,7,Thursday,26.666666666666668,Moderate
9,14,7,438,17,69,83640,44924,2,31,7,Thursday,30.0,Unhealthy for Sensitive Groups
11,16,9,439,16,70,83682,50750,3,31,7,Thursday,36.666666666666664,Unhealthy for Sensitive Groups
23,36,18,431,17,71,83746,111062,4,31,7,Thursday,76.66666666666667,Unhealthy
21,32,16,421,18,69,83813,102708,5,31,7,Thursday,70.0,Unhealthy
18,28,14,415,21,61,83823,87366,6,31,7,Thursday,60.0,Unhealthy
26,39,20,411,22,55,83807,130271,7,31,7,Thursday,86.66666666666667,Unhealthy
39,60,30,410,22,53,83750,199807,8,31,7,Thursday,130.0,Very Unhealthy
33,52,25,410,24,50,83661,164370,9,31,7,Thursday,110.00000000000001,Very Unhealthy
20,34,15,407,26,44,83554,92623,10,31,7,Thursday,66.66666666666666,Unhealthy
15,25,12,406,27,41,83473,68897,11,31,7,Thursday,50.0,Unhealthy
12,21,9,404,27,41,83392,55844,12,31,7,Thursday,40.0,Unhealthy for Sensitive Groups
9,16,6,404,26,41,83386,38753,13,31,7,Thursday,30.0,Unhealthy for Sensitive Groups
11,21,8,406,25,45,83418,45825,14,31,7,Thursday,36.666666666666664,Unhealthy for Sensitive Groups
11,19,9,409,23,47,83453,49990,15,31,7,Thursday,36.666666666666664,Unhealthy for Sensitive Groups
13,22,10,413,23,49,83494,59135,16,31,7,Thursday,43.333333333333336,Unhealthy for Sensitive Groups
12,21,10,417,22,51,83533,55267,17,31,7,Thursday,40.0,Unhealthy for Sensitive Groups
10,16,8,414,21,56,83581,44872,18,31,7,Thursday,33.33333333333333,Unhealthy for Sensitive Groups
11,18,9,422,20,62,83607,49004,19,31,7,Thursday,36.666666666666664,Unhealthy for Sensitive Groups
10,16,8,430,19,65,83590,48310,20,31,7,Thursday,33.33333333333333,Unhealthy for Sensitive Groups
7,11,6,415,19,66,83567,34001,21,31,7,Thursday,23.333333333333332,Moderate
8,13,6,413,19,67,83516,38044,22,31,7,Thursday,26.666666666666668,Moderate
7,12,6,415,18,70,83491,34927,23,31,7,Thursday,23.333333333333332,Moderate
8,13,6,418,19,70,83465,39476,0,1,8,Friday,26.666666666666668,Moderate
14,22,11,415,18,73,83468,67682,1,1,8,Friday,46.666666666666664,Unhealthy for Sensitive Groups
19,29,15,415,18,73,83513,92936,2,1,8,Friday,63.33333333333333,Unhealthy
20,30,15,421,18,74,83547,94783,3,1,8,Friday,66.66666666666666,Unhealthy
19,29,14,415,18,70,83594,86691,4,1,8,Friday,63.33333333333333,Unhealthy
24,37,18,417,18,72,83666,114119,5,1,8,Friday,80.0,Unhealthy
25,39,19,412,19,66,83707,118328,6,1,8,Friday,83.33333333333334,Unhealthy
21,33,15,408,20,64,83704,98680,7,1,8,Friday,70.0,Unhealthy
34,53,26,408,20,67,83657,170078,8,1,8,Friday,113.33333333333333,Very Unhealthy
42,65,34,409,20,66,83623,222315,9,1,8,Friday,140.0,Very Unhealthy
44,67,34,409,21,66,83562,233201,10,1,8,Friday,146.66666666666666,Very Unhealthy
34,55,26,407,22,60,83464,168208,11,1,8,Friday,113.33333333333333,Very Unhealthy
23,40,17,406,22,57,83406,106519,12,1,8,Friday,76.66666666666667,Unhealthy
20,34,15,404,22,58,83375,94642,13,1,8,Friday,66.66666666666666,Unhealthy
22,35,16,408,22,62,83389,104753,14,1,8,Friday,73.33333333333333,Unhealthy
20,32,15,412,21,63,83414,96291,15,1,8,Friday,66.66666666666666,Unhealthy
21,35,16,420,21,63,83454,98946,16,1,8,Friday,70.0,Unhealthy
19,30,14,416,20,63,83492,84258,17,1,8,Friday,63.33333333333333,Unhealthy
18,29,14,414,19,64,83502,78819,18,1,8,Friday,60.0,Unhealthy
19,29,15,413,19,64,83496,85387,19,1,8,Friday,63.33333333333333,Unhealthy
16,25,13,415,19,64,83480,73932,20,1,8,Friday,53.333333333333336,Unhealthy
10,16,8,418,19,65,83439,49387,21,1,8,Friday,33.33333333333333,Unhealthy for Sensitive Groups
8,12,6,424,19,66,83381,37930,22,1,8,Friday,26.666666666666668,Moderate
8,12,6,433,18,68,83344,36555,23,1,8,Friday,26.666666666666668,Moderate
9,14,7,444,18,70,83335,43112,0,2,8,Saturday,30.0,Unhealthy for Sensitive Groups
14,21,11,443,18,71,83362,65253,1,2,8,Saturday,46.666666666666664,Unhealthy for Sensitive Groups
15,22,12,433,18,71,83418,68513,2,2,8,Saturday,50.0,Unhealthy
15,22,12,441,18,71,83465,69444,3,2,8,Saturday,50.0,Unhealthy
10,16,8,429,18,71,83525,49488,4,2,8,Saturday,33.33333333333333,Unhealthy for Sensitive Groups
12,18,10,419,18,71,83600,55213,5,2,8,Saturday,40.0,Unhealthy for Sensitive Groups
16,25,13,414,19,70,83639,74430,6,2,8,Saturday,53.333333333333336,Unhealthy
13,21,11,412,19,69,83645,63033,7,2,8,Saturday,43.333333333333336,Unhealthy for Sensitive Groups
11,17,9,410,20,67,83604,50325,8,2,8,Saturday,36.666666666666664,Unhealthy for Sensitive Groups
19,30,14,410,21,65,83552,85735,9,2,8,Saturday,63.33333333333333,Unhealthy
16,25,13,408,23,58,83458,75384,10,2,8,Saturday,53.333333333333336,Unhealthy
19,30,15,404,24,56,83339,89980,11,2,8,Saturday,63.33333333333333,Unhealthy
18,30,14,405,23,57,83283,83065,12,2,8,Saturday,60.0,Unhealthy
19,31,14,405,23,58,83265,85298,13,2,8,Saturday,63.33333333333333,Unhealthy
21,35,15,406,22,61,83276,97268,14,2,8,Saturday,70.0,Unhealthy
20,31,15,410,21,64,83324,88930,15,2,8,Saturday,66.66666666666666,Unhealthy
22,34,16,415,21,67,83392,102157,16,2,8,Saturday,73.33333333333333,Unhealthy
23,36,18,417,20,69,83449,113347,17,2,8,Saturday,76.66666666666667,Unhealthy
19,29,15,422,20,69,83488,91531,18,2,8,Saturday,63.33333333333333,Unhealthy
16,25,13,420,20,66,83491,76044,19,2,8,Saturday,53.333333333333336,Unhealthy
15,23,12,415,20,66,83481,69830,20,2,8,Saturday,50.0,Unhealthy
16,25,13,415,19,66,83482,73939,21,2,8,Saturday,53.333333333333336,Unhealthy
13,20,10,419,19,68,83414,60497,22,2,8,Saturday,43.333333333333336,Unhealthy for Sensitive Groups
12,18,10,428,19,69,83352,56642,23,2,8,Saturday,40.0,Unhealthy for Sensitive Groups
11,17,9,429,18,70,83345,54066,0,3,8,Sunday,36.666666666666664,Unhealthy for Sensitive Groups
11,17,9,431,18,71,83356,52482,1,3,8,Sunday,36.666666666666664,Unhealthy for Sensitive Groups
11,18,9,428,18,71,83411,53280,2,3,8,Sunday,36.666666666666664,Unhealthy for Sensitive Groups
12,18,10,423,18,72,83462,57014,3,3,8,Sunday,40.0,Unhealthy for Sensitive Groups
11,17,9,414,18,72,83535,54625,4,3,8,Sunday,36.666666666666664,Unhealthy for Sensitive Groups
16,24,13,412,18,70,83593,74942,5,3,8,Sunday,53.333333333333336,Unhealthy
15,23,12,409,19,68,83618,71486,6,3,8,Sunday,50.0,Unhealthy
15,22,11,409,21,63,83624,68689,7,3,8,Sunday,50.0,Unhealthy
14,21,11,408,21,61,83592,64471,8,3,8,Sunday,46.666666666666664,Unhealthy for Sensitive Groups
13,20,10,408,21,62,83553,62257,9,3,8,Sunday,43.333333333333336,Unhealthy for Sensitive Groups
15,23,12,406,23,56,83467,71386,10,3,8,Sunday,50.0,Unhealthy
14,21,11,405,25,51,83354,64655,11,3,8,Sunday,46.666666666666664,Unhealthy for Sensitive Groups
12,18,10,403,24,51,83280,56523,12,3,8,Sunday,40.0,Unhealthy for Sensitive Groups
11,17,9,403,25,51,83238,54906,13,3,8,Sunday,36.666666666666664,Unhealthy for Sensitive Groups
11,17,9,404,24,51,83236,52577,14,3,8,Sunday,36.666666666666664,Unhealthy for Sensitive Groups
13,20,10,411,23,55,83289,60456,15,3,8,Sunday,43.333333333333336,Unhealthy for Sensitive Groups
22,35,16,416,21,61,83371,101900,16,3,8,Sunday,73.33333333333333,Unhealthy
23,35,18,415,20,68,83440,111967,17,3,8,Sunday,76.66666666666667,Unhealthy
27,42,21,423,20,69,83506,136695,18,3,8,Sunday,90.0,Unhealthy
26,39,20,419,20,70,83544,127810,19,3,8,Sunday,86.66666666666667,Unhealthy
22,33,17,416,19,70,83547,108411,20,3,8,Sunday,73.33333333333333,Unhealthy
20,31,15,420,19,69,83497,100826,21,3,8,Sunday,66.66666666666666,Unhealthy
21,32,16,431,19,69,83418,104576,22,3,8,Sunday,70.0,Unhealthy
22,34,17,441,18,70,83371,111214,23,3,8,Sunday,73.33333333333333,Unhealthy
22,34,17,432,17,71,83385,110821,0,4,8,Monday,73.33333333333333,Unhealthy
24,36,18,426,17,70,83422,117416,1,4,8,Monday,80.0,Unhealthy
20,30,16,419,17,69,83477,95764,2,4,8,Monday,66.66666666666666,Unhealthy
19,30,15,417,17,68,83504,94165,3,4,8,Monday,63.33333333333333,Unhealthy
20,30,15,416,17,66,83574,96047,4,4,8,Monday,66.66666666666666,Unhealthy
19,29,15,416,18,64,83650,92998,5,4,8,Monday,63.33333333333333,Unhealthy
21,32,16,413,19,59,83672,102776,6,4,8,Monday,70.0,Unhealthy
20,31,15,411,21,54,83679,102204,7,4,8,Monday,66.66666666666666,Unhealthy
25,38,19,410,21,52,83639,123966,8,4,8,Monday,83.33333333333334,Unhealthy
30,46,23,410,25,46,83545,149963,9,4,8,Monday,100.0,Very Unhealthy
31,49,23,409,26,42,83455,154637,10,4,8,Monday,103.33333333333334,Very Unhealthy
25,38,19,405,26,40,83341,122388,11,4,8,Monday,83.33333333333334,Unhealthy
22,34,16,404,26,41,83279,109182,12,4,8,Monday,73.33333333333333,Unhealthy
20,31,15,404,26,41,83245,99335,13,4,8,Monday,66.66666666666666,Unhealthy
23,37,16,405,24,46,83259,107760,14,4,8,Monday,76.66666666666667,Unhealthy
23,36,17,409,23,51,83323,111590,15,4,8,Monday,76.66666666666667,Unhealthy
23,35,17,411,22,54,83412,111735,16,4,8,Monday,76.66666666666667,Unhealthy
34,52,26,414,21,60,83460,170066,17,4,8,Monday,113.33333333333333,Very Unhealthy
38,58,30,427,20,64,83517,199796,18,4,8,Monday,126.66666666666666,Very Unhealthy
43,65,34,434,19,66,83531,231040,19,4,8,Monday,143.33333333333334,Very Unhealthy
40,60,31,444,19,67,83525,208440,20,4,8,Monday,133.33333333333331,Very Unhealthy
28,43,22,432,18,64,83486,140168,21,4,8,Monday,93.33333333333333,Unhealthy
24,36,18,437,17,65,83416,118081,22,4,8,Monday,80.0,Unhealthy
24,37,18,444,17,66,83382,119362,23,4,8,Monday,80.0,Unhealthy
33,50,26,458,16,68,83367,166890,0,5,8,Tuesday,110.00000000000001,Very Unhealthy
39,59,31,460,16,69,83402,203238,1,5,8,Tuesday,130.0,Very Unhealthy
35,54,28,461,16,70,83468,180799,2,5,8,Tuesday,116.66666666666667,Very Unhealthy
29,43,22,445,17,70,83472,142344,3,5,8,Tuesday,96.66666666666667,Unhealthy
22,34,17,416,16,72,83533,109135,4,5,8,Tuesday,73.33333333333333,Unhealthy
25,38,20,413,16,72,83623,123596,5,5,8,Tuesday,83.33333333333334,Unhealthy
40,61,31,415,17,70,83660,203942,6,5,8,Tuesday,133.33333333333331,Very Unhealthy
39,60,30,412,20,61,83628,197527,7,5,8,Tuesday,130.0,Very Unhealthy
26,40,19,407,23,52,83544,127459,8,5,8,Tuesday,86.66666666666667,Unhealthy
25,39,18,406,24,49,83476,120466,9,5,8,Tuesday,83.33333333333334,Unhealthy
25,40,18,403,24,50,83392,118667,10,5,8,Tuesday,83.33333333333334,Unhealthy
29,47,21,405,25,47,83326,139458,11,5,8,Tuesday,96.66666666666667,Unhealthy
26,45,18,404,25,46,83266,119646,12,5,8,Tuesday,86.66666666666667,Unhealthy
23,38,17,403,24,46,83243,109054,13,5,8,Tuesday,76.66666666666667,Unhealthy
23,37,17,406,23,49,83264,107074,14,5,8,Tuesday,76.66666666666667,Unhealthy
27,42,20,410,22,56,83313,131236,15,5,8,Tuesday,90.0,Unhealthy
33,51,25,413,22,60,83378,158763,16,5,8,Tuesday,110.00000000000001,Very Unhealthy
35,54,27,415,21,62,83440,169174,17,5,8,Tuesday,116.66666666666667,Very Unhealthy
35,54,27,419,21,63,83479,171363,18,5,8,Tuesday,116.66666666666667,Very Unhealthy
35,54,27,421,20,63,83509,173329,19,5,8,Tuesday,116.66666666666667,Very Unhealthy
26,41,20,418,19,60,83492,125482,20,5,8,Tuesday,86.66666666666667,Unhealthy
9,13,7,422,18,59,83485,41343,21,5,8,Tuesday,30.0,Unhealthy for Sensitive Groups
10,16,8,425,17,62,83423,48039,22,5,8,Tuesday,33.33333333333333,Unhealthy for Sensitive Groups
9,14,7,432,17,64,83396,42343,23,5,8,Tuesday,30.0,Unhealthy for Sensitive Groups
10,16,8,445,16,66,83403,48711,0,6,8,Wednesday,33.33333333333333,Unhealthy for Sensitive Groups
13,20,10,453,16,68,83409,61466,1,6,8,Wednesday,43.333333333333336,Unhealthy for Sensitive Groups
15,23,12,455,16,68,83451,70013,2,6,8,Wednesday,50.0,Unhealthy
22,33,17,459,15,69,83501,101005,3,6,8,Wednesday,73.33333333333333,Unhealthy
21,32,16,460,16,69,83547,101809,4,6,8,Wednesday,70.0,Unhealthy
12,18,9,424,18,65,83580,54912,5,6,8,Wednesday,40.0,Unhealthy for Sensitive Groups
9,14,7,412,21,56,83591,42590,6,6,8,Wednesday,30.0,Unhealthy for Sensitive Groups
25,39,19,410,23,52,83543,122950,7,6,8,Wednesday,83.33333333333334,Unhealthy
32,51,24,413,25,47,83462,160823,8,6,8,Wednesday,106.66666666666667,Very Unhealthy
22,36,17,409,27,43,83348,106960,9,6,8,Wednesday,73.33333333333333,Unhealthy
22,35,16,407,27,42,83251,104920,10,6,8,Wednesday,73.33333333333333,Unhealthy
21,33,16,404,28,41,83146,102103,11,6,8,Wednesday,70.0,Unhealthy
21,34,16,404,27,41,83066,100344,12,6,8,Wednesday,70.0,Unhealthy
25,42,18,405,27,43,83048,113998,13,6,8,Wednesday,83.33333333333334,Unhealthy
20,34,15,409,25,47,83070,90672,14,6,8,Wednesday,66.66666666666666,Unhealthy
18,28,14,411,24,51,83137,80654,15,6,8,Wednesday,60.0,Unhealthy
21,32,16,414,23,55,83191,97940,16,6,8,Wednesday,70.0,Unhealthy
12,20,10,412,22,56,83252,57832,17,6,8,Wednesday,40.0,Unhealthy for Sensitive Groups
6,10,5,412,21,60,83313,28697,18,6,8,Wednesday,20.0,Moderate
4,7,3,411,20,63,83343,20421,19,6,8,Wednesday,13.333333333333334,Good
3,5,2,411,20,66,83340,15752,20,6,8,Wednesday,10.0,Good
2,3,2,411,20,67,83319,11615,21,6,8,Wednesday,6.666666666666667,Good
3,5,2,411,19,69,83264,13844,22,6,8,Wednesday,10.0,Good
3,5,2,411,19,69,83208,15131,23,6,8,Wednesday,10.0,Good
5,8,4,412,19,71,83185,24487,0,7,8,Thursday,16.666666666666664,Moderate
14,21,11,415,18,72,83214,63174,1,7,8,Thursday,46.666666666666664,Unhealthy for Sensitive Groups
17,27,14,417,18,72,83247,76909,2,7,8,Thursday,56.666666666666664,Unhealthy
17,27,14,415,18,72,83286,79036,3,7,8,Thursday,56.666666666666664,Unhealthy
16,24,12,415,19,71,83326,72526,4,7,8,Thursday,53.333333333333336,Unhealthy
20,31,15,413,19,70,83363,93612,5,7,8,Thursday,66.66666666666666,Unhealthy
25,40,19,411,20,68,83378,122304,6,7,8,Thursday,83.33333333333334,Unhealthy
28,44,21,411,21,64,83359,130052,7,7,8,Thursday,93.33333333333333,Unhealthy
17,27,14,405,23,58,83298,79628,8,7,8,Thursday,56.666666666666664,Unhealthy
19,30,15,404,26,53,83200,91271,9,7,8,Thursday,63.33333333333333,Unhealthy
20,32,15,402,26,51,83103,100566,10,7,8,Thursday,66.66666666666666,Unhealthy
21,33,16,401,27,47,82998,103644,11,7,8,Thursday,70.0,Unhealthy
21,33,15,402,26,48,82935,95968,12,7,8,Thursday,70.0,Unhealthy
20,35,16,405,25,54,82937,91598,13,7,8,Thursday,66.66666666666666,Unhealthy
25,40,18,405,24,57,82993,116609,14,7,8,Thursday,83.33333333333334,Unhealthy
22,35,16,407,23,60,83064,106897,15,7,8,Thursday,73.33333333333333,Unhealthy
25,39,19,411,23,62,83108,121466,16,7,8,Thursday,83.33333333333334,Unhealthy
30,45,23,416,22,64,83145,147156,17,7,8,Thursday,100.0,Very Unhealthy
31,48,24,422,22,67,83196,156128,18,7,8,Thursday,103.33333333333334,Very Unhealthy
30,46,23,419,21,67,83231,148626,19,7,8,Thursday,100.0,Very Unhealthy
23,35,18,427,21,68,83223,111474,20,7,8,Thursday,76.66666666666667,Unhealthy
21,32,16,424,21,68,83174,102389,21,7,8,Thursday,70.0,Unhealthy
14,22,11,417,20,65,83143,66448,22,7,8,Thursday,46.666666666666664,Unhealthy for Sensitive Groups
12,19,10,415,19,66,83114,58273,23,7,8,Thursday,40.0,Unhealthy for Sensitive Groups
11,17,9,417,19,68,83117,50498,0,8,8,Friday,36.666666666666664,Unhealthy for Sensitive Groups
10,15,8,415,19,69,83152,45572,1,8,8,Friday,33.33333333333333,Unhealthy for Sensitive Groups
10,15,8,416,19,70,83169,44803,2,8,8,Friday,33.33333333333333,Unhealthy for Sensitive Groups
10,15,8,424,18,71,83175,45531,3,8,8,Friday,33.33333333333333,Unhealthy for Sensitive Groups
14,21,11,421,19,70,83214,63983,4,8,8,Friday,46.666666666666664,Unhealthy for Sensitive Groups
22,35,17,412,20,67,83274,105352,5,8,8,Friday,73.33333333333333,Unhealthy
30,46,22,412,21,64,83327,144466,6,8,8,Friday,100.0,Very Unhealthy
41,64,32,412,24,58,83300,211756,7,8,8,Friday,136.66666666666666,Very Unhealthy
47,73,36,408,25,55,83294,240976,8,8,8,Friday,156.66666666666666,Very Unhealthy
42,66,32,406,25,56,83241,211769,9,8,8,Friday,140.0,Very Unhealthy
38,59,29,405,26,53,83190,184219,10,8,8,Friday,126.66666666666666,Very Unhealthy
37,58,28,407,25,56,83121,178845,11,8,8,Friday,123.33333333333334,Very Unhealthy
33,52,24,405,24,61,83073,153908,12,8,8,Friday,110.00000000000001,Very Unhealthy
20,32,14,407,22,61,83102,88804,13,8,8,Friday,66.66666666666666,Unhealthy
19,30,14,408,22,62,83164,86351,14,8,8,Friday,63.33333333333333,Unhealthy
19,30,15,409,21,62,83221,88283,15,8,8,Friday,63.33333333333333,Unhealthy
18,28,14,411,21,63,83271,82828,16,8,8,Friday,60.0,Unhealthy
17,26,14,412,21,64,83330,77691,17,8,8,Friday,56.666666666666664,Unhealthy
18,28,14,419,21,65,83337,84409,18,8,8,Friday,60.0,Unhealthy
20,32,15,420,20,66,83348,98695,19,8,8,Friday,66.66666666666666,Unhealthy
21,32,15,423,20,66,83351,99910,20,8,8,Friday,70.0,Unhealthy
17,26,14,415,20,65,83320,78395,21,8,8,Friday,56.666666666666664,Unhealthy
16,24,13,414,19,66,83266,75426,22,8,8,Friday,53.333333333333336,Unhealthy
16,24,13,415,19,65,83227,75631,23,8,8,Friday,53.333333333333336,Unhealthy
16,24,13,414,19,66,83219,76550,0,9,8,Saturday,53.333333333333336,Unhealthy
17,26,14,415,18,68,83227,80218,1,9,8,Saturday,56.666666666666664,Unhealthy
16,24,13,413,18,68,83258,76962,2,9,8,Saturday,53.333333333333336,Unhealthy
16,24,13,413,18,69,83303,74001,3,9,8,Saturday,53.333333333333336,Unhealthy
17,26,14,416,18,70,83386,79814,4,9,8,Saturday,56.666666666666664,Unhealthy
18,28,14,413,18,70,83468,86694,5,9,8,Saturday,60.0,Unhealthy
19,29,15,411,19,69,83513,91635,6,9,8,Saturday,63.33333333333333,Unhealthy
22,33,17,409,19,69,83520,107515,7,9,8,Saturday,73.33333333333333,Unhealthy
34,52,26,410,19,69,83531,166159,8,9,8,Saturday,113.33333333333333,Very Unhealthy
36,55,28,409,19,69,83505,181613,9,9,8,Saturday,120.0,Very Unhealthy
42,63,33,408,20,67,83434,219667,10,9,8,Saturday,140.0,Very Unhealthy
39,60,31,407,22,62,83337,207393,11,9,8,Saturday,130.0,Very Unhealthy
37,57,29,407,21,63,83287,189281,12,9,8,Saturday,123.33333333333334,Very Unhealthy
29,43,22,407,21,63,83271,142506,13,9,8,Saturday,96.66666666666667,Unhealthy
36,57,27,411,21,64,83277,170860,14,9,8,Saturday,120.0,Very Unhealthy
35,55,26,420,20,66,83303,168508,15,9,8,Saturday,116.66666666666667,Very Unhealthy
38,58,29,428,20,68,83349,183547,16,9,8,Saturday,126.66666666666666,Very Unhealthy
40,61,31,442,20,69,83412,197107,17,9,8,Saturday,133.33333333333331,Very Unhealthy
45,68,35,457,20,70,83452,233520,18,9,8,Saturday,150.0,Very Unhealthy
56,86,44,472,20,71,83493,307068,19,9,8,Saturday,186.66666666666666,Very Unhealthy
66,102,51,483,20,72,83497,371396,20,9,8,Saturday,220.00000000000003,Hazardous
73,112,57,487,20,72,83453,418595,21,9,8,Saturday,243.33333333333331,Hazardous
55,83,43,453,19,68,83396,303570,22,9,8,Saturday,183.33333333333331,Very Unhealthy
36,55,28,433,19,66,83365,183650,23,9,8,Saturday,120.0,Very Unhealthy
26,39,20,424,18,66,83338,126881,0,10,8,Sunday,86.66666666666667,Unhealthy
22,33,17,429,18,68,83349,109668,1,10,8,Sunday,73.33333333333333,Unhealthy
22,34,17,429,18,69,83390,110876,2,10,8,Sunday,73.33333333333333,Unhealthy
21,32,16,431,18,69,83414,106928,3,10,8,Sunday,70.0,Unhealthy
20,30,15,422,18,69,83457,97952,4,10,8,Sunday,66.66666666666666,Unhealthy
20,30,15,413,18,66,83507,96502,5,10,8,Sunday,66.66666666666666,Unhealthy
26,39,20,413,19,64,83547,129657,6,10,8,Sunday,86.66666666666667,Unhealthy
30,46,24,411,21,60,83552,154526,7,10,8,Sunday,100.0,Very Unhealthy
39,58,31,410,23,55,83489,206386,8,10,8,Sunday,130.0,Very Unhealthy
46,70,37,410,25,51,83393,256281,9,10,8,Sunday,153.33333333333334,Very Unhealthy
51,78,40,410,27,47,83307,285269,10,10,8,Sunday,170.0,Very Unhealthy
45,69,36,408,27,47,83227,246614,11,10,8,Sunday,150.0,Very Unhealthy
36,55,28,406,26,48,83160,181332,12,10,8,Sunday,120.0,Very Unhealthy
33,52,26,406,26,49,83110,164096,13,10,8,Sunday,110.00000000000001,Very Unhealthy
29,44,22,409,25,51,83132,143968,14,10,8,Sunday,96.66666666666667,Unhealthy
27,41,21,412,24,53,83179,133996,15,10,8,Sunday,90.0,Unhealthy
26,38,19,412,23,56,83239,125958,16,10,8,Sunday,86.66666666666667,Unhealthy
27,41,21,418,22,60,83324,134652,17,10,8,Sunday,90.0,Unhealthy
30,46,24,425,22,63,83375,154282,18,10,8,Sunday,100.0,Very Unhealthy
22,33,17,419,21,60,83390,107388,19,10,8,Sunday,73.33333333333333,Unhealthy
14,21,11,415,20,60,83392,65762,20,10,8,Sunday,46.666666666666664,Unhealthy for Sensitive Groups
14,21,11,416,19,63,83359,64964,21,10,8,Sunday,46.666666666666664,Unhealthy for Sensitive Groups
12,19,10,419,19,64,83326,59550,22,10,8,Sunday,40.0,Unhealthy for Sensitive Groups
12,18,10,419,19,66,83308,57323,23,10,8,Sunday,40.0,Unhealthy for Sensitive Groups
12,19,10,426,18,68,83278,59781,0,11,8,Monday,40.0,Unhealthy for Sensitive Groups
14,21,11,421,18,68,83294,66128,1,11,8,Monday,46.666666666666664,Unhealthy for Sensitive Groups
15,22,12,416,18,69,83313,69020,2,11,8,Monday,50.0,Unhealthy
15,23,12,418,17,70,83345,72605,3,11,8,Monday,50.0,Unhealthy
20,31,15,416,17,71,83404,97286,4,11,8,Monday,66.66666666666666,Unhealthy
26,39,19,421,18,69,83481,128177,5,11,8,Monday,86.66666666666667,Unhealthy
30,46,23,422,20,63,83512,153377,6,11,8,Monday,100.0,Very Unhealthy
36,55,28,415,21,60,83491,188158,7,11,8,Monday,120.0,Very Unhealthy
52,80,41,422,23,58,83457,289101,8,11,8,Monday,173.33333333333334,Very Unhealthy
54,84,41,417,23,55,83399,287509,9,11,8,Monday,180.0,Very Unhealthy
47,74,36,409,24,52,83327,245634,10,11,8,Monday,156.66666666666666,Very Unhealthy
45,76,33,405,24,52,83237,220117,11,11,8,Monday,150.0,Very Unhealthy
35,56,26,406,24,52,83164,170080,12,11,8,Monday,116.66666666666667,Very Unhealthy
31,48,23,407,23,55,83151,150372,13,11,8,Monday,103.33333333333334,Very Unhealthy
29,45,21,410,23,56,83174,137100,14,11,8,Monday,96.66666666666667,Unhealthy
20,32,15,410,21,59,83215,97332,15,11,8,Monday,66.66666666666666,Unhealthy
20,31,15,411,20,62,83272,98475,16,11,8,Monday,66.66666666666666,Unhealthy
20,30,15,412,20,62,83336,95267,17,11,8,Monday,66.66666666666666,Unhealthy
20,31,15,412,20,63,83409,99021,18,11,8,Monday,66.66666666666666,Unhealthy
20,30,15,412,19,63,83431,94475,19,11,8,Monday,66.66666666666666,Unhealthy
19,29,15,413,19,64,83440,90522,20,11,8,Monday,63.33333333333333,Unhealthy
19,30,15,413,19,65,83422,93316,21,11,8,Monday,63.33333333333333,Unhealthy
17,25,14,412,18,68,83371,79219,22,11,8,Monday,56.666666666666664,Unhealthy
17,26,14,412,18,69,83341,82636,23,11,8,Monday,56.666666666666664,Unhealthy
18,28,14,412,18,69,83320,87617,0,12,8,Tuesday,60.0,Unhealthy
19,29,15,413,18,69,83304,92010,1,12,8,Tuesday,63.33333333333333,Unhealthy
20,31,15,416,18,70,83328,99872,2,12,8,Tuesday,66.66666666666666,Unhealthy
24,37,19,418,18,71,83373,120682,3,12,8,Tuesday,80.0,Unhealthy
25,38,19,418,18,71,83423,127189,4,12,8,Tuesday,83.33333333333334,Unhealthy
36,55,29,428,18,73,83498,183294,5,12,8,Tuesday,120.0,Very Unhealthy
41,63,32,445,18,73,83530,210497,6,12,8,Tuesday,136.66666666666666,Very Unhealthy
47,72,36,429,20,65,83522,249527,7,12,8,Tuesday,156.66666666666666,Very Unhealthy
50,77,39,434,21,63,83478,272035,8,12,8,Tuesday,166.66666666666669,Very Unhealthy
54,82,43,424,22,62,83424,301033,9,12,8,Tuesday,180.0,Very Unhealthy
45,68,36,410,20,64,83365,241586,10,12,8,Tuesday,150.0,Very Unhealthy
49,75,38,414,21,63,83317,266882,11,12,8,Tuesday,163.33333333333334,Very Unhealthy
44,69,33,410,21,62,83260,222315,12,12,8,Tuesday,146.66666666666666,Very Unhealthy
35,55,25,415,20,63,83249,163820,13,12,8,Tuesday,116.66666666666667,Very Unhealthy
32,51,24,420,21,63,83262,156418,14,12,8,Tuesday,106.66666666666667,Very Unhealthy
34,53,26,424,21,66,83265,164415,15,12,8,Tuesday,113.33333333333333,Very Unhealthy
38,60,29,431,20,67,83316,183056,16,12,8,Tuesday,126.66666666666666,Very Unhealthy
42,66,33,446,20,69,83359,213685,17,12,8,Tuesday,140.0,Very Unhealthy
50,78,39,456,20,69,83387,263135,18,12,8,Tuesday,166.66666666666669,Very Unhealthy
54,84,42,469,20,70,83419,292378,19,12,8,Tuesday,180.0,Very Unhealthy
64,99,49,470,19,70,83400,353801,20,12,8,Tuesday,213.33333333333334,Hazardous
55,85,43,458,19,70,83374,304758,21,12,8,Tuesday,183.33333333333331,Very Unhealthy
30,46,23,435,18,68,83313,150871,22,12,8,Tuesday,100.0,Very Unhealthy
20,30,15,424,18,67,83290,95151,23,12,8,Tuesday,66.66666666666666,Unhealthy
16,24,13,419,18,67,83279,74692,0,13,8,Wednesday,53.333333333333336,Unhealthy
15,23,12,428,17,68,83284,73314,1,13,8,Wednesday,50.0,Unhealthy
28,42,22,437,17,70,83310,141993,2,13,8,Wednesday,93.33333333333333,Unhealthy
18,27,14,436,17,70,83368,83788,3,13,8,Wednesday,60.0,Unhealthy
21,31,16,426,17,69,83462,100339,4,13,8,Wednesday,70.0,Unhealthy
30,47,23,434,17,69,83520,150779,5,13,8,Wednesday,100.0,Very Unhealthy
32,48,24,431,18,65,83567,161269,6,13,8,Wednesday,106.66666666666667,Very Unhealthy
42,64,32,422,19,62,83569,222554,7,13,8,Wednesday,140.0,Very Unhealthy
38,58,30,413,21,58,83518,201671,8,13,8,Wednesday,126.66666666666666,Very Unhealthy
36,55,28,413,23,53,83442,189294,9,13,8,Wednesday,120.0,Very Unhealthy
41,62,32,411,24,50,83352,217955,10,13,8,Wednesday,136.66666666666666,Very Unhealthy
38,58,30,423,26,48,83276,200051,11,13,8,Wednesday,126.66666666666666,Very Unhealthy
35,53,27,433,26,48,83213,178427,12,13,8,Wednesday,116.66666666666667,Very Unhealthy
31,48,23,435,26,49,83202,157474,13,13,8,Wednesday,103.33333333333334,Very Unhealthy
29,44,22,421,24,52,83214,143212,14,13,8,Wednesday,96.66666666666667,Unhealthy
38,58,29,420,23,58,83255,189266,15,13,8,Wednesday,126.66666666666666,Very Unhealthy
42,64,32,425,22,61,83308,216674,16,13,8,Wednesday,140.0,Very Unhealthy
41,62,32,427,22,62,83368,214997,17,13,8,Wednesday,136.66666666666666,Very Unhealthy
41,62,32,428,21,63,83420,217408,18,13,8,Wednesday,136.66666666666666,Very Unhealthy
35,53,26,424,21,59,83455,175970,19,13,8,Wednesday,116.66666666666667,Very Unhealthy
15,23,11,417,20,54,83462,70645,20,13,8,Wednesday,50.0,Unhealthy
10,15,7,414,19,56,83442,45328,21,13,8,Wednesday,33.33333333333333,Unhealthy for Sensitive Groups
9,14,7,423,19,59,83411,42648,22,13,8,Wednesday,30.0,Unhealthy for Sensitive Groups
9,14,7,433,18,63,83408,43929,23,13,8,Wednesday,30.0,Unhealthy for Sensitive Groups
11,17,9,440,17,64,83406,52311,0,14,8,Thursday,36.666666666666664,Unhealthy for Sensitive Groups
14,21,11,446,17,66,83434,64951,1,14,8,Thursday,46.666666666666664,Unhealthy for Sensitive Groups
18,27,14,451,17,67,83475,83610,2,14,8,Thursday,60.0,Unhealthy
20,30,15,461,16,67,83523,94867,3,14,8,Thursday,66.66666666666666,Unhealthy
25,39,19,463,17,68,83560,127334,4,14,8,Thursday,83.33333333333334,Unhealthy
22,34,17,447,19,62,83607,109003,5,14,8,Thursday,73.33333333333333,Unhealthy
18,28,14,422,23,52,83627,85625,6,14,8,Thursday,60.0,Unhealthy
29,44,21,416,25,47,83615,144575,7,14,8,Thursday,96.66666666666667,Unhealthy
47,72,36,413,25,45,83547,249539,8,14,8,Thursday,156.66666666666666,Very Unhealthy
41,64,31,412,27,42,83451,213170,9,14,8,Thursday,136.66666666666666,Very Unhealthy
27,44,19,409,29,39,83337,127391,10,14,8,Thursday,90.0,Unhealthy
21,34,15,405,28,39,83239,97352,11,14,8,Thursday,70.0,Unhealthy
19,31,15,406,27,40,83206,88512,12,14,8,Thursday,63.33333333333333,Unhealthy
19,31,14,408,27,41,83189,87165,13,14,8,Thursday,63.33333333333333,Unhealthy
19,30,14,408,26,43,83203,85178,14,14,8,Thursday,63.33333333333333,Unhealthy
24,37,17,417,25,46,83235,112931,15,14,8,Thursday,80.0,Unhealthy
32,50,24,421,24,51,83277,160450,16,14,8,Thursday,106.66666666666667,Very Unhealthy
22,34,16,420,23,48,83340,106006,17,14,8,Thursday,73.33333333333333,Unhealthy
19,30,15,420,22,49,83395,89990,18,14,8,Thursday,63.33333333333333,Unhealthy
22,34,16,428,22,52,83413,106015,19,14,8,Thursday,73.33333333333333,Unhealthy
12,19,10,423,21,54,83410,58532,20,14,8,Thursday,40.0,Unhealthy for Sensitive Groups
7,10,5,420,20,59,83407,31457,21,14,8,Thursday,23.333333333333332,Moderate
6,9,5,427,19,63,83388,28686,22,14,8,Thursday,20.0,Moderate
11,17,9,439,19,64,83381,52767,23,14,8,Thursday,36.666666666666664,Unhealthy for Sensitive Groups
10,15,8,444,19,65,83362,47302,0,15,8,Friday,33.33333333333333,Unhealthy for Sensitive Groups
9,14,7,442,19,67,83396,42768,1,15,8,Friday,30.0,Unhealthy for Sensitive Groups
11,17,9,444,19,68,83441,52840,2,15,8,Friday,36.666666666666664,Unhealthy for Sensitive Groups
13,21,10,439,19,68,83468,61411,3,15,8,Friday,43.333333333333336,Unhealthy for Sensitive Groups
14,22,11,425,19,68,83519,66860,4,15,8,Friday,46.666666666666664,Unhealthy for Sensitive Groups
11,17,9,417,20,68,83580,51406,5,15,8,Friday,36.666666666666664,Unhealthy for Sensitive Groups
16,24,12,412,20,66,83594,73901,6,15,8,Friday,53.333333333333336,Unhealthy
13,20,11,408,22,62,83567,62046,7,15,8,Friday,43.333333333333336,Unhealthy for Sensitive Groups
17,26,13,404,23,56,83491,82530,8,15,8,Friday,56.666666666666664,Unhealthy
24,37,17,405,23,54,83418,117585,9,15,8,Friday,80.0,Unhealthy
25,38,18,403,25,49,83311,122468,10,15,8,Friday,83.33333333333334,Unhealthy
23,35,17,401,26,46,83218,113261,11,15,8,Friday,76.66666666666667,Unhealthy
21,32,15,401,27,44,83157,102560,12,15,8,Friday,70.0,Unhealthy
24,38,17,401,25,49,83137,117186,13,15,8,Friday,80.0,Unhealthy
24,36,17,404,24,52,83136,116055,14,15,8,Friday,80.0,Unhealthy
23,37,17,409,23,54,83151,114168,15,15,8,Friday,76.66666666666667,Unhealthy
18,27,13,413,22,57,83178,82820,16,15,8,Friday,60.0,Unhealthy
14,22,11,411,22,58,83204,65552,17,15,8,Friday,46.666666666666664,Unhealthy for Sensitive Groups
10,15,7,411,22,61,83282,45473,18,15,8,Friday,33.33333333333333,Unhealthy for Sensitive Groups
7,12,6,413,21,63,83329,34888,19,15,8,Friday,23.333333333333332,Moderate
7,11,6,416,21,65,83310,34276,20,15,8,Friday,23.333333333333332,Moderate
7,11,6,418,21,67,83290,33984,21,15,8,Friday,23.333333333333332,Moderate
6,9,5,413,20,65,83243,27876,22,15,8,Friday,20.0,Moderate
6,9,5,412,20,67,83198,27963,23,15,8,Friday,20.0,Moderate
6,9,5,411,20,68,83192,29543,0,16,8,Saturday,20.0,Moderate
6,9,5,409,19,68,83192,26695,1,16,8,Saturday,20.0,Moderate
6,9,5,412,20,68,83218,27100,2,16,8,Saturday,20.0,Moderate
6,10,5,418,20,68,83262,30480,3,16,8,Saturday,20.0,Moderate
9,14,7,415,20,68,83318,42885,4,16,8,Saturday,30.0,Unhealthy for Sensitive Groups
19,29,15,409,20,67,83388,91087,5,16,8,Saturday,63.33333333333333,Unhealthy
23,35,16,408,21,65,83417,110865,6,16,8,Saturday,76.66666666666667,Unhealthy
21,32,16,407,22,61,83433,101497,7,16,8,Saturday,70.0,Unhealthy
22,36,16,405,23,58,83387,107179,8,16,8,Saturday,73.33333333333333,Unhealthy
30,48,22,404,25,55,83314,146397,9,16,8,Saturday,100.0,Very Unhealthy
18,30,13,402,25,52,83214,85358,10,16,8,Saturday,60.0,Unhealthy
13,19,10,402,26,51,83142,60347,11,16,8,Saturday,43.333333333333336,Unhealthy for Sensitive Groups
15,23,12,401,26,50,83062,71071,12,16,8,Saturday,50.0,Unhealthy
15,24,12,404,25,54,83052,71989,13,16,8,Saturday,50.0,Unhealthy
18,28,14,405,23,58,83087,84295,14,16,8,Saturday,60.0,Unhealthy
20,31,15,409,23,65,83143,94790,15,16,8,Saturday,66.66666666666666,Unhealthy
22,33,16,421,22,70,83170,106966,16,16,8,Saturday,73.33333333333333,Unhealthy
31,47,23,422,21,73,83247,155420,17,16,8,Saturday,103.33333333333334,Very Unhealthy
11,17,8,415,20,74,83345,52531,18,16,8,Saturday,36.666666666666664,Unhealthy for Sensitive Groups
9,13,7,417,19,75,83384,40487,19,16,8,Saturday,30.0,Unhealthy for Sensitive Groups
19,29,15,422,19,75,83371,90057,20,16,8,Saturday,63.33333333333333,Unhealthy
18,27,14,421,20,74,83330,83221,21,16,8,Saturday,60.0,Unhealthy
15,23,12,423,19,74,83254,71938,22,16,8,Saturday,50.0,Unhealthy
14,21,11,427,19,74,83195,65617,23,16,8,Saturday,46.666666666666664,Unhealthy for Sensitive Groups
14,21,10,439,18,73,83174,64289,0,17,8,Sunday,46.666666666666664,Unhealthy for Sensitive Groups
16,25,13,439,18,73,83178,76605,1,17,8,Sunday,53.333333333333336,Unhealthy
18,27,14,441,18,73,83179,81674,2,17,8,Sunday,60.0,Unhealthy
19,29,15,449,17,73,83216,90687,3,17,8,Sunday,63.33333333333333,Unhealthy
21,32,16,449,18,74,83278,104643,4,17,8,Sunday,70.0,Unhealthy
21,33,16,423,20,72,83354,109690,5,17,8,Sunday,70.0,Unhealthy
20,30,15,409,21,69,83390,98577,6,17,8,Sunday,66.66666666666666,Unhealthy
20,30,15,408,23,64,83396,96439,7,17,8,Sunday,66.66666666666666,Unhealthy
20,30,15,406,23,61,83362,92171,8,17,8,Sunday,66.66666666666666,Unhealthy
20,30,15,405,23,62,83289,97759,9,17,8,Sunday,66.66666666666666,Unhealthy
20,30,15,404,23,61,83220,97180,10,17,8,Sunday,66.66666666666666,Unhealthy
20,30,15,405,25,56,83128,96192,11,17,8,Sunday,66.66666666666666,Unhealthy
20,30,15,405,25,56,83074,98829,12,17,8,Sunday,66.66666666666666,Unhealthy
25,39,20,411,23,65,83093,130263,13,17,8,Sunday,83.33333333333334,Unhealthy
33,50,26,419,22,72,83131,172018,14,17,8,Sunday,110.00000000000001,Very Unhealthy
42,63,33,423,21,74,83204,225761,15,17,8,Sunday,140.0,Very Unhealthy
29,44,22,416,20,74,83266,149791,16,17,8,Sunday,96.66666666666667,Unhealthy
29,45,23,418,20,75,83329,153760,17,17,8,Sunday,96.66666666666667,Unhealthy
31,48,24,420,20,75,83385,164119,18,17,8,Sunday,103.33333333333334,Very Unhealthy
31,47,24,418,20,75,83408,163700,19,17,8,Sunday,103.33333333333334,Very Unhealthy
35,53,28,423,20,75,83407,184583,20,17,8,Sunday,116.66666666666667,Very Unhealthy
36,55,28,426,20,76,83372,192902,21,17,8,Sunday,120.0,Very Unhealthy
26,39,20,422,19,76,83319,135531,22,17,8,Sunday,86.66666666666667,Unhealthy
22,33,17,420,19,76,83258,115798,23,17,8,Sunday,73.33333333333333,Unhealthy
22,33,17,419,19,76,83242,115239,0,18,8,Monday,73.33333333333333,Unhealthy
20,31,16,421,19,76,83284,108903,1,18,8,Monday,66.66666666666666,Unhealthy
25,39,19,421,19,76,83334,130220,2,18,8,Monday,83.33333333333334,Unhealthy
28,43,22,420,19,77,83394,144517,3,18,8,Monday,93.33333333333333,Unhealthy
33,51,26,420,19,77,83463,173002,4,18,8,Monday,110.00000000000001,Very Unhealthy
36,54,28,420,19,77,83535,185287,5,18,8,Monday,120.0,Very Unhealthy
44,67,35,421,19,77,83574,242527,6,18,8,Monday,146.66666666666666,Very Unhealthy
38,58,30,420,19,77,83586,202778,7,18,8,Monday,126.66666666666666,Very Unhealthy
31,47,24,418,18,78,83562,161667,8,18,8,Monday,103.33333333333334,Very Unhealthy
13,20,10,417,19,78,83511,63036,9,18,8,Monday,43.333333333333336,Unhealthy for Sensitive Groups
12,19,10,415,18,78,83423,59958,10,18,8,Monday,40.0,Unhealthy for Sensitive Groups
22,33,17,416,18,79,83370,113228,11,18,8,Monday,73.33333333333333,Unhealthy
21,33,17,415,18,79,83331,109908,12,18,8,Monday,70.0,Unhealthy
20,31,15,414,18,78,83334,105723,13,18,8,Monday,66.66666666666666,Unhealthy
20,30,15,416,18,77,83368,100193,14,18,8,Monday,66.66666666666666,Unhealthy
24,36,18,416,18,78,83423,121570,15,18,8,Monday,80.0,Unhealthy
25,38,19,418,17,78,83448,126445,16,18,8,Monday,83.33333333333334,Unhealthy
22,34,17,418,18,77,83499,114688,17,18,8,Monday,73.33333333333333,Unhealthy
21,32,16,420,18,76,83540,108932,18,18,8,Monday,70.0,Unhealthy
22,33,17,424,18,76,83561,111469,19,18,8,Monday,73.33333333333333,Unhealthy
20,31,16,422,18,76,83534,107394,20,18,8,Monday,66.66666666666666,Unhealthy
22,33,17,430,18,76,83467,113842,21,18,8,Monday,73.33333333333333,Unhealthy
23,35,18,435,18,76,83415,117701,22,18,8,Monday,76.66666666666667,Unhealthy
22,34,17,438,18,76,83366,117318,23,18,8,Monday,73.33333333333333,Unhealthy
22,33,17,439,18,76,83362,112247,0,19,8,Tuesday,73.33333333333333,Unhealthy
20,31,15,441,18,76,83352,105709,1,19,8,Tuesday,66.66666666666666,Unhealthy
19,30,15,454,18,77,83396,101204,2,19,8,Tuesday,63.33333333333333,Unhealthy
22,34,17,450,18,77,83444,115241,3,19,8,Tuesday,73.33333333333333,Unhealthy
22,34,17,444,18,77,83515,116039,4,19,8,Tuesday,73.33333333333333,Unhealthy
26,40,20,431,18,76,83573,133715,5,19,8,Tuesday,86.66666666666667,Unhealthy
36,55,28,420,18,76,83613,186873,6,19,8,Tuesday,120.0,Very Unhealthy
33,50,25,418,19,75,83624,169055,7,19,8,Tuesday,110.00000000000001,Very Unhealthy
35,52,27,418,18,77,83609,178967,8,19,8,Tuesday,116.66666666666667,Very Unhealthy
37,55,29,414,19,75,83546,195053,9,19,8,Tuesday,123.33333333333334,Very Unhealthy
34,51,26,409,19,72,83443,176160,10,19,8,Tuesday,113.33333333333333,Very Unhealthy
32,48,24,408,19,71,83363,164766,11,19,8,Tuesday,106.66666666666667,Very Unhealthy
26,40,19,408,21,67,83310,134492,12,19,8,Tuesday,86.66666666666667,Unhealthy
24,38,18,409,21,66,83300,128590,13,19,8,Tuesday,80.0,Unhealthy
24,37,18,410,21,67,83306,125687,14,19,8,Tuesday,80.0,Unhealthy
33,50,25,418,20,70,83341,168677,15,19,8,Tuesday,110.00000000000001,Very Unhealthy
34,51,26,421,19,71,83379,175521,16,19,8,Tuesday,113.33333333333333,Very Unhealthy
37,56,29,430,19,73,83416,196936,17,19,8,Tuesday,123.33333333333334,Very Unhealthy
42,63,33,436,19,74,83447,226233,18,19,8,Tuesday,140.0,Very Unhealthy
43,64,34,448,18,74,83460,232162,19,19,8,Tuesday,143.33333333333334,Very Unhealthy
42,63,33,470,18,75,83456,226980,20,19,8,Tuesday,140.0,Very Unhealthy
47,70,37,468,18,76,83410,260372,21,19,8,Tuesday,156.66666666666666,Very Unhealthy
44,66,35,459,18,76,83340,239804,22,19,8,Tuesday,146.66666666666666,Very Unhealthy
32,50,25,432,18,74,83284,167605,23,19,8,Tuesday,106.66666666666667,Very Unhealthy
27,42,21,427,18,73,83284,141325,0,20,8,Wednesday,90.0,Unhealthy
25,39,19,427,17,74,83305,128981,1,20,8,Wednesday,83.33333333333334,Unhealthy
23,35,17,425,17,74,83320,116548,2,20,8,Wednesday,76.66666666666667,Unhealthy
22,34,16,435,17,74,83360,112999,3,20,8,Wednesday,73.33333333333333,Unhealthy
26,39,19,433,17,74,83399,130700,4,20,8,Wednesday,86.66666666666667,Unhealthy
22,33,16,421,18,72,83462,108472,5,20,8,Wednesday,73.33333333333333,Unhealthy
23,34,16,415,19,68,83491,112703,6,20,8,Wednesday,76.66666666666667,Unhealthy
30,46,23,410,21,61,83482,155677,7,20,8,Wednesday,100.0,Very Unhealthy
22,34,16,407,22,57,83445,113018,8,20,8,Wednesday,73.33333333333333,Unhealthy
22,34,17,408,23,55,83377,114422,9,20,8,Wednesday,73.33333333333333,Unhealthy
20,32,15,406,23,54,83288,106451,10,20,8,Wednesday,66.66666666666666,Unhealthy
20,30,15,407,24,50,83192,103613,11,20,8,Wednesday,66.66666666666666,Unhealthy
20,31,15,408,24,50,83134,101732,12,20,8,Wednesday,66.66666666666666,Unhealthy
22,34,16,415,22,56,83151,110753,13,20,8,Wednesday,73.33333333333333,Unhealthy
26,40,20,416,21,59,83185,133932,14,20,8,Wednesday,86.66666666666667,Unhealthy
27,42,20,426,21,62,83218,137471,15,20,8,Wednesday,90.0,Unhealthy
33,50,25,438,20,65,83236,168293,16,20,8,Wednesday,110.00000000000001,Very Unhealthy
42,64,33,448,19,68,83292,226891,17,20,8,Wednesday,140.0,Very Unhealthy
47,70,37,462,19,70,83354,258867,18,20,8,Wednesday,156.66666666666666,Very Unhealthy
50,75,39,467,18,70,83378,278331,19,20,8,Wednesday,166.66666666666669,Very Unhealthy
41,63,32,454,18,70,83368,224194,20,20,8,Wednesday,136.66666666666666,Very Unhealthy
18,28,14,423,18,68,83348,89719,21,20,8,Wednesday,60.0,Unhealthy
8,12,6,414,18,71,83314,37606,22,20,8,Wednesday,26.666666666666668,Moderate
7,11,6,413,17,75,83278,34304,23,20,8,Wednesday,23.333333333333332,Moderate
7,11,6,417,18,75,83264,35636,0,21,8,Thursday,23.333333333333332,Moderate
8,12,6,415,18,74,83256,38619,1,21,8,Thursday,26.666666666666668,Moderate
9,14,7,416,18,74,83273,43763,2,21,8,Thursday,30.0,Unhealthy for Sensitive Groups
12,18,10,421,18,74,83299,58335,3,21,8,Thursday,40.0,Unhealthy for Sensitive Groups
16,24,13,415,17,75,83389,74645,4,21,8,Thursday,53.333333333333336,Unhealthy
15,23,12,412,18,72,83427,71991,5,21,8,Thursday,50.0,Unhealthy
18,26,14,410,20,67,83469,82810,6,21,8,Thursday,60.0,Unhealthy
19,28,14,408,20,64,83480,88840,7,21,8,Thursday,63.33333333333333,Unhealthy
17,25,13,407,21,61,83421,78392,8,21,8,Thursday,56.666666666666664,Unhealthy
17,26,13,407,21,62,83359,80155,9,21,8,Thursday,56.666666666666664,Unhealthy
18,27,14,408,21,59,83280,84472,10,21,8,Thursday,60.0,Unhealthy
16,25,13,406,24,53,83204,77731,11,21,8,Thursday,53.333333333333336,Unhealthy
14,21,11,405,24,52,83153,67196,12,21,8,Thursday,46.666666666666664,Unhealthy for Sensitive Groups
17,27,13,404,23,54,83146,85100,13,21,8,Thursday,56.666666666666664,Unhealthy
26,40,19,409,22,59,83176,129216,14,21,8,Thursday,86.66666666666667,Unhealthy
27,41,20,418,21,64,83230,136432,15,21,8,Thursday,90.0,Unhealthy
37,55,28,429,20,68,83284,189024,16,21,8,Thursday,123.33333333333334,Very Unhealthy
46,70,37,439,20,70,83352,254819,17,21,8,Thursday,153.33333333333334,Very Unhealthy
56,84,44,445,19,71,83393,320330,18,21,8,Thursday,186.66666666666666,Very Unhealthy
56,85,44,445,19,71,83418,319777,19,21,8,Thursday,186.66666666666666,Very Unhealthy
34,52,27,441,19,71,83427,179069,20,21,8,Thursday,113.33333333333333,Very Unhealthy
29,45,22,428,18,72,83418,150294,21,21,8,Thursday,96.66666666666667,Unhealthy
10,16,8,418,18,69,83364,48116,22,21,8,Thursday,33.33333333333333,Unhealthy for Sensitive Groups
7,11,6,426,18,69,83305,34884,23,21,8,Thursday,23.333333333333332,Moderate
7,11,6,436,18,70,83281,33385,0,22,8,Friday,23.333333333333332,Moderate
5,8,4,432,17,71,83276,25842,1,22,8,Friday,16.666666666666664,Moderate
6,9,5,437,17,73,83334,28040,2,22,8,Friday,20.0,Moderate
6,10,5,439,17,73,83347,29876,3,22,8,Friday,20.0,Moderate
8,13,7,441,18,72,83399,39898,4,22,8,Friday,26.666666666666668,Moderate
7,12,6,416,18,65,83462,34983,5,22,8,Friday,23.333333333333332,Moderate
7,10,5,413,19,61,83510,31559,6,22,8,Friday,23.333333333333332,Moderate
10,16,8,412,21,56,83502,48330,7,22,8,Friday,33.33333333333333,Unhealthy for Sensitive Groups
10,16,8,408,23,52,83434,48487,8,22,8,Friday,33.33333333333333,Unhealthy for Sensitive Groups
11,16,8,408,24,48,83342,50381,9,22,8,Friday,36.666666666666664,Unhealthy for Sensitive Groups
12,18,10,406,24,46,83248,57684,10,22,8,Friday,40.0,Unhealthy for Sensitive Groups
16,25,13,407,24,49,83160,75904,11,22,8,Friday,53.333333333333336,Unhealthy
17,26,14,407,23,52,83107,79403,12,22,8,Friday,56.666666666666664,Unhealthy
15,23,12,407,22,56,83108,71696,13,22,8,Friday,50.0,Unhealthy
14,21,11,409,22,55,83121,64773,14,22,8,Friday,46.666666666666664,Unhealthy for Sensitive Groups
13,20,10,412,21,56,83167,59277,15,22,8,Friday,43.333333333333336,Unhealthy for Sensitive Groups
17,26,13,419,21,61,83212,78874,16,22,8,Friday,56.666666666666664,Unhealthy
23,35,17,425,21,64,83273,112218,17,22,8,Friday,76.66666666666667,Unhealthy
24,37,18,431,20,65,83315,120981,18,22,8,Friday,80.0,Unhealthy
17,26,13,422,19,67,83351,83544,19,22,8,Friday,56.666666666666664,Unhealthy
5,8,4,412,18,70,83369,24657,20,22,8,Friday,16.666666666666664,Moderate
5,7,4,414,18,71,83330,22975,21,22,8,Friday,16.666666666666664,Moderate
5,8,4,417,18,71,83272,25884,22,22,8,Friday,16.666666666666664,Moderate
6,10,5,415,18,70,83227,30907,23,22,8,Friday,20.0,Moderate
6,9,5,414,17,70,83215,27668,0,23,8,Saturday,20.0,Moderate
6,9,5,413,17,70,83241,29196,1,23,8,Saturday,20.0,Moderate
5,7,4,413,17,70,83279,23432,2,23,8,Saturday,16.666666666666664,Moderate
6,9,5,414,17,70,83343,29113,3,23,8,Saturday,20.0,Moderate
7,11,6,416,17,70,83406,34661,4,23,8,Saturday,23.333333333333332,Moderate
9,14,7,412,18,68,83443,42561,5,23,8,Saturday,30.0,Unhealthy for Sensitive Groups
14,22,11,412,18,67,83501,66259,6,23,8,Saturday,46.666666666666664,Unhealthy for Sensitive Groups
23,35,17,412,19,66,83510,109024,7,23,8,Saturday,76.66666666666667,Unhealthy
27,42,19,412,20,63,83462,131250,8,23,8,Saturday,90.0,Unhealthy
22,34,17,410,21,58,83388,107987,9,23,8,Saturday,73.33333333333333,Unhealthy
19,29,14,408,21,57,83303,87431,10,23,8,Saturday,63.33333333333333,Unhealthy
15,22,12,408,22,54,83221,69898,11,23,8,Saturday,50.0,Unhealthy
20,31,15,408,22,56,83158,100031,12,23,8,Saturday,66.66666666666666,Unhealthy
23,35,17,409,22,57,83141,113261,13,23,8,Saturday,76.66666666666667,Unhealthy
21,32,16,411,22,61,83151,105394,14,23,8,Saturday,70.0,Unhealthy
30,46,23,423,21,65,83178,151763,15,23,8,Saturday,100.0,Very Unhealthy
44,66,34,431,20,68,83221,230643,16,23,8,Saturday,146.66666666666666,Very Unhealthy
48,73,38,443,20,69,83256,265168,17,23,8,Saturday,160.0,Very Unhealthy
43,65,33,436,19,68,83338,228779,18,23,8,Saturday,143.33333333333334,Very Unhealthy
25,38,19,424,19,66,83407,124294,19,23,8,Saturday,83.33333333333334,Unhealthy
6,10,5,416,18,66,83439,29941,20,23,8,Saturday,20.0,Moderate
5,8,4,424,18,69,83383,25779,21,23,8,Saturday,16.666666666666664,Moderate
6,9,5,431,18,70,83346,28579,22,23,8,Saturday,20.0,Moderate
9,13,7,420,18,69,83303,39661,23,23,8,Saturday,30.0,Unhealthy for Sensitive Groups
7,11,6,426,18,70,83312,32272,0,24,8,Sunday,23.333333333333332,Moderate
5,8,4,430,18,70,83308,24572,1,24,8,Sunday,16.666666666666664,Moderate
4,6,3,430,18,70,83340,20460,2,24,8,Sunday,13.333333333333334,Good
5,8,4,441,17,71,83397,25154,3,24,8,Sunday,16.666666666666664,Moderate
7,11,6,433,17,72,83462,35054,4,24,8,Sunday,23.333333333333332,Moderate
6,10,5,423,18,69,83523,29640,5,24,8,Sunday,20.0,Moderate
3,5,2,413,20,60,83567,16848,6,24,8,Sunday,10.0,Good
7,11,5,412,23,50,83539,32819,7,24,8,Sunday,23.333333333333332,Moderate
12,18,9,410,25,46,83467,54443,8,24,8,Sunday,40.0,Unhealthy for Sensitive Groups
18,28,14,410,27,44,83386,83764,9,24,8,Sunday,60.0,Unhealthy
16,24,13,408,27,42,83298,74607,10,24,8,Sunday,53.333333333333336,Unhealthy
12,19,10,408,26,45,83237,58592,11,24,8,Sunday,40.0,Unhealthy for Sensitive Groups
12,18,10,406,25,48,83214,55863,12,24,8,Sunday,40.0,Unhealthy for Sensitive Groups
10,15,8,408,24,50,83210,48884,13,24,8,Sunday,33.33333333333333,Unhealthy for Sensitive Groups
11,16,9,410,24,51,83229,50037,14,24,8,Sunday,36.666666666666664,Unhealthy for Sensitive Groups
11,16,9,411,23,52,83254,50200,15,24,8,Sunday,36.666666666666664,Unhealthy for Sensitive Groups
10,16,8,413,22,56,83315,48432,16,24,8,Sunday,33.33333333333333,Unhealthy for Sensitive Groups
7,10,5,412,21,63,83393,31584,17,24,8,Sunday,23.333333333333332,Moderate
4,7,3,411,20,70,83477,20198,18,24,8,Sunday,13.333333333333334,Good
5,7,3,413,20,74,83506,22616,19,24,8,Sunday,16.666666666666664,Moderate
4,6,3,414,19,75,83500,18921,20,24,8,Sunday,13.333333333333334,Good
4,6,3,416,20,75,83477,20028,21,24,8,Sunday,13.333333333333334,Good
4,6,3,414,19,75,83456,20717,22,24,8,Sunday,13.333333333333334,Good
4,6,3,414,19,76,83426,19468,23,24,8,Sunday,13.333333333333334,Good
4,6,3,415,19,76,83400,18502,0,25,8,Monday,13.333333333333334,Good
7,11,6,416,19,76,83423,33846,1,25,8,Monday,23.333333333333332,Moderate
8,12,6,419,19,76,83471,38821,2,25,8,Monday,26.666666666666668,Moderate
7,11,6,419,18,75,83507,34577,3,25,8,Monday,23.333333333333332,Moderate
11,16,8,419,18,74,83557,50328,4,25,8,Monday,36.666666666666664,Unhealthy for Sensitive Groups
6,9,5,418,19,68,83597,28953,5,25,8,Monday,20.0,Moderate
11,17,8,416,21,59,83606,50808,6,25,8,Monday,36.666666666666664,Unhealthy for Sensitive Groups
14,21,11,412,24,52,83587,64918,7,25,8,Monday,46.666666666666664,Unhealthy for Sensitive Groups
13,21,11,410,25,50,83542,62802,8,25,8,Monday,43.333333333333336,Unhealthy for Sensitive Groups
10,16,8,409,26,49,83476,48676,9,25,8,Monday,33.33333333333333,Unhealthy for Sensitive Groups
12,19,9,407,26,47,83405,53366,10,25,8,Monday,40.0,Unhealthy for Sensitive Groups
11,18,9,407,27,45,83326,51647,11,25,8,Monday,36.666666666666664,Unhealthy for Sensitive Groups
11,16,9,411,27,43,83267,51150,12,25,8,Monday,36.666666666666664,Unhealthy for Sensitive Groups
10,15,8,408,26,44,83229,46099,13,25,8,Monday,33.33333333333333,Unhealthy for Sensitive Groups
9,14,7,413,25,49,83249,44561,14,25,8,Monday,30.0,Unhealthy for Sensitive Groups
8,12,6,418,24,51,83304,37854,15,25,8,Monday,26.666666666666668,Moderate
10,15,8,416,23,52,83343,45372,16,25,8,Monday,33.33333333333333,Unhealthy for Sensitive Groups
8,13,6,415,22,55,83408,38281,17,25,8,Monday,26.666666666666668,Moderate
7,11,5,418,21,60,83490,31069,18,25,8,Monday,23.333333333333332,Moderate
6,9,5,417,21,62,83559,26938,19,25,8,Monday,20.0,Moderate
4,7,3,418,20,63,83565,19870,20,25,8,Monday,13.333333333333334,Good
4,6,3,418,20,64,83551,18456,21,25,8,Monday,13.333333333333334,Good
4,7,3,419,20,65,83535,21046,22,25,8,Monday,13.333333333333334,Good
3,6,2,415,20,68,83530,16920,23,25,8,Monday,10.0,Good
4,6,3,416,19,68,83529,17921,0,26,8,Tuesday,13.333333333333334,Good
4,6,3,421,19,70,83531,19382,1,26,8,Tuesday,13.333333333333334,Good
3,5,2,423,19,69,83551,16626,2,26,8,Tuesday,10.0,Good
4,6,3,435,19,70,83582,18832,3,26,8,Tuesday,13.333333333333334,Good
8,13,6,426,18,71,83651,38594,4,26,8,Tuesday,26.666666666666668,Moderate
16,26,12,420,19,68,83710,68925,5,26,8,Tuesday,53.333333333333336,Unhealthy
25,41,18,422,20,64,83747,118984,6,26,8,Tuesday,83.33333333333334,Unhealthy
30,47,22,417,21,61,83736,146616,7,26,8,Tuesday,100.0,Very Unhealthy
31,49,23,416,23,58,83702,155474,8,26,8,Tuesday,103.33333333333334,Very Unhealthy
27,41,20,411,25,51,83627,131502,9,26,8,Tuesday,90.0,Unhealthy
21,33,16,410,26,47,83535,98612,10,26,8,Tuesday,70.0,Unhealthy
12,18,9,406,27,45,83437,55803,11,26,8,Tuesday,40.0,Unhealthy for Sensitive Groups
10,15,8,404,26,45,83349,47059,12,26,8,Tuesday,33.33333333333333,Unhealthy for Sensitive Groups
9,14,7,406,26,44,83296,43654,13,26,8,Tuesday,30.0,Unhealthy for Sensitive Groups
10,17,8,410,25,48,83291,48284,14,26,8,Tuesday,33.33333333333333,Unhealthy for Sensitive Groups
17,27,13,417,24,52,83321,77121,15,26,8,Tuesday,56.666666666666664,Unhealthy
35,54,26,419,23,55,83376,163375,16,26,8,Tuesday,116.66666666666667,Very Unhealthy
23,35,17,421,22,58,83442,108702,17,26,8,Tuesday,76.66666666666667,Unhealthy
21,32,16,424,22,58,83496,99935,18,26,8,Tuesday,70.0,Unhealthy
8,12,6,415,20,59,83562,36944,19,26,8,Tuesday,26.666666666666668,Moderate
5,9,4,413,19,63,83578,25970,20,26,8,Tuesday,16.666666666666664,Moderate
5,8,4,416,19,64,83549,23975,21,26,8,Tuesday,16.666666666666664,Moderate
6,9,5,415,20,64,83494,27744,22,26,8,Tuesday,20.0,Moderate
8,12,6,415,19,65,83464,37660,23,26,8,Tuesday,26.666666666666668,Moderate
9,13,7,418,19,68,83440,42116,0,27,8,Wednesday,30.0,Unhealthy for Sensitive Groups
9,14,7,421,19,68,83441,43867,1,27,8,Wednesday,30.0,Unhealthy for Sensitive Groups
9,14,7,424,19,69,83491,44966,2,27,8,Wednesday,30.0,Unhealthy for Sensitive Groups
11,17,9,418,19,69,83530,53888,3,27,8,Wednesday,36.666666666666664,Unhealthy for Sensitive Groups
13,20,10,416,19,68,83560,62886,4,27,8,Wednesday,43.333333333333336,Unhealthy for Sensitive Groups
17,26,14,417,20,66,83607,80302,5,27,8,Wednesday,56.666666666666664,Unhealthy
21,33,15,412,21,62,83623,102710,6,27,8,Wednesday,70.0,Unhealthy
19,30,15,410,24,55,83594,92201,7,27,8,Wednesday,63.33333333333333,Unhealthy
18,28,14,406,27,48,83538,86070,8,27,8,Wednesday,60.0,Unhealthy
15,22,11,404,28,42,83452,68647,9,27,8,Wednesday,50.0,Unhealthy
12,18,10,403,28,43,83360,55430,10,27,8,Wednesday,40.0,Unhealthy for Sensitive Groups
10,16,8,403,28,41,83280,48687,11,27,8,Wednesday,33.33333333333333,Unhealthy for Sensitive Groups
9,14,7,404,29,39,83207,42998,12,27,8,Wednesday,30.0,Unhealthy for Sensitive Groups
8,13,6,405,27,41,83187,40325,13,27,8,Wednesday,26.666666666666668,Moderate
9,15,7,408,26,42,83206,44339,14,27,8,Wednesday,30.0,Unhealthy for Sensitive Groups
13,21,11,412,25,46,83252,62321,15,27,8,Wednesday,43.333333333333336,Unhealthy for Sensitive Groups
24,40,18,416,24,50,83332,110702,16,27,8,Wednesday,80.0,Unhealthy
16,25,12,418,24,56,83399,72146,17,27,8,Wednesday,53.333333333333336,Unhealthy
18,28,14,427,23,62,83436,85857,18,27,8,Wednesday,60.0,Unhealthy
16,25,12,430,22,60,83460,75609,19,27,8,Wednesday,53.333333333333336,Unhealthy
7,11,6,416,20,58,83488,32388,20,27,8,Wednesday,23.333333333333332,Moderate
6,9,5,418,20,63,83481,27900,21,27,8,Wednesday,20.0,Moderate
4,7,3,424,19,66,83460,20666,22,27,8,Wednesday,13.333333333333334,Good
4,7,3,429,19,69,83447,20879,23,27,8,Wednesday,13.333333333333334,Good
6,9,5,429,19,70,83410,26807,0,28,8,Thursday,20.0,Moderate
6,10,5,431,19,70,83422,29542,1,28,8,Thursday,20.0,Moderate
6,9,5,430,19,71,83457,27640,2,28,8,Thursday,20.0,Moderate
7,12,6,426,19,71,83500,34638,3,28,8,Thursday,23.333333333333332,Moderate
8,13,6,417,19,69,83559,37508,4,28,8,Thursday,26.666666666666668,Moderate
9,14,7,412,21,64,83605,43847,5,28,8,Thursday,30.0,Unhealthy for Sensitive Groups
10,15,8,410,21,60,83644,46266,6,28,8,Thursday,33.33333333333333,Unhealthy for Sensitive Groups
10,15,8,409,23,56,83638,46223,7,28,8,Thursday,33.33333333333333,Unhealthy for Sensitive Groups
12,18,9,409,25,51,83582,55577,8,28,8,Thursday,40.0,Unhealthy for Sensitive Groups
11,17,9,405,26,48,83502,54225,9,28,8,Thursday,36.666666666666664,Unhealthy for Sensitive Groups
8,13,6,403,28,43,83392,38823,10,28,8,Thursday,26.666666666666668,Moderate
8,13,6,402,28,41,83314,38748,11,28,8,Thursday,26.666666666666668,Moderate
8,12,6,403,28,40,83238,36413,12,28,8,Thursday,26.666666666666668,Moderate
7,13,6,405,27,41,83232,34399,13,28,8,Thursday,23.333333333333332,Moderate
8,15,7,407,26,44,83253,39097,14,28,8,Thursday,26.666666666666668,Moderate
12,20,9,412,24,48,83301,56541,15,28,8,Thursday,40.0,Unhealthy for Sensitive Groups
16,25,13,416,24,51,83368,75213,16,28,8,Thursday,53.333333333333336,Unhealthy
13,20,10,416,23,49,83413,60790,17,28,8,Thursday,43.333333333333336,Unhealthy for Sensitive Groups
11,17,9,416,22,49,83463,50983,18,28,8,Thursday,36.666666666666664,Unhealthy for Sensitive Groups
8,12,6,415,21,50,83516,38164,19,28,8,Thursday,26.666666666666668,Moderate
7,11,6,417,20,53,83527,33352,20,28,8,Thursday,23.333333333333332,Moderate
8,13,6,429,20,57,83525,35602,21,28,8,Thursday,26.666666666666668,Moderate
9,14,7,438,19,60,83489,44514,22,28,8,Thursday,30.0,Unhealthy for Sensitive Groups
9,14,7,438,18,62,83455,45136,23,28,8,Thursday,30.0,Unhealthy for Sensitive Groups
10,15,8,448,17,63,83416,48483,0,29,8,Friday,33.33333333333333,Unhealthy for Sensitive Groups
13,20,10,461,17,64,83398,61612,1,29,8,Friday,43.333333333333336,Unhealthy for Sensitive Groups
12,18,10,467,16,64,83402,58289,2,29,8,Friday,40.0,Unhealthy for Sensitive Groups
15,23,12,466,16,64,83447,71118,3,29,8,Friday,50.0,Unhealthy
22,34,16,463,18,61,83517,110068,4,29,8,Friday,73.33333333333333,Unhealthy
14,22,11,420,20,57,83558,66142,5,29,8,Friday,46.666666666666664,Unhealthy for Sensitive Groups
16,24,12,413,23,50,83588,74500,6,29,8,Friday,53.333333333333336,Unhealthy
26,40,19,414,24,48,83592,132689,7,29,8,Friday,86.66666666666667,Unhealthy
35,54,26,412,25,46,83561,180598,8,29,8,Friday,116.66666666666667,Very Unhealthy
36,56,27,410,26,42,83494,182072,9,29,8,Friday,120.0,Very Unhealthy
24,38,17,405,26,42,83398,111459,10,29,8,Friday,80.0,Unhealthy
12,18,9,402,27,41,83307,57076,11,29,8,Friday,40.0,Unhealthy for Sensitive Groups
11,17,9,402,26,41,83269,53073,12,29,8,Friday,36.666666666666664,Unhealthy for Sensitive Groups
11,17,8,403,25,42,83271,50172,13,29,8,Friday,36.666666666666664,Unhealthy for Sensitive Groups
10,17,8,405,25,44,83299,49193,14,29,8,Friday,33.33333333333333,Unhealthy for Sensitive Groups
12,19,10,409,24,46,83333,58675,15,29,8,Friday,40.0,Unhealthy for Sensitive Groups
16,25,13,411,22,49,83392,75663,16,29,8,Friday,53.333333333333336,Unhealthy
17,26,13,421,22,51,83429,79274,17,29,8,Friday,56.666666666666664,Unhealthy
25,38,19,427,21,55,83430,124075,18,29,8,Friday,83.33333333333334,Unhealthy
28,43,21,436,20,59,83471,142455,19,29,8,Friday,93.33333333333333,Unhealthy
14,22,11,418,19,64,83494,66271,20,29,8,Friday,46.666666666666664,Unhealthy for Sensitive Groups
10,16,8,417,19,67,83476,49478,21,29,8,Friday,33.33333333333333,Unhealthy for Sensitive Groups
11,17,9,415,19,69,83460,53572,22,29,8,Friday,36.666666666666664,Unhealthy for Sensitive Groups
11,17,9,415,19,69,83434,52794,23,29,8,Friday,36.666666666666664,Unhealthy for Sensitive Groups
10,15,8,414,19,70,83421,46732,0,30,8,Saturday,33.33333333333333,Unhealthy for Sensitive Groups
10,16,8,414,18,70,83433,49214,1,30,8,Saturday,33.33333333333333,Unhealthy for Sensitive Groups
12,17,9,415,18,70,83478,54877,2,30,8,Saturday,40.0,Unhealthy for Sensitive Groups
14,20,11,414,18,71,83538,64035,3,30,8,Saturday,46.666666666666664,Unhealthy for Sensitive Groups
16,24,12,413,18,70,83611,73409,4,30,8,Saturday,53.333333333333336,Unhealthy
13,20,10,411,18,68,83670,62060,5,30,8,Saturday,43.333333333333336,Unhealthy for Sensitive Groups
14,21,11,409,19,65,83717,64254,6,30,8,Saturday,46.666666666666664,Unhealthy for Sensitive Groups
14,21,11,407,21,57,83705,65650,7,30,8,Saturday,46.666666666666664,Unhealthy for Sensitive Groups
17,26,13,406,24,49,83651,78895,8,30,8,Saturday,56.666666666666664,Unhealthy
14,21,11,404,26,42,83535,64064,9,30,8,Saturday,46.666666666666664,Unhealthy for Sensitive Groups
9,14,7,403,28,38,83421,44923,10,30,8,Saturday,30.0,Unhealthy for Sensitive Groups
7,11,6,404,28,33,83332,36307,11,30,8,Saturday,23.333333333333332,Moderate
7,11,6,405,28,30,83268,33263,12,30,8,Saturday,23.333333333333332,Moderate
7,12,6,405,27,28,83245,36063,13,30,8,Saturday,23.333333333333332,Moderate
7,13,6,407,26,31,83267,33633,14,30,8,Saturday,23.333333333333332,Moderate
9,16,7,414,24,35,83309,42835,15,30,8,Saturday,30.0,Unhealthy for Sensitive Groups
10,18,8,421,23,39,83397,46083,16,30,8,Saturday,33.33333333333333,Unhealthy for Sensitive Groups
16,27,12,426,22,43,83459,74801,17,30,8,Saturday,53.333333333333336,Unhealthy
13,21,10,424,21,43,83486,61120,18,30,8,Saturday,43.333333333333336,Unhealthy for Sensitive Groups
13,20,10,432,20,45,83515,59327,19,30,8,Saturday,43.333333333333336,Unhealthy for Sensitive Groups
13,20,10,439,19,50,83546,60084,20,30,8,Saturday,43.333333333333336,Unhealthy for Sensitive Groups
13,21,11,434,18,53,83514,62096,21,30,8,Saturday,43.333333333333336,Unhealthy for Sensitive Groups
13,21,10,447,18,57,83479,61988,22,30,8,Saturday,43.333333333333336,Unhealthy for Sensitive Groups
15,24,12,462,17,59,83467,71697,23,30,8,Saturday,50.0,Unhealthy
18,28,14,471,17,61,83456,82769,0,31,8,Sunday,60.0,Unhealthy
18,28,14,482,17,62,83497,84170,1,31,8,Sunday,60.0,Unhealthy
20,30,15,484,16,63,83528,90779,2,31,8,Sunday,66.66666666666666,Unhealthy
19,28,15,488,16,64,83573,86113,3,31,8,Sunday,63.33333333333333,Unhealthy
21,31,16,465,17,65,83655,98924,4,31,8,Sunday,70.0,Unhealthy
25,38,18,418,19,63,83731,121281,5,31,8,Sunday,83.33333333333334,Unhealthy
14,21,11,409,21,55,83759,64787,6,31,8,Sunday,46.666666666666664,Unhealthy for Sensitive Groups
9,13,7,406,23,49,83722,41528,7,31,8,Sunday,30.0,Unhealthy for Sensitive Groups
7,11,5,403,24,45,83629,33276,8,31,8,Sunday,23.333333333333332,Moderate
5,8,4,401,25,44,83544,24484,9,31,8,Sunday,16.666666666666664,Moderate
5,9,4,401,26,41,83436,25239,10,31,8,Sunday,16.666666666666664,Moderate
5,8,4,401,26,40,83346,24975,11,31,8,Sunday,16.666666666666664,Moderate
4,7,3,402,26,40,83288,22524,12,31,8,Sunday,13.333333333333334,Good
5,7,4,401,25,41,83266,23145,13,31,8,Sunday,16.666666666666664,Moderate
4,6,3,403,25,43,83282,20895,14,31,8,Sunday,13.333333333333334,Good
6,10,5,412,24,44,83317,27302,15,31,8,Sunday,20.0,Moderate
8,15,7,416,23,46,83361,39031,16,31,8,Sunday,26.666666666666668,Moderate
11,19,9,414,22,50,83447,52443,17,31,8,Sunday,36.666666666666664,Unhealthy for Sensitive Groups
8,13,6,414,22,55,83499,38645,18,31,8,Sunday,26.666666666666668,Moderate
7,13,6,414,21,62,83564,34616,19,31,8,Sunday,23.333333333333332,Moderate
8,13,6,416,21,63,83555,40096,20,31,8,Sunday,26.666666666666668,Moderate
9,14,7,415,20,64,83522,42169,21,31,8,Sunday,30.0,Unhealthy for Sensitive Groups
11,17,9,419,19,66,83463,52506,22,31,8,Sunday,36.666666666666664,Unhealthy for Sensitive Groups
8,12,6,413,19,67,83435,38225,23,31,8,Sunday,26.666666666666668,Moderate
11,17,9,413,18,68,83446,53150,0,1,9,Monday,36.666666666666664,Unhealthy for Sensitive Groups
10,15,8,413,18,68,83471,46846,1,1,9,Monday,33.33333333333333,Unhealthy for Sensitive Groups
11,16,9,416,18,68,83492,50729,2,1,9,Monday,36.666666666666664,Unhealthy for Sensitive Groups
15,22,12,418,18,68,83549,69218,3,1,9,Monday,50.0,Unhealthy
20,30,15,416,19,67,83604,92988,4,1,9,Monday,66.66666666666666,Unhealthy
20,30,15,411,21,60,83642,91625,5,1,9,Monday,66.66666666666666,Unhealthy
21,32,15,411,23,54,83644,103267,6,1,9,Monday,70.0,Unhealthy
23,35,17,411,26,46,83601,114513,7,1,9,Monday,76.66666666666667,Unhealthy
23,36,17,407,27,43,83526,116210,8,1,9,Monday,76.66666666666667,Unhealthy
21,33,15,404,26,42,83426,104557,9,1,9,Monday,70.0,Unhealthy
16,25,12,405,27,41,83344,75962,10,1,9,Monday,53.333333333333336,Unhealthy
11,17,9,402,27,40,83262,51639,11,1,9,Monday,36.666666666666664,Unhealthy for Sensitive Groups
10,15,8,402,27,40,83203,46503,12,1,9,Monday,33.33333333333333,Unhealthy for Sensitive Groups
14,22,10,403,27,40,83169,62153,13,1,9,Monday,46.666666666666664,Unhealthy for Sensitive Groups
13,21,10,405,26,42,83189,58057,14,1,9,Monday,43.333333333333336,Unhealthy for Sensitive Groups
14,22,11,416,25,46,83213,65145,15,1,9,Monday,46.666666666666664,Unhealthy for Sensitive Groups
25,39,18,424,24,48,83269,117180,16,1,9,Monday,83.33333333333334,Unhealthy
19,30,14,419,23,45,83329,87422,17,1,9,Monday,63.33333333333333,Unhealthy
15,22,11,424,22,48,83360,68270,18,1,9,Monday,50.0,Unhealthy
14,21,11,420,21,49,83388,63322,19,1,9,Monday,46.666666666666664,Unhealthy for Sensitive Groups
13,19,10,427,20,53,83384,59435,20,1,9,Monday,43.333333333333336,Unhealthy for Sensitive Groups
14,22,11,440,19,56,83351,67031,21,1,9,Monday,46.666666666666664,Unhealthy for Sensitive Groups
16,24,13,448,18,58,83318,74886,22,1,9,Monday,53.333333333333336,Unhealthy
23,35,17,459,18,60,83283,109356,23,1,9,Monday,76.66666666666667,Unhealthy
21,33,16,469,18,62,83284,105370,0,2,9,Tuesday,70.0,Unhealthy
20,30,15,450,18,62,83330,97264,1,2,9,Tuesday,66.66666666666666,Unhealthy
20,30,15,429,18,64,83381,95186,2,2,9,Tuesday,66.66666666666666,Unhealthy
21,32,16,424,18,65,83418,103884,3,2,9,Tuesday,70.0,Unhealthy
22,34,17,418,18,68,83491,113283,4,2,9,Tuesday,73.33333333333333,Unhealthy
21,33,16,414,18,67,83552,107580,5,2,9,Tuesday,70.0,Unhealthy
22,34,16,411,19,63,83585,112051,6,2,9,Tuesday,73.33333333333333,Unhealthy
28,43,21,410,22,55,83559,142557,7,2,9,Tuesday,93.33333333333333,Unhealthy
50,77,39,409,25,48,83480,279465,8,2,9,Tuesday,166.66666666666669,Very Unhealthy
48,74,38,410,27,42,83371,264768,9,2,9,Tuesday,160.0,Very Unhealthy
30,46,22,404,27,40,83252,151744,10,2,9,Tuesday,100.0,Very Unhealthy
19,28,14,402,28,39,83150,88397,11,2,9,Tuesday,63.33333333333333,Unhealthy
17,25,13,402,27,39,83067,79290,12,2,9,Tuesday,56.666666666666664,Unhealthy
15,23,12,403,27,39,83051,70889,13,2,9,Tuesday,50.0,Unhealthy
17,26,13,407,25,43,83096,79626,14,2,9,Tuesday,56.666666666666664,Unhealthy
21,33,15,410,24,46,83170,102067,15,2,9,Tuesday,70.0,Unhealthy
21,33,15,412,23,48,83246,106288,16,2,9,Tuesday,70.0,Unhealthy
21,32,15,413,23,49,83295,104380,17,2,9,Tuesday,70.0,Unhealthy
20,31,15,412,22,49,83352,97679,18,2,9,Tuesday,66.66666666666666,Unhealthy
19,29,15,412,21,51,83427,91590,19,2,9,Tuesday,63.33333333333333,Unhealthy
19,29,14,413,20,54,83449,86319,20,2,9,Tuesday,63.33333333333333,Unhealthy
17,26,14,414,20,53,83400,80038,21,2,9,Tuesday,56.666666666666664,Unhealthy
16,24,13,416,19,55,83348,75193,22,2,9,Tuesday,53.333333333333336,Unhealthy
17,26,13,420,19,56,83312,80075,23,2,9,Tuesday,56.666666666666664,Unhealthy
26,40,20,420,19,56,83328,129050,0,3,9,Wednesday,86.66666666666667,Unhealthy
23,35,17,424,18,58,83372,113079,1,3,9,Wednesday,76.66666666666667,Unhealthy
17,26,14,421,19,57,83403,80274,2,3,9,Wednesday,56.666666666666664,Unhealthy
17,26,14,423,18,58,83445,81012,3,3,9,Wednesday,56.666666666666664,Unhealthy
20,31,15,421,19,58,83506,99051,4,3,9,Wednesday,66.66666666666666,Unhealthy
26,40,18,420,20,54,83577,125835,5,3,9,Wednesday,86.66666666666667,Unhealthy
26,40,19,415,23,49,83585,132877,6,3,9,Wednesday,86.66666666666667,Unhealthy
43,66,33,414,24,45,83562,226381,7,3,9,Wednesday,143.33333333333334,Very Unhealthy
34,53,26,410,25,43,83504,176550,8,3,9,Wednesday,113.33333333333333,Very Unhealthy
27,42,19,405,25,41,83421,134726,9,3,9,Wednesday,90.0,Unhealthy
24,37,18,405,26,41,83324,121162,10,3,9,Wednesday,80.0,Unhealthy
23,35,16,404,27,39,83235,113278,11,3,9,Wednesday,76.66666666666667,Unhealthy
20,30,15,402,27,40,83173,95306,12,3,9,Wednesday,66.66666666666666,Unhealthy
20,31,15,403,26,42,83145,97436,13,3,9,Wednesday,66.66666666666666,Unhealthy
20,31,15,407,26,44,83157,97038,14,3,9,Wednesday,66.66666666666666,Unhealthy
22,34,15,413,25,45,83191,105659,15,3,9,Wednesday,73.33333333333333,Unhealthy
22,34,16,416,24,44,83224,109353,16,3,9,Wednesday,73.33333333333333,Unhealthy
21,32,15,416,23,44,83288,101690,17,3,9,Wednesday,70.0,Unhealthy
16,25,13,412,22,47,83343,76319,18,3,9,Wednesday,53.333333333333336,Unhealthy
16,24,13,413,21,52,83398,74082,19,3,9,Wednesday,53.333333333333336,Unhealthy
16,24,13,415,20,56,83390,75090,20,3,9,Wednesday,53.333333333333336,Unhealthy
15,23,12,418,19,58,83348,71084,21,3,9,Wednesday,50.0,Unhealthy
14,21,11,423,19,60,83297,65749,22,3,9,Wednesday,46.666666666666664,Unhealthy for Sensitive Groups
15,23,12,431,18,62,83240,71289,23,3,9,Wednesday,50.0,Unhealthy
15,24,12,443,18,63,83245,72591,0,4,9,Thursday,50.0,Unhealthy
16,25,13,442,17,64,83259,76220,1,4,9,Thursday,53.333333333333336,Unhealthy
17,25,13,439,17,65,83296,78981,2,4,9,Thursday,56.666666666666664,Unhealthy
19,29,15,416,17,67,83327,91203,3,4,9,Thursday,63.33333333333333,Unhealthy
16,25,13,414,17,67,83381,75358,4,4,9,Thursday,53.333333333333336,Unhealthy
19,28,15,412,18,66,83435,87032,5,4,9,Thursday,63.33333333333333,Unhealthy
21,31,16,413,19,64,83470,100008,6,4,9,Thursday,70.0,Unhealthy
53,82,41,412,20,62,83492,291830,7,4,9,Thursday,176.66666666666666,Very Unhealthy
80,125,62,417,22,58,83435,461908,8,4,9,Thursday,266.66666666666663,Hazardous
66,102,51,412,25,51,83317,371941,9,4,9,Thursday,220.00000000000003,Hazardous
54,83,42,408,26,46,83229,293378,10,4,9,Thursday,180.0,Very Unhealthy
35,55,25,405,26,45,83138,170791,11,4,9,Thursday,116.66666666666667,Very Unhealthy
27,42,19,403,25,45,83091,128477,12,4,9,Thursday,90.0,Unhealthy
23,37,17,403,26,44,83059,114520,13,4,9,Thursday,76.66666666666667,Unhealthy
22,35,15,404,25,46,83100,106936,14,4,9,Thursday,73.33333333333333,Unhealthy
25,39,18,410,24,50,83155,121990,15,4,9,Thursday,83.33333333333334,Unhealthy
21,34,15,411,22,54,83238,103104,16,4,9,Thursday,70.0,Unhealthy
19,29,15,412,21,56,83319,90295,17,4,9,Thursday,63.33333333333333,Unhealthy
19,29,15,413,21,57,83367,91665,18,4,9,Thursday,63.33333333333333,Unhealthy
20,30,15,417,21,57,83404,93043,19,4,9,Thursday,66.66666666666666,Unhealthy
18,27,14,421,20,59,83403,84431,20,4,9,Thursday,60.0,Unhealthy
17,26,14,429,20,62,83355,81075,21,4,9,Thursday,56.666666666666664,Unhealthy
17,26,14,420,19,63,83292,80053,22,4,9,Thursday,56.666666666666664,Unhealthy
18,27,14,422,20,62,83263,83415,23,4,9,Thursday,60.0,Unhealthy
20,30,15,424,19,63,83221,94295,0,5,9,Friday,66.66666666666666,Unhealthy
20,30,15,435,19,64,83224,95319,1,5,9,Friday,66.66666666666666,Unhealthy
20,31,15,443,18,65,83262,99147,2,5,9,Friday,66.66666666666666,Unhealthy
20,31,15,419,18,67,83306,99038,3,5,9,Friday,66.66666666666666,Unhealthy
24,37,18,417,18,65,83385,119214,4,5,9,Friday,80.0,Unhealthy
23,35,17,411,20,60,83446,115765,5,5,9,Friday,76.66666666666667,Unhealthy
25,39,19,410,22,56,83505,127396,6,5,9,Friday,83.33333333333334,Unhealthy
23,35,17,408,24,51,83482,115067,7,5,9,Friday,76.66666666666667,Unhealthy
21,33,16,405,26,46,83416,106326,8,5,9,Friday,70.0,Unhealthy
20,30,15,403,27,43,83330,94379,9,5,9,Friday,66.66666666666666,Unhealthy
19,29,15,404,28,40,83223,89726,10,5,9,Friday,63.33333333333333,Unhealthy
19,29,15,403,27,41,83141,89822,11,5,9,Friday,63.33333333333333,Unhealthy
19,29,15,404,27,41,83093,88748,12,5,9,Friday,63.33333333333333,Unhealthy
18,28,14,404,26,43,83106,87131,13,5,9,Friday,60.0,Unhealthy
20,31,15,408,25,44,83121,95200,14,5,9,Friday,66.66666666666666,Unhealthy
21,32,15,415,24,46,83158,99415,15,5,9,Friday,70.0,Unhealthy
22,35,16,419,24,46,83209,108348,16,5,9,Friday,73.33333333333333,Unhealthy
21,33,16,418,23,45,83292,98560,17,5,9,Friday,70.0,Unhealthy
20,31,14,427,23,48,83349,97185,18,5,9,Friday,66.66666666666666,Unhealthy
20,31,15,429,22,51,83396,95947,19,5,9,Friday,66.66666666666666,Unhealthy
16,25,13,431,20,53,83382,76973,20,5,9,Friday,53.333333333333336,Unhealthy
17,25,14,439,19,56,83340,78386,21,5,9,Friday,56.666666666666664,Unhealthy
20,30,15,450,19,58,83289,94659,22,5,9,Friday,66.66666666666666,Unhealthy
21,32,16,460,18,60,83264,104594,23,5,9,Friday,70.0,Unhealthy
22,34,17,462,17,61,83236,111136,0,6,9,Saturday,73.33333333333333,Unhealthy
23,34,17,463,17,62,83275,111203,1,6,9,Saturday,76.66666666666667,Unhealthy
25,38,19,472,16,62,83328,120762,2,6,9,Saturday,83.33333333333334,Unhealthy
47,74,35,479,16,63,83393,224699,3,6,9,Saturday,156.66666666666666,Very Unhealthy
29,44,22,470,19,57,83461,145321,4,6,9,Saturday,96.66666666666667,Unhealthy
20,31,15,424,22,52,83498,96710,5,6,9,Saturday,66.66666666666666,Unhealthy
37,58,28,422,24,46,83503,188093,6,6,9,Saturday,123.33333333333334,Very Unhealthy
34,53,25,415,26,41,83491,169562,7,6,9,Saturday,113.33333333333333,Very Unhealthy
22,34,16,407,28,38,83417,103302,8,6,9,Saturday,73.33333333333333,Unhealthy
21,32,15,406,30,35,83315,100962,9,6,9,Saturday,70.0,Unhealthy
20,31,15,405,30,32,83216,93595,10,6,9,Saturday,66.66666666666666,Unhealthy
20,30,15,405,29,34,83147,91986,11,6,9,Saturday,66.66666666666666,Unhealthy
21,34,15,405,29,36,83105,100450,12,6,9,Saturday,70.0,Unhealthy
34,52,25,412,27,42,83127,168497,13,6,9,Saturday,113.33333333333333,Very Unhealthy
34,52,26,419,26,47,83149,169969,14,6,9,Saturday,113.33333333333333,Very Unhealthy
42,64,32,423,25,49,83191,211331,15,6,9,Saturday,140.0,Very Unhealthy
41,63,31,425,24,51,83258,205713,16,6,9,Saturday,136.66666666666666,Very Unhealthy
40,62,31,428,23,55,83313,204232,17,6,9,Saturday,133.33333333333331,Very Unhealthy
23,35,17,419,22,48,83382,108239,18,6,9,Saturday,76.66666666666667,Unhealthy
15,22,12,417,21,48,83437,68931,19,6,9,Saturday,50.0,Unhealthy
14,21,10,415,20,52,83475,63260,20,6,9,Saturday,46.666666666666664,Unhealthy for Sensitive Groups
14,21,10,419,20,54,83416,63900,21,6,9,Saturday,46.666666666666664,Unhealthy for Sensitive Groups
14,21,11,431,19,57,83361,65892,22,6,9,Saturday,46.666666666666664,Unhealthy for Sensitive Groups
15,22,11,440,18,59,83351,68828,23,6,9,Saturday,50.0,Unhealthy
16,25,13,447,17,61,83372,76444,0,7,9,Sunday,53.333333333333336,Unhealthy
18,27,14,455,17,62,83415,85068,1,7,9,Sunday,60.0,Unhealthy
19,29,15,464,17,63,83472,91038,2,7,9,Sunday,63.33333333333333,Unhealthy
19,29,15,450,18,63,83522,90770,3,7,9,Sunday,63.33333333333333,Unhealthy
15,23,12,422,18,63,83597,70435,4,7,9,Sunday,50.0,Unhealthy
19,30,15,416,19,59,83649,95872,5,7,9,Sunday,63.33333333333333,Unhealthy
19,29,15,410,23,51,83676,90020,6,7,9,Sunday,63.33333333333333,Unhealthy
22,34,16,409,25,45,83656,108222,7,7,9,Sunday,73.33333333333333,Unhealthy
24,37,18,408,27,41,83580,119987,8,7,9,Sunday,80.0,Unhealthy
28,43,20,408,27,39,83476,134440,9,7,9,Sunday,93.33333333333333,Unhealthy
23,37,17,407,28,37,83363,113109,10,7,9,Sunday,76.66666666666667,Unhealthy
21,33,15,406,29,35,83261,97233,11,7,9,Sunday,70.0,Unhealthy
21,33,15,406,28,38,83205,100163,12,7,9,Sunday,70.0,Unhealthy
19,30,15,408,26,40,83186,91566,13,7,9,Sunday,63.33333333333333,Unhealthy
17,27,14,409,25,40,83208,80936,14,7,9,Sunday,56.666666666666664,Unhealthy
16,24,12,412,24,41,83257,72568,15,7,9,Sunday,53.333333333333336,Unhealthy
23,35,16,413,23,42,83323,106208,16,7,9,Sunday,76.66666666666667,Unhealthy
25,39,18,416,22,44,83377,114199,17,7,9,Sunday,83.33333333333334,Unhealthy
15,23,12,415,21,49,83434,70535,18,7,9,Sunday,50.0,Unhealthy
14,22,11,415,20,53,83513,67541,19,7,9,Sunday,46.666666666666664,Unhealthy for Sensitive Groups
14,21,11,417,20,56,83504,65457,20,7,9,Sunday,46.666666666666664,Unhealthy for Sensitive Groups
14,22,11,414,20,58,83450,66864,21,7,9,Sunday,46.666666666666664,Unhealthy for Sensitive Groups
15,22,11,414,19,59,83390,68212,22,7,9,Sunday,50.0,Unhealthy
15,22,11,421,19,62,83340,69158,23,7,9,Sunday,50.0,Unhealthy
15,23,12,419,19,63,83330,71616,0,8,9,Monday,50.0,Unhealthy
16,24,13,418,19,64,83345,75132,1,8,9,Monday,53.333333333333336,Unhealthy
16,24,13,424,18,64,83374,75990,2,8,9,Monday,53.333333333333336,Unhealthy
17,26,13,435,18,65,83424,76999,3,8,9,Monday,56.666666666666664,Unhealthy
19,29,15,422,18,66,83481,91561,4,8,9,Monday,63.33333333333333,Unhealthy
28,43,21,413,20,63,83543,141769,5,8,9,Monday,93.33333333333333,Unhealthy
22,34,17,418,22,57,83576,110315,6,8,9,Monday,73.33333333333333,Unhealthy
24,37,18,411,23,54,83586,121128,7,8,9,Monday,80.0,Unhealthy
53,81,41,411,24,49,83518,294811,8,8,9,Monday,176.66666666666666,Very Unhealthy
50,77,38,414,27,44,83438,267919,9,8,9,Monday,166.66666666666669,Very Unhealthy
35,55,26,409,28,40,83327,175492,10,8,9,Monday,116.66666666666667,Very Unhealthy
26,40,19,405,28,37,83233,128277,11,8,9,Monday,86.66666666666667,Unhealthy
20,31,15,404,28,37,83160,97686,12,8,9,Monday,66.66666666666666,Unhealthy
19,29,15,404,28,36,83146,88564,13,8,9,Monday,63.33333333333333,Unhealthy
17,26,14,406,26,38,83155,80993,14,8,9,Monday,56.666666666666664,Unhealthy
18,28,14,412,25,40,83191,84187,15,8,9,Monday,60.0,Unhealthy
27,44,19,417,24,42,83259,126718,16,8,9,Monday,90.0,Unhealthy
22,35,17,418,23,45,83302,104402,17,8,9,Monday,73.33333333333333,Unhealthy
16,25,13,425,22,51,83376,76544,18,8,9,Monday,53.333333333333336,Unhealthy
14,22,11,422,22,54,83423,66691,19,8,9,Monday,46.666666666666664,Unhealthy for Sensitive Groups
11,16,9,418,21,57,83431,50980,20,8,9,Monday,36.666666666666664,Unhealthy for Sensitive Groups
7,10,5,414,20,66,83380,32833,21,8,9,Monday,23.333333333333332,Moderate
7,12,6,418,20,66,83333,35975,22,8,9,Monday,23.333333333333332,Moderate
8,12,6,419,21,66,83291,38103,23,8,9,Monday,26.666666666666668,Moderate
6,9,5,417,20,69,83290,30279,0,9,9,Tuesday,20.0,Moderate
6,9,5,416,20,69,83317,28908,1,9,9,Tuesday,20.0,Moderate
8,12,6,419,20,69,83362,38311,2,9,9,Tuesday,26.666666666666668,Moderate
11,17,9,423,20,70,83414,51308,3,9,9,Tuesday,36.666666666666664,Unhealthy for Sensitive Groups
16,27,12,425,20,70,83483,70118,4,9,9,Tuesday,53.333333333333336,Unhealthy
20,31,15,425,20,70,83556,94421,5,9,9,Tuesday,66.66666666666666,Unhealthy
21,32,15,414,22,63,83592,99006,6,9,9,Tuesday,70.0,Unhealthy
20,30,14,408,25,53,83574,96687,7,9,9,Tuesday,66.66666666666666,Unhealthy
21,32,15,408,27,47,83511,102235,8,9,9,Tuesday,70.0,Unhealthy
21,32,15,407,27,44,83420,103572,9,9,9,Tuesday,70.0,Unhealthy
19,31,14,406,28,41,83318,85628,10,9,9,Tuesday,63.33333333333333,Unhealthy
17,28,13,405,28,41,83216,78350,11,9,9,Tuesday,56.666666666666664,Unhealthy
14,24,10,404,27,44,83172,62466,12,9,9,Tuesday,46.666666666666664,Unhealthy for Sensitive Groups
12,20,9,407,25,47,83184,52881,13,9,9,Tuesday,40.0,Unhealthy for Sensitive Groups
11,19,9,408,25,47,83197,51840,14,9,9,Tuesday,36.666666666666664,Unhealthy for Sensitive Groups
11,18,9,410,24,48,83244,53059,15,9,9,Tuesday,36.666666666666664,Unhealthy for Sensitive Groups
14,23,11,413,23,50,83308,61866,16,9,9,Tuesday,46.666666666666664,Unhealthy for Sensitive Groups
12,20,10,415,23,51,83386,56451,17,9,9,Tuesday,40.0,Unhealthy for Sensitive Groups
15,23,12,419,23,50,83464,67227,18,9,9,Tuesday,50.0,Unhealthy
7,12,6,420,22,52,83522,34770,19,9,9,Tuesday,23.333333333333332,Moderate
6,10,5,419,22,55,83518,29566,20,9,9,Tuesday,20.0,Moderate
4,6,3,417,22,58,83482,19243,21,9,9,Tuesday,13.333333333333334,Good
4,6,3,416,21,61,83460,18236,22,9,9,Tuesday,13.333333333333334,Good
5,7,4,414,20,62,83426,22319,23,9,9,Tuesday,16.666666666666664,Moderate
5,8,4,420,20,63,83406,23817,0,10,9,Wednesday,16.666666666666664,Moderate
5,8,4,433,20,64,83426,25046,1,10,9,Wednesday,16.666666666666664,Moderate
5,8,4,442,19,65,83456,26282,2,10,9,Wednesday,16.666666666666664,Moderate
7,11,5,437,19,67,83490,31751,3,10,9,Wednesday,23.333333333333332,Moderate
11,17,9,423,20,66,83539,50933,4,10,9,Wednesday,36.666666666666664,Unhealthy for Sensitive Groups
10,16,8,416,21,63,83579,48996,5,10,9,Wednesday,33.33333333333333,Unhealthy for Sensitive Groups
9,14,7,414,24,55,83565,42785,6,10,9,Wednesday,30.0,Unhealthy for Sensitive Groups
8,12,6,409,25,50,83547,37279,7,10,9,Wednesday,26.666666666666668,Moderate
7,11,6,409,26,47,83495,34573,8,10,9,Wednesday,23.333333333333332,Moderate
10,16,8,407,28,42,83403,47446,9,10,9,Wednesday,33.33333333333333,Unhealthy for Sensitive Groups
10,16,8,406,28,41,83296,47203,10,10,9,Wednesday,33.33333333333333,Unhealthy for Sensitive Groups
9,15,7,407,28,41,83209,43803,11,10,9,Wednesday,30.0,Unhealthy for Sensitive Groups
9,14,7,405,29,38,83150,41733,12,10,9,Wednesday,30.0,Unhealthy for Sensitive Groups
8,14,6,407,28,39,83130,37091,13,10,9,Wednesday,26.666666666666668,Moderate
11,18,9,410,26,45,83176,51995,14,10,9,Wednesday,36.666666666666664,Unhealthy for Sensitive Groups
13,21,10,416,24,54,83226,60296,15,10,9,Wednesday,43.333333333333336,Unhealthy for Sensitive Groups
14,21,11,416,24,53,83271,64508,16,10,9,Wednesday,46.666666666666664,Unhealthy for Sensitive Groups
10,16,8,416,24,55,83326,49213,17,10,9,Wednesday,33.33333333333333,Unhealthy for Sensitive Groups
12,18,10,417,23,57,83389,54422,18,10,9,Wednesday,40.0,Unhealthy for Sensitive Groups
12,19,10,418,22,61,83450,58436,19,10,9,Wednesday,40.0,Unhealthy for Sensitive Groups
11,17,9,416,21,62,83449,51363,20,10,9,Wednesday,36.666666666666664,Unhealthy for Sensitive Groups
11,17,9,419,21,63,83397,53148,21,10,9,Wednesday,36.666666666666664,Unhealthy for Sensitive Groups
11,17,9,417,20,64,83384,51650,22,10,9,Wednesday,36.666666666666664,Unhealthy for Sensitive Groups
11,16,8,416,20,65,83362,49534,23,10,9,Wednesday,36.666666666666664,Unhealthy for Sensitive Groups
11,17,9,416,20,65,83365,50855,0,11,9,Thursday,36.666666666666664,Unhealthy for Sensitive Groups
12,19,10,417,20,67,83382,57878,1,11,9,Thursday,40.0,Unhealthy for Sensitive Groups
15,22,12,417,20,67,83399,67908,2,11,9,Thursday,50.0,Unhealthy
17,26,14,416,19,67,83454,82079,3,11,9,Thursday,56.666666666666664,Unhealthy
19,29,15,414,19,67,83500,89690,4,11,9,Thursday,63.33333333333333,Unhealthy
29,46,21,414,20,65,83557,134013,5,11,9,Thursday,96.66666666666667,Unhealthy
40,62,29,416,21,66,83600,196812,6,11,9,Thursday,133.33333333333331,Very Unhealthy
39,61,29,415,22,62,83594,190683,7,11,9,Thursday,130.0,Very Unhealthy
33,53,24,409,24,52,83529,163824,8,11,9,Thursday,110.00000000000001,Very Unhealthy
20,31,15,407,26,44,83440,95621,9,11,9,Thursday,66.66666666666666,Unhealthy
11,17,9,406,27,41,83352,53507,10,11,9,Thursday,36.666666666666664,Unhealthy for Sensitive Groups
11,17,9,404,27,39,83263,53594,11,11,9,Thursday,36.666666666666664,Unhealthy for Sensitive Groups
11,16,8,404,28,37,83184,49986,12,11,9,Thursday,36.666666666666664,Unhealthy for Sensitive Groups
14,22,11,408,26,45,83183,66353,13,11,9,Thursday,46.666666666666664,Unhealthy for Sensitive Groups
13,20,10,407,25,45,83200,61929,14,11,9,Thursday,43.333333333333336,Unhealthy for Sensitive Groups
15,23,12,411,24,47,83239,68915,15,11,9,Thursday,50.0,Unhealthy
16,25,13,414,23,48,83282,75157,16,11,9,Thursday,53.333333333333336,Unhealthy
16,25,13,414,22,49,83326,75565,17,11,9,Thursday,53.333333333333336,Unhealthy
15,23,12,414,22,50,83374,71338,18,11,9,Thursday,50.0,Unhealthy
13,20,10,417,21,53,83440,61178,19,11,9,Thursday,43.333333333333336,Unhealthy for Sensitive Groups
13,20,10,421,20,56,83469,60301,20,11,9,Thursday,43.333333333333336,Unhealthy for Sensitive Groups
11,17,9,422,20,58,83441,51381,21,11,9,Thursday,36.666666666666664,Unhealthy for Sensitive Groups
11,17,9,425,19,61,83402,50709,22,11,9,Thursday,36.666666666666664,Unhealthy for Sensitive Groups
13,20,10,437,19,63,83365,61125,23,11,9,Thursday,43.333333333333336,Unhealthy for Sensitive Groups
12,17,9,434,19,63,83338,53955,0,12,9,Friday,40.0,Unhealthy for Sensitive Groups
9,14,7,421,19,64,83358,44424,1,12,9,Friday,30.0,Unhealthy for Sensitive Groups
8,13,6,418,18,66,83394,39515,2,12,9,Friday,26.666666666666668,Moderate
10,15,8,415,18,67,83431,45480,3,12,9,Friday,33.33333333333333,Unhealthy for Sensitive Groups
16,24,12,414,19,66,83491,73960,4,12,9,Friday,53.333333333333336,Unhealthy
24,37,18,415,19,66,83545,117302,5,12,9,Friday,80.0,Unhealthy
26,41,19,412,20,63,83580,129336,6,12,9,Friday,86.66666666666667,Unhealthy
24,36,17,409,22,57,83559,115194,7,12,9,Friday,80.0,Unhealthy
25,39,19,406,25,50,83487,125667,8,12,9,Friday,83.33333333333334,Unhealthy
26,40,19,405,27,44,83389,128456,9,12,9,Friday,86.66666666666667,Unhealthy
21,33,15,404,28,41,83277,96409,10,12,9,Friday,70.0,Unhealthy
13,21,11,403,28,37,83165,62225,11,12,9,Friday,43.333333333333336,Unhealthy for Sensitive Groups
12,19,10,403,28,35,83107,57403,12,12,9,Friday,40.0,Unhealthy for Sensitive Groups
14,23,10,403,28,37,83107,61152,13,12,9,Friday,46.666666666666664,Unhealthy for Sensitive Groups
14,22,11,405,26,43,83130,64325,14,12,9,Friday,46.666666666666664,Unhealthy for Sensitive Groups
13,21,10,408,24,46,83196,61207,15,12,9,Friday,43.333333333333336,Unhealthy for Sensitive Groups
12,19,9,412,23,47,83276,56258,16,12,9,Friday,40.0,Unhealthy for Sensitive Groups
10,16,8,412,23,47,83353,48925,17,12,9,Friday,33.33333333333333,Unhealthy for Sensitive Groups
11,17,9,413,22,48,83417,51313,18,12,9,Friday,36.666666666666664,Unhealthy for Sensitive Groups
7,10,6,412,21,53,83447,31864,19,12,9,Friday,23.333333333333332,Moderate
5,9,4,417,20,56,83441,26782,20,12,9,Friday,16.666666666666664,Moderate
6,9,5,425,20,58,83392,29505,21,12,9,Friday,20.0,Moderate
7,10,6,433,19,61,83345,31821,22,12,9,Friday,23.333333333333332,Moderate
7,11,6,437,18,62,83311,32786,23,12,9,Friday,23.333333333333332,Moderate
9,13,7,438,18,63,83303,40853,0,13,9,Saturday,30.0,Unhealthy for Sensitive Groups
12,18,10,444,18,65,83329,55586,1,13,9,Saturday,40.0,Unhealthy for Sensitive Groups
13,20,10,431,18,66,83359,60769,2,13,9,Saturday,43.333333333333336,Unhealthy for Sensitive Groups
15,23,12,456,18,65,83393,69690,3,13,9,Saturday,50.0,Unhealthy
19,28,14,430,19,64,83447,88742,4,13,9,Saturday,63.33333333333333,Unhealthy
21,32,15,416,20,62,83502,102063,5,13,9,Saturday,70.0,Unhealthy
26,40,19,409,20,59,83548,127272,6,13,9,Saturday,86.66666666666667,Unhealthy
30,46,22,408,23,54,83542,151534,7,13,9,Saturday,100.0,Very Unhealthy
32,49,24,407,26,46,83469,159874,8,13,9,Saturday,106.66666666666667,Very Unhealthy
36,56,26,406,28,42,83376,175511,9,13,9,Saturday,120.0,Very Unhealthy
27,42,20,404,29,40,83267,128486,10,13,9,Saturday,90.0,Unhealthy
13,20,10,403,29,37,83145,58876,11,13,9,Saturday,43.333333333333336,Unhealthy for Sensitive Groups
10,17,8,402,29,36,83066,48970,12,13,9,Saturday,33.33333333333333,Unhealthy for Sensitive Groups
13,23,10,403,28,36,83047,58150,13,13,9,Saturday,43.333333333333336,Unhealthy for Sensitive Groups
16,28,12,404,27,41,83059,70442,14,13,9,Saturday,53.333333333333336,Unhealthy
17,27,13,408,25,46,83096,80674,15,13,9,Saturday,56.666666666666664,Unhealthy
24,37,18,411,24,53,83170,117039,16,13,9,Saturday,80.0,Unhealthy
28,43,21,414,24,54,83265,137327,17,13,9,Saturday,93.33333333333333,Unhealthy
16,25,13,417,23,45,83323,75318,18,13,9,Saturday,53.333333333333336,Unhealthy
12,18,9,419,22,45,83367,54864,19,13,9,Saturday,40.0,Unhealthy for Sensitive Groups
10,15,8,423,21,49,83377,45258,20,13,9,Saturday,33.33333333333333,Unhealthy for Sensitive Groups
10,15,8,435,20,53,83326,46921,21,13,9,Saturday,33.33333333333333,Unhealthy for Sensitive Groups
13,20,10,439,19,56,83266,59147,22,13,9,Saturday,43.333333333333336,Unhealthy for Sensitive Groups
16,24,13,453,18,58,83235,74396,23,13,9,Saturday,53.333333333333336,Unhealthy
19,29,15,459,18,59,83224,87793,0,14,9,Sunday,63.33333333333333,Unhealthy
21,32,15,471,17,61,83261,100514,1,14,9,Sunday,70.0,Unhealthy
21,32,16,479,17,62,83297,103318,2,14,9,Sunday,70.0,Unhealthy
20,31,15,482,17,63,83355,99184,3,14,9,Sunday,66.66666666666666,Unhealthy
20,30,15,455,20,55,83404,96103,4,14,9,Sunday,66.66666666666666,Unhealthy
13,19,10,418,23,49,83455,58482,5,14,9,Sunday,43.333333333333336,Unhealthy for Sensitive Groups
12,19,10,410,25,44,83479,57636,6,14,9,Sunday,40.0,Unhealthy for Sensitive Groups
17,26,13,407,28,41,83420,80299,7,14,9,Sunday,56.666666666666664,Unhealthy
30,47,23,410,29,38,83350,149712,8,14,9,Sunday,100.0,Very Unhealthy
29,45,22,408,30,36,83249,143990,9,14,9,Sunday,96.66666666666667,Unhealthy
26,41,19,407,31,33,83141,125145,10,14,9,Sunday,86.66666666666667,Unhealthy
24,38,17,407,31,33,83049,110788,11,14,9,Sunday,80.0,Unhealthy
22,35,16,406,31,32,82984,100486,12,14,9,Sunday,73.33333333333333,Unhealthy
15,24,12,405,30,34,82959,70268,13,14,9,Sunday,50.0,Unhealthy
14,22,11,407,28,38,83002,64391,14,14,9,Sunday,46.666666666666664,Unhealthy for Sensitive Groups
13,20,10,410,26,41,83043,59577,15,14,9,Sunday,43.333333333333336,Unhealthy for Sensitive Groups
17,26,14,413,25,45,83105,79293,16,14,9,Sunday,56.666666666666664,Unhealthy
16,24,12,413,24,46,83206,73183,17,14,9,Sunday,53.333333333333336,Unhealthy
12,18,10,411,23,47,83271,55617,18,14,9,Sunday,40.0,Unhealthy for Sensitive Groups
11,17,9,412,22,49,83307,53179,19,14,9,Sunday,36.666666666666664,Unhealthy for Sensitive Groups
11,17,9,414,22,52,83287,50867,20,14,9,Sunday,36.666666666666664,Unhealthy for Sensitive Groups
11,17,9,415,21,55,83243,52439,21,14,9,Sunday,36.666666666666664,Unhealthy for Sensitive Groups
12,18,10,419,20,56,83192,55490,22,14,9,Sunday,40.0,Unhealthy for Sensitive Groups
13,19,10,431,19,59,83170,59143,23,14,9,Sunday,43.333333333333336,Unhealthy for Sensitive Groups
14,21,11,441,19,61,83138,63412,0,15,9,Monday,46.666666666666664,Unhealthy for Sensitive Groups
14,22,11,450,18,62,83122,67056,1,15,9,Monday,46.666666666666664,Unhealthy for Sensitive Groups
17,26,14,457,18,62,83146,80713,2,15,9,Monday,56.666666666666664,Unhealthy
21,33,15,461,18,63,83264,98784,3,15,9,Monday,70.0,Unhealthy
23,35,17,455,21,57,83348,109527,4,15,9,Monday,76.66666666666667,Unhealthy
22,34,16,424,23,54,83405,104899,5,15,9,Monday,73.33333333333333,Unhealthy
20,30,15,413,25,50,83446,96156,6,15,9,Monday,66.66666666666666,Unhealthy
16,25,13,406,27,45,83425,76435,7,15,9,Monday,53.333333333333336,Unhealthy
26,41,20,405,29,42,83325,127928,8,15,9,Monday,86.66666666666667,Unhealthy
36,57,26,408,30,39,83223,167731,9,15,9,Monday,120.0,Very Unhealthy
29,46,20,405,30,37,83129,135041,10,15,9,Monday,96.66666666666667,Unhealthy
22,35,16,404,30,35,83036,101982,11,15,9,Monday,73.33333333333333,Unhealthy
17,27,14,403,30,35,82960,79846,12,15,9,Monday,56.666666666666664,Unhealthy
18,29,13,406,27,40,82988,76169,13,15,9,Monday,60.0,Unhealthy
15,24,11,410,25,43,83038,63942,14,15,9,Monday,50.0,Unhealthy
14,21,10,416,25,45,83052,63213,15,15,9,Monday,46.666666666666664,Unhealthy for Sensitive Groups
23,36,17,427,24,48,83136,106526,16,15,9,Monday,76.66666666666667,Unhealthy
29,46,22,433,24,51,83205,138932,17,15,9,Monday,96.66666666666667,Unhealthy
26,40,19,423,23,52,83252,122340,18,15,9,Monday,86.66666666666667,Unhealthy
16,24,12,417,22,54,83311,73233,19,15,9,Monday,53.333333333333336,Unhealthy
11,17,9,413,21,56,83316,52784,20,15,9,Monday,36.666666666666664,Unhealthy for Sensitive Groups
10,16,8,416,21,57,83289,48430,21,15,9,Monday,33.33333333333333,Unhealthy for Sensitive Groups
11,17,9,426,20,59,83245,53586,22,15,9,Monday,36.666666666666664,Unhealthy for Sensitive Groups
12,18,10,432,20,62,83206,56438,23,15,9,Monday,40.0,Unhealthy for Sensitive Groups
14,22,11,447,19,63,83215,66548,0,16,9,Tuesday,46.666666666666664,Unhealthy for Sensitive Groups
15,23,12,447,19,63,83245,71278,1,16,9,Tuesday,50.0,Unhealthy
16,24,13,449,18,64,83266,73441,2,16,9,Tuesday,53.333333333333336,Unhealthy
18,27,14,463,18,64,83314,83685,3,16,9,Tuesday,60.0,Unhealthy
19,29,14,452,21,58,83376,92616,4,16,9,Tuesday,63.33333333333333,Unhealthy
19,30,15,415,24,55,83409,90818,5,16,9,Tuesday,63.33333333333333,Unhealthy
18,28,14,410,25,50,83422,86841,6,16,9,Tuesday,60.0,Unhealthy
16,25,13,406,28,45,83379,75845,7,16,9,Tuesday,53.333333333333336,Unhealthy
34,53,26,407,29,42,83294,171494,8,16,9,Tuesday,113.33333333333333,Very Unhealthy
49,78,37,409,30,39,83200,249821,9,16,9,Tuesday,163.33333333333334,Very Unhealthy
23,36,17,406,31,35,83103,106060,10,16,9,Tuesday,76.66666666666667,Unhealthy
19,29,15,406,31,30,82993,88492,11,16,9,Tuesday,63.33333333333333,Unhealthy
21,35,15,406,30,34,82952,95921,12,16,9,Tuesday,70.0,Unhealthy
18,29,14,407,28,39,82968,81832,13,16,9,Tuesday,60.0,Unhealthy
17,28,13,411,26,40,83019,76136,14,16,9,Tuesday,56.666666666666664,Unhealthy
21,33,15,414,25,44,83075,98670,15,16,9,Tuesday,70.0,Unhealthy
24,38,17,416,25,45,83135,115218,16,16,9,Tuesday,80.0,Unhealthy
23,35,17,415,24,45,83223,107265,17,16,9,Tuesday,76.66666666666667,Unhealthy
17,26,14,415,23,47,83281,81001,18,16,9,Tuesday,56.666666666666664,Unhealthy
15,23,12,414,22,49,83348,70225,19,16,9,Tuesday,50.0,Unhealthy
14,21,11,415,22,52,83347,65079,20,16,9,Tuesday,46.666666666666664,Unhealthy for Sensitive Groups
14,22,11,417,21,54,83287,67203,21,16,9,Tuesday,46.666666666666664,Unhealthy for Sensitive Groups
16,25,13,425,21,56,83242,77026,22,16,9,Tuesday,53.333333333333336,Unhealthy
18,27,14,439,20,59,83199,83321,23,16,9,Tuesday,60.0,Unhealthy
18,27,14,445,19,61,83172,83519,0,17,9,Wednesday,60.0,Unhealthy
19,29,15,454,19,62,83195,89991,1,17,9,Wednesday,63.33333333333333,Unhealthy
23,36,18,465,18,62,83244,116888,2,17,9,Wednesday,76.66666666666667,Unhealthy
28,43,21,468,18,63,83296,138807,3,17,9,Wednesday,93.33333333333333,Unhealthy
36,57,27,463,21,58,83368,180958,4,17,9,Wednesday,120.0,Very Unhealthy
24,37,18,419,24,52,83417,115705,5,17,9,Wednesday,80.0,Unhealthy
19,29,15,404,26,47,83437,88607,6,17,9,Wednesday,63.33333333333333,Unhealthy
22,33,16,403,27,43,83422,106776,7,17,9,Wednesday,73.33333333333333,Unhealthy
25,39,18,403,29,40,83351,124777,8,17,9,Wednesday,83.33333333333334,Unhealthy
24,37,18,403,31,35,83253,119697,9,17,9,Wednesday,80.0,Unhealthy
24,38,17,403,31,34,83142,115054,10,17,9,Wednesday,80.0,Unhealthy
21,32,15,403,31,34,83038,100103,11,17,9,Wednesday,70.0,Unhealthy
20,30,15,402,30,33,82968,94132,12,17,9,Wednesday,66.66666666666666,Unhealthy
20,30,15,402,29,34,82958,95517,13,17,9,Wednesday,66.66666666666666,Unhealthy
20,30,15,406,28,35,82989,95337,14,17,9,Wednesday,66.66666666666666,Unhealthy
30,49,22,411,26,35,83042,141990,15,17,9,Wednesday,100.0,Very Unhealthy
34,54,25,414,25,36,83122,160921,16,17,9,Wednesday,113.33333333333333,Very Unhealthy
29,46,21,416,24,40,83204,136231,17,17,9,Wednesday,96.66666666666667,Unhealthy
14,22,11,414,23,45,83275,68042,18,17,9,Wednesday,46.666666666666664,Unhealthy for Sensitive Groups
10,16,8,414,23,53,83346,48582,19,17,9,Wednesday,33.33333333333333,Unhealthy for Sensitive Groups
8,13,7,413,22,57,83371,39796,20,17,9,Wednesday,26.666666666666668,Moderate
6,10,5,411,21,61,83304,30745,21,17,9,Wednesday,20.0,Moderate
7,10,6,412,21,63,83245,32604,22,17,9,Wednesday,23.333333333333332,Moderate
7,10,6,413,21,64,83211,32165,23,17,9,Wednesday,23.333333333333332,Moderate
7,11,6,412,21,65,83205,33482,0,18,9,Thursday,23.333333333333332,Moderate
7,11,6,409,21,67,83222,33531,1,18,9,Thursday,23.333333333333332,Moderate
7,11,6,411,20,69,83262,34922,2,18,9,Thursday,23.333333333333332,Moderate
10,15,8,414,21,68,83321,46298,3,18,9,Thursday,33.33333333333333,Unhealthy for Sensitive Groups
13,20,10,412,21,68,83369,60546,4,18,9,Thursday,43.333333333333336,Unhealthy for Sensitive Groups
16,24,12,407,22,66,83442,72593,5,18,9,Thursday,53.333333333333336,Unhealthy
13,19,10,404,23,59,83499,60409,6,18,9,Thursday,43.333333333333336,Unhealthy for Sensitive Groups
18,27,14,406,25,55,83490,84970,7,18,9,Thursday,60.0,Unhealthy
24,37,18,405,28,45,83423,119475,8,18,9,Thursday,80.0,Unhealthy
21,32,15,404,28,41,83333,102390,9,18,9,Thursday,70.0,Unhealthy
20,31,15,403,29,39,83228,96200,10,18,9,Thursday,66.66666666666666,Unhealthy
19,29,15,402,29,36,83140,89780,11,18,9,Thursday,63.33333333333333,Unhealthy
19,29,15,402,29,36,83077,88854,12,18,9,Thursday,63.33333333333333,Unhealthy
19,29,15,402,28,37,83057,88082,13,18,9,Thursday,63.33333333333333,Unhealthy
15,23,12,404,27,39,83076,70372,14,18,9,Thursday,50.0,Unhealthy
17,27,13,408,25,43,83118,78842,15,18,9,Thursday,56.666666666666664,Unhealthy
23,38,17,411,24,52,83178,106040,16,18,9,Thursday,76.66666666666667,Unhealthy
10,17,8,411,23,61,83278,46072,17,18,9,Thursday,33.33333333333333,Unhealthy for Sensitive Groups
8,12,6,410,22,64,83353,36918,18,18,9,Thursday,26.666666666666668,Moderate
6,9,5,409,21,68,83404,29533,19,18,9,Thursday,20.0,Moderate
7,11,6,411,21,71,83423,35315,20,18,9,Thursday,23.333333333333332,Moderate
8,12,6,410,20,72,83389,38310,21,18,9,Thursday,26.666666666666668,Moderate
11,17,9,412,21,72,83327,51065,22,18,9,Thursday,36.666666666666664,Unhealthy for Sensitive Groups
9,13,7,411,21,71,83282,41128,23,18,9,Thursday,30.0,Unhealthy for Sensitive Groups
8,12,6,411,20,72,83316,38378,0,19,9,Friday,26.666666666666668,Moderate
8,12,6,411,20,72,83347,38352,1,19,9,Friday,26.666666666666668,Moderate
7,11,6,411,20,73,83384,35391,2,19,9,Friday,23.333333333333332,Moderate
13,20,11,413,20,72,83430,63000,3,19,9,Friday,43.333333333333336,Unhealthy for Sensitive Groups
20,31,15,412,20,69,83501,96827,4,19,9,Friday,66.66666666666666,Unhealthy
19,29,14,410,22,62,83555,87943,5,19,9,Friday,63.33333333333333,Unhealthy
17,25,13,407,24,53,83588,78554,6,19,9,Friday,56.666666666666664,Unhealthy
15,23,12,405,26,47,83558,70598,7,19,9,Friday,50.0,Unhealthy
15,24,12,405,28,40,83470,71958,8,19,9,Friday,50.0,Unhealthy
12,19,10,404,30,34,83373,57716,9,19,9,Friday,40.0,Unhealthy for Sensitive Groups
11,17,9,406,30,32,83275,53996,10,19,9,Friday,36.666666666666664,Unhealthy for Sensitive Groups
11,17,9,404,30,32,83192,52563,11,19,9,Friday,36.666666666666664,Unhealthy for Sensitive Groups
11,17,9,405,29,32,83130,51471,12,19,9,Friday,36.666666666666664,Unhealthy for Sensitive Groups
10,15,7,406,28,31,83128,45590,13,19,9,Friday,33.33333333333333,Unhealthy for Sensitive Groups
10,16,8,407,28,33,83158,46963,14,19,9,Friday,33.33333333333333,Unhealthy for Sensitive Groups
22,36,15,411,26,38,83205,98306,15,19,9,Friday,73.33333333333333,Unhealthy
26,45,18,413,24,41,83279,114603,16,19,9,Friday,86.66666666666667,Unhealthy
16,25,12,414,23,47,83338,71493,17,19,9,Friday,53.333333333333336,Unhealthy
9,14,7,414,22,51,83367,43781,18,19,9,Friday,30.0,Unhealthy for Sensitive Groups
7,11,6,413,22,54,83418,32560,19,19,9,Friday,23.333333333333332,Moderate
6,9,5,416,21,56,83424,26955,20,19,9,Friday,20.0,Moderate
5,8,4,418,20,58,83404,24380,21,19,9,Friday,16.666666666666664,Moderate
5,8,4,425,20,59,83364,24252,22,19,9,Friday,16.666666666666664,Moderate
5,8,4,422,20,60,83350,25414,23,19,9,Friday,16.666666666666664,Moderate
5,8,4,422,19,62,83335,25132,0,20,9,Saturday,16.666666666666664,Moderate
5,8,4,427,19,63,83352,25283,1,20,9,Saturday,16.666666666666664,Moderate
5,8,4,440,18,63,83408,23486,2,20,9,Saturday,16.666666666666664,Moderate
6,10,4,435,18,64,83489,27186,3,20,9,Saturday,20.0,Moderate
6,9,5,425,19,63,83566,28067,4,20,9,Saturday,20.0,Moderate
7,10,5,410,21,59,83630,31162,5,20,9,Saturday,23.333333333333332,Moderate
10,15,8,407,21,56,83667,47324,6,20,9,Saturday,33.33333333333333,Unhealthy for Sensitive Groups
21,33,16,408,23,52,83633,99943,7,20,9,Saturday,70.0,Unhealthy
21,33,15,407,26,43,83545,100746,8,20,9,Saturday,70.0,Unhealthy
8,13,6,403,28,36,83438,37408,9,20,9,Saturday,26.666666666666668,Moderate
4,7,3,401,28,33,83332,20217,10,20,9,Saturday,13.333333333333334,Good
4,7,2,402,28,31,83247,17216,11,20,9,Saturday,13.333333333333334,Good
3,7,2,402,28,30,83202,16012,12,20,9,Saturday,10.0,Good
3,7,2,403,27,30,83170,15577,13,20,9,Saturday,10.0,Good
4,8,3,404,26,33,83191,20524,14,20,9,Saturday,13.333333333333334,Good
7,13,5,407,25,39,83227,29343,15,20,9,Saturday,23.333333333333332,Moderate
18,31,14,411,23,42,83276,78683,16,20,9,Saturday,60.0,Unhealthy
25,40,18,411,22,47,83333,112516,17,20,9,Saturday,83.33333333333334,Unhealthy
7,12,5,411,22,53,83377,31826,18,20,9,Saturday,23.333333333333332,Moderate
4,8,3,410,20,65,83429,18844,19,20,9,Saturday,13.333333333333334,Good
5,8,4,409,20,65,83429,23656,20,20,9,Saturday,16.666666666666664,Moderate
6,10,5,409,20,65,83388,27514,21,20,9,Saturday,20.0,Moderate
5,9,4,409,20,64,83339,25670,22,20,9,Saturday,16.666666666666664,Moderate
4,7,4,409,20,66,83305,21296,23,20,9,Saturday,13.333333333333334,Good
2,4,2,407,20,65,83289,12730,0,21,9,Sunday,6.666666666666667,Good
3,5,2,408,20,66,83297,14123,1,21,9,Sunday,10.0,Good
2,3,2,410,19,67,83311,11145,2,21,9,Sunday,6.666666666666667,Good
3,4,3,409,19,67,83340,15104,3,21,9,Sunday,10.0,Good
5,7,4,408,20,67,83408,23040,4,21,9,Sunday,16.666666666666664,Moderate
10,15,8,406,20,67,83501,45380,5,21,9,Sunday,33.33333333333333,Unhealthy for Sensitive Groups
10,15,8,406,22,61,83550,47665,6,21,9,Sunday,33.33333333333333,Unhealthy for Sensitive Groups
9,14,7,404,24,51,83521,43264,7,21,9,Sunday,30.0,Unhealthy for Sensitive Groups
12,18,9,402,25,48,83439,55315,8,21,9,Sunday,40.0,Unhealthy for Sensitive Groups
7,11,6,403,26,44,83364,33348,9,21,9,Sunday,23.333333333333332,Moderate
6,9,4,403,28,39,83257,26527,10,21,9,Sunday,20.0,Moderate
5,9,4,401,27,38,83186,26046,11,21,9,Sunday,16.666666666666664,Moderate
3,5,2,400,27,37,83162,16107,12,21,9,Sunday,10.0,Good
4,6,3,401,27,37,83129,20165,13,21,9,Sunday,13.333333333333334,Good
3,6,2,402,26,37,83133,16407,14,21,9,Sunday,10.0,Good
3,6,2,408,24,41,83162,16952,15,21,9,Sunday,10.0,Good
12,21,9,414,23,45,83214,49687,16,21,9,Sunday,40.0,Unhealthy for Sensitive Groups
10,19,7,415,22,47,83283,42632,17,21,9,Sunday,33.33333333333333,Unhealthy for Sensitive Groups
13,22,9,419,22,49,83343,55453,18,21,9,Sunday,43.333333333333336,Unhealthy for Sensitive Groups
15,24,12,422,22,51,83393,65197,19,21,9,Sunday,50.0,Unhealthy
12,19,10,434,21,55,83405,55121,20,21,9,Sunday,40.0,Unhealthy for Sensitive Groups
13,19,10,444,20,58,83391,57228,21,21,9,Sunday,43.333333333333336,Unhealthy for Sensitive Groups
12,18,10,447,19,59,83364,54388,22,21,9,Sunday,40.0,Unhealthy for Sensitive Groups
10,15,8,450,19,62,83347,46065,23,21,9,Sunday,33.33333333333333,Unhealthy for Sensitive Groups
8,12,6,449,18,63,83331,36652,0,22,9,Monday,26.666666666666668,Moderate
7,10,6,453,18,64,83322,32078,1,22,9,Monday,23.333333333333332,Moderate
8,12,6,463,18,65,83347,38472,2,22,9,Monday,26.666666666666668,Moderate
9,14,7,437,18,68,83409,43206,3,22,9,Monday,30.0,Unhealthy for Sensitive Groups
13,20,10,421,18,70,83492,60599,4,22,9,Monday,43.333333333333336,Unhealthy for Sensitive Groups
14,22,11,412,19,69,83578,67962,5,22,9,Monday,46.666666666666664,Unhealthy for Sensitive Groups
17,25,13,407,22,59,83608,78258,6,22,9,Monday,56.666666666666664,Unhealthy
24,37,18,407,23,53,83594,120343,7,22,9,Monday,80.0,Unhealthy
17,26,13,405,25,47,83512,80199,8,22,9,Monday,56.666666666666664,Unhealthy
10,16,7,402,26,42,83405,45238,9,22,9,Monday,33.33333333333333,Unhealthy for Sensitive Groups
10,16,8,401,27,40,83317,47217,10,22,9,Monday,33.33333333333333,Unhealthy for Sensitive Groups
7,14,5,400,27,39,83255,31008,11,22,9,Monday,23.333333333333332,Moderate
6,11,5,401,27,37,83203,29702,12,22,9,Monday,20.0,Moderate
7,13,5,400,27,38,83187,28437,13,22,9,Monday,23.333333333333332,Moderate
6,12,5,403,26,41,83197,28359,14,22,9,Monday,20.0,Moderate
9,16,6,407,24,45,83230,37747,15,22,9,Monday,30.0,Unhealthy for Sensitive Groups
8,15,6,409,23,49,83321,36887,16,22,9,Monday,26.666666666666668,Moderate
11,18,8,412,23,51,83385,49861,17,22,9,Monday,36.666666666666664,Unhealthy for Sensitive Groups
10,16,8,413,22,54,83468,45613,18,22,9,Monday,33.33333333333333,Unhealthy for Sensitive Groups
10,16,8,416,21,60,83537,45857,19,22,9,Monday,33.33333333333333,Unhealthy for Sensitive Groups
10,16,8,413,20,65,83518,46800,20,22,9,Monday,33.33333333333333,Unhealthy for Sensitive Groups
7,11,6,411,20,67,83471,32897,21,22,9,Monday,23.333333333333332,Moderate
6,9,4,409,20,67,83439,26568,22,22,9,Monday,20.0,Moderate
6,9,5,409,20,69,83438,29192,23,22,9,Monday,20.0,Moderate
7,11,6,410,19,70,83431,32896,0,23,9,Tuesday,23.333333333333332,Moderate
8,11,6,412,19,71,83432,35683,1,23,9,Tuesday,26.666666666666668,Moderate
8,12,6,414,19,71,83446,38515,2,23,9,Tuesday,26.666666666666668,Moderate
9,14,7,416,19,71,83499,42733,3,23,9,Tuesday,30.0,Unhealthy for Sensitive Groups
12,18,10,415,19,72,83573,55999,4,23,9,Tuesday,40.0,Unhealthy for Sensitive Groups
18,28,14,410,20,70,83660,82738,5,23,9,Tuesday,60.0,Unhealthy
15,23,11,404,22,57,83711,66645,6,23,9,Tuesday,50.0,Unhealthy
12,19,10,405,24,48,83694,57727,7,23,9,Tuesday,40.0,Unhealthy for Sensitive Groups
11,18,9,403,24,44,83621,50246,8,23,9,Tuesday,36.666666666666664,Unhealthy for Sensitive Groups
9,14,7,402,26,39,83519,40880,9,23,9,Tuesday,30.0,Unhealthy for Sensitive Groups
10,16,8,402,26,38,83426,48181,10,23,9,Tuesday,33.33333333333333,Unhealthy for Sensitive Groups
10,16,8,404,28,36,83345,49406,11,23,9,Tuesday,33.33333333333333,Unhealthy for Sensitive Groups
11,17,9,401,26,38,83319,51305,12,23,9,Tuesday,36.666666666666664,Unhealthy for Sensitive Groups
11,17,9,402,26,39,83295,51730,13,23,9,Tuesday,36.666666666666664,Unhealthy for Sensitive Groups
10,15,8,403,25,41,83281,46964,14,23,9,Tuesday,33.33333333333333,Unhealthy for Sensitive Groups
15,24,11,407,24,40,83304,66099,15,23,9,Tuesday,50.0,Unhealthy
25,42,17,411,22,38,83374,106877,16,23,9,Tuesday,83.33333333333334,Unhealthy
16,26,12,416,22,43,83464,72234,17,23,9,Tuesday,53.333333333333336,Unhealthy
13,21,10,422,21,48,83525,61567,18,23,9,Tuesday,43.333333333333336,Unhealthy for Sensitive Groups
14,22,11,430,20,52,83574,67425,19,23,9,Tuesday,46.666666666666664,Unhealthy for Sensitive Groups
18,28,14,435,19,54,83570,81888,20,23,9,Tuesday,60.0,Unhealthy
14,22,11,438,18,57,83525,65629,21,23,9,Tuesday,46.666666666666664,Unhealthy for Sensitive Groups
13,20,10,439,18,58,83473,60734,22,23,9,Tuesday,43.333333333333336,Unhealthy for Sensitive Groups
21,32,16,461,17,60,83432,97143,23,23,9,Tuesday,70.0,Unhealthy
24,37,18,467,17,62,83422,116228,0,24,9,Wednesday,80.0,Unhealthy
21,32,15,462,16,63,83449,100187,1,24,9,Wednesday,70.0,Unhealthy
19,29,15,465,17,63,83482,88120,2,24,9,Wednesday,63.33333333333333,Unhealthy
22,34,16,457,17,63,83500,104921,3,24,9,Wednesday,73.33333333333333,Unhealthy
22,34,16,442,18,63,83575,101615,4,24,9,Wednesday,73.33333333333333,Unhealthy
17,26,13,421,20,58,83597,78659,5,24,9,Wednesday,56.666666666666664,Unhealthy
24,38,18,415,23,51,83613,120258,6,24,9,Wednesday,80.0,Unhealthy
36,56,26,413,26,44,83575,175332,7,24,9,Wednesday,120.0,Very Unhealthy
24,39,18,407,28,39,83500,115560,8,24,9,Wednesday,80.0,Unhealthy
24,41,17,404,28,35,83398,108106,9,24,9,Wednesday,80.0,Unhealthy
14,25,10,404,29,31,83289,59454,10,24,9,Wednesday,46.666666666666664,Unhealthy for Sensitive Groups
15,27,11,403,29,31,83204,61494,11,24,9,Wednesday,50.0,Unhealthy
13,23,10,403,29,31,83160,58263,12,24,9,Wednesday,43.333333333333336,Unhealthy for Sensitive Groups
15,24,11,406,27,37,83152,66283,13,24,9,Wednesday,50.0,Unhealthy
13,20,10,407,26,37,83155,59757,14,24,9,Wednesday,43.333333333333336,Unhealthy for Sensitive Groups
13,21,10,409,25,36,83193,59194,15,24,9,Wednesday,43.333333333333336,Unhealthy for Sensitive Groups
11,19,9,409,23,38,83254,49545,16,24,9,Wednesday,36.666666666666664,Unhealthy for Sensitive Groups
15,25,11,413,22,43,83322,63295,17,24,9,Wednesday,50.0,Unhealthy
11,17,8,415,22,46,83397,49368,18,24,9,Wednesday,36.666666666666664,Unhealthy for Sensitive Groups
8,12,6,415,21,48,83438,35156,19,24,9,Wednesday,26.666666666666668,Moderate
6,9,5,414,21,50,83442,26824,20,24,9,Wednesday,20.0,Moderate
6,10,5,418,20,52,83403,28382,21,24,9,Wednesday,20.0,Moderate
7,11,6,422,20,55,83337,31135,22,24,9,Wednesday,23.333333333333332,Moderate
7,12,6,430,19,57,83338,35151,23,24,9,Wednesday,23.333333333333332,Moderate
8,12,6,436,18,58,83332,38264,0,25,9,Thursday,26.666666666666668,Moderate
9,13,7,448,17,61,83339,41303,1,25,9,Thursday,30.0,Unhealthy for Sensitive Groups
11,17,9,456,17,62,83376,53514,2,25,9,Thursday,36.666666666666664,Unhealthy for Sensitive Groups
15,24,12,465,17,62,83416,70315,3,25,9,Thursday,50.0,Unhealthy
22,34,15,457,21,56,83471,104510,4,25,9,Thursday,73.33333333333333,Unhealthy
16,27,12,416,23,52,83515,71785,5,25,9,Thursday,53.333333333333336,Unhealthy
12,19,9,410,27,43,83505,53200,6,25,9,Thursday,40.0,Unhealthy for Sensitive Groups
13,21,10,405,28,38,83472,57685,7,25,9,Thursday,43.333333333333336,Unhealthy for Sensitive Groups
10,17,8,405,31,33,83382,47314,8,25,9,Thursday,33.33333333333333,Unhealthy for Sensitive Groups
8,13,6,406,31,31,83274,38352,9,25,9,Thursday,26.666666666666668,Moderate
7,11,6,405,30,32,83174,32146,10,25,9,Thursday,23.333333333333332,Moderate
6,10,5,409,29,34,83116,27999,11,25,9,Thursday,20.0,Moderate
12,22,9,412,28,40,83099,53054,12,25,9,Thursday,40.0,Unhealthy for Sensitive Groups
12,21,10,438,24,61,83184,55383,13,25,9,Thursday,40.0,Unhealthy for Sensitive Groups
12,18,9,448,23,64,83213,54570,14,25,9,Thursday,40.0,Unhealthy for Sensitive Groups
17,26,13,427,21,66,83263,80647,15,25,9,Thursday,56.666666666666664,Unhealthy
36,54,28,429,21,67,83267,193931,16,25,9,Thursday,120.0,Very Unhealthy
19,30,15,435,21,68,83297,94544,17,25,9,Thursday,63.33333333333333,Unhealthy
25,38,18,455,21,70,83361,124883,18,25,9,Thursday,83.33333333333334,Unhealthy
34,51,26,471,21,70,83403,170580,19,25,9,Thursday,113.33333333333333,Very Unhealthy
30,45,23,474,20,70,83403,149143,20,25,9,Thursday,100.0,Very Unhealthy
23,35,17,464,20,70,83360,112938,21,25,9,Thursday,76.66666666666667,Unhealthy
20,32,15,479,20,70,83299,103810,22,25,9,Thursday,66.66666666666666,Unhealthy
17,26,13,469,20,70,83266,80510,23,25,9,Thursday,56.666666666666664,Unhealthy
16,24,13,473,19,70,83252,75303,0,26,9,Friday,53.333333333333336,Unhealthy
18,27,14,496,19,70,83272,82791,1,26,9,Friday,60.0,Unhealthy
17,26,14,509,18,70,83328,81187,2,26,9,Friday,56.666666666666664,Unhealthy
21,33,16,524,18,70,83370,105641,3,26,9,Friday,70.0,Unhealthy
26,41,19,509,19,69,83452,128886,4,26,9,Friday,86.66666666666667,Unhealthy
15,24,12,429,21,64,83514,72268,5,26,9,Friday,50.0,Unhealthy
17,26,14,418,24,59,83527,81413,6,26,9,Friday,56.666666666666664,Unhealthy
36,54,28,419,25,55,83508,187868,7,26,9,Friday,120.0,Very Unhealthy
48,75,37,414,27,49,83417,256982,8,26,9,Friday,160.0,Very Unhealthy
34,53,25,413,28,45,83307,171655,9,26,9,Friday,113.33333333333333,Very Unhealthy
21,32,16,409,28,42,83210,101516,10,26,9,Friday,70.0,Unhealthy
21,32,16,409,29,42,83149,96927,11,26,9,Friday,70.0,Unhealthy
11,17,9,408,27,43,83120,51386,12,26,9,Friday,36.666666666666664,Unhealthy for Sensitive Groups
8,13,6,409,25,50,83134,35747,13,26,9,Friday,26.666666666666668,Moderate
16,25,13,418,22,67,83204,78132,14,26,9,Friday,53.333333333333336,Unhealthy
20,31,15,422,21,70,83267,95753,15,26,9,Friday,66.66666666666666,Unhealthy
21,33,16,428,21,70,83295,108416,16,26,9,Friday,70.0,Unhealthy
22,35,17,424,21,70,83360,115125,17,26,9,Friday,73.33333333333333,Unhealthy
22,34,17,427,21,70,83390,114850,18,26,9,Friday,73.33333333333333,Unhealthy
20,30,15,432,21,71,83439,99193,19,26,9,Friday,66.66666666666666,Unhealthy
18,28,14,450,20,72,83420,86556,20,26,9,Friday,60.0,Unhealthy
17,25,13,458,20,71,83370,79273,21,26,9,Friday,56.666666666666664,Unhealthy
18,28,14,466,20,73,83289,89291,22,26,9,Friday,60.0,Unhealthy
20,31,15,476,20,73,83237,104754,23,26,9,Friday,66.66666666666666,Unhealthy
20,31,15,481,19,73,83234,102755,0,27,9,Saturday,66.66666666666666,Unhealthy
21,32,15,497,19,72,83252,106153,1,27,9,Saturday,70.0,Unhealthy
21,33,16,511,19,72,83262,106795,2,27,9,Saturday,70.0,Unhealthy
26,39,19,508,19,73,83317,129682,3,27,9,Saturday,86.66666666666667,Unhealthy
23,35,17,471,20,70,83388,114980,4,27,9,Saturday,76.66666666666667,Unhealthy
25,38,19,429,23,61,83424,127744,5,27,9,Saturday,83.33333333333334,Unhealthy
29,45,22,422,24,58,83444,151936,6,27,9,Saturday,96.66666666666667,Unhealthy
57,88,45,422,25,56,83455,326963,7,27,9,Saturday,190.0,Very Unhealthy
34,53,26,413,26,52,83400,179306,8,27,9,Saturday,113.33333333333333,Very Unhealthy
22,34,16,410,27,46,83314,110205,9,27,9,Saturday,73.33333333333333,Unhealthy
15,23,12,407,28,41,83212,71724,10,27,9,Saturday,50.0,Unhealthy
16,24,12,406,29,41,83120,74149,11,27,9,Saturday,53.333333333333336,Unhealthy
14,22,11,407,28,41,83064,66427,12,27,9,Saturday,46.666666666666664,Unhealthy for Sensitive Groups
17,25,13,409,27,43,83056,78625,13,27,9,Saturday,56.666666666666664,Unhealthy
18,28,14,412,26,43,83091,84790,14,27,9,Saturday,60.0,Unhealthy
19,29,15,415,25,42,83161,90951,15,27,9,Saturday,63.33333333333333,Unhealthy
17,27,14,417,24,41,83252,82012,16,27,9,Saturday,56.666666666666664,Unhealthy
14,22,11,417,23,44,83313,66627,17,27,9,Saturday,46.666666666666664,Unhealthy for Sensitive Groups
15,23,12,416,22,51,83388,71932,18,27,9,Saturday,50.0,Unhealthy
15,22,12,416,21,55,83446,70232,19,27,9,Saturday,50.0,Unhealthy
12,18,10,417,20,58,83434,57151,20,27,9,Saturday,40.0,Unhealthy for Sensitive Groups
12,18,10,421,20,61,83393,57107,21,27,9,Saturday,40.0,Unhealthy for Sensitive Groups
13,19,10,427,19,63,83357,59954,22,27,9,Saturday,43.333333333333336,Unhealthy for Sensitive Groups
17,26,13,433,19,64,83328,81072,23,27,9,Saturday,56.666666666666664,Unhealthy
15,22,11,429,19,65,83329,69088,0,28,9,Sunday,50.0,Unhealthy
14,21,11,428,19,67,83345,65550,1,28,9,Sunday,46.666666666666664,Unhealthy for Sensitive Groups
14,21,11,434,19,68,83375,65870,2,28,9,Sunday,46.666666666666664,Unhealthy for Sensitive Groups
17,25,13,434,18,69,83444,77631,3,28,9,Sunday,56.666666666666664,Unhealthy
16,25,13,421,19,69,83500,77328,4,28,9,Sunday,53.333333333333336,Unhealthy
17,26,14,414,20,65,83545,79715,5,28,9,Sunday,56.666666666666664,Unhealthy
25,39,19,413,21,60,83592,128422,6,28,9,Sunday,83.33333333333334,Unhealthy
40,61,30,413,22,57,83579,209227,7,28,9,Sunday,133.33333333333331,Very Unhealthy
43,66,33,413,24,53,83529,232318,8,28,9,Sunday,143.33333333333334,Very Unhealthy
36,55,28,410,26,49,83420,188871,9,28,9,Sunday,120.0,Very Unhealthy
36,54,28,407,27,45,83285,185866,10,28,9,Sunday,120.0,Very Unhealthy
31,48,23,406,27,44,83210,156920,11,28,9,Sunday,103.33333333333334,Very Unhealthy
23,35,17,405,27,43,83147,112535,12,28,9,Sunday,76.66666666666667,Unhealthy
19,28,14,405,27,43,83121,88785,13,28,9,Sunday,63.33333333333333,Unhealthy
18,27,14,408,26,45,83159,85745,14,28,9,Sunday,60.0,Unhealthy
20,30,15,411,24,48,83191,94209,15,28,9,Sunday,66.66666666666666,Unhealthy
20,30,15,415,24,50,83248,96965,16,28,9,Sunday,66.66666666666666,Unhealthy
20,30,15,420,23,51,83314,92713,17,28,9,Sunday,66.66666666666666,Unhealthy
18,27,14,423,23,51,83351,84662,18,28,9,Sunday,60.0,Unhealthy
14,21,11,417,22,50,83379,65555,19,28,9,Sunday,46.666666666666664,Unhealthy for Sensitive Groups
11,16,9,417,21,51,83366,50964,20,28,9,Sunday,36.666666666666664,Unhealthy for Sensitive Groups
11,17,9,425,20,54,83328,51346,21,28,9,Sunday,36.666666666666664,Unhealthy for Sensitive Groups
11,17,9,436,20,57,83294,51799,22,28,9,Sunday,36.666666666666664,Unhealthy for Sensitive Groups
13,19,10,436,19,59,83259,58681,23,28,9,Sunday,43.333333333333336,Unhealthy for Sensitive Groups
12,19,10,434,19,62,83248,57845,0,29,9,Monday,40.0,Unhealthy for Sensitive Groups
16,25,13,433,18,64,83274,76591,1,29,9,Monday,53.333333333333336,Unhealthy
20,30,15,447,18,64,83301,92963,2,29,9,Monday,66.66666666666666,Unhealthy
15,23,12,453,18,65,83333,71665,3,29,9,Monday,50.0,Unhealthy
18,27,14,432,21,59,83407,82752,4,29,9,Monday,60.0,Unhealthy
16,24,12,413,22,58,83464,72590,5,29,9,Monday,53.333333333333336,Unhealthy
18,27,14,412,25,52,83476,84413,6,29,9,Monday,60.0,Unhealthy
20,31,15,410,26,50,83437,99200,7,29,9,Monday,66.66666666666666,Unhealthy
33,51,25,410,27,46,83322,166299,8,29,9,Monday,110.00000000000001,Very Unhealthy
44,70,33,411,30,41,83189,226855,9,29,9,Monday,146.66666666666666,Very Unhealthy
25,39,18,405,30,36,83081,122454,10,29,9,Monday,83.33333333333334,Unhealthy
16,25,13,408,29,38,83049,76130,11,29,9,Monday,53.333333333333336,Unhealthy
6,10,5,414,26,42,83023,28935,12,29,9,Monday,20.0,Moderate
13,20,10,419,25,46,83002,60309,13,29,9,Monday,43.333333333333336,Unhealthy for Sensitive Groups
16,26,13,417,25,46,83060,74753,14,29,9,Monday,53.333333333333336,Unhealthy
21,34,16,418,25,50,83126,98756,15,29,9,Monday,70.0,Unhealthy
27,43,20,427,23,55,83169,125225,16,29,9,Monday,90.0,Unhealthy
27,41,20,434,22,57,83211,127777,17,29,9,Monday,90.0,Unhealthy
26,40,19,437,22,60,83232,123763,18,29,9,Monday,86.66666666666667,Unhealthy
21,33,16,429,21,62,83255,102179,19,29,9,Monday,70.0,Unhealthy
18,27,14,426,21,62,83245,83992,20,29,9,Monday,60.0,Unhealthy
19,29,14,433,20,63,83219,91380,21,29,9,Monday,63.33333333333333,Unhealthy
30,45,22,443,20,64,83169,142510,22,29,9,Monday,100.0,Very Unhealthy
22,33,16,442,19,65,83159,105784,23,29,9,Monday,73.33333333333333,Unhealthy
14,21,11,435,19,66,83154,65468,0,30,9,Tuesday,46.666666666666664,Unhealthy for Sensitive Groups
15,23,12,446,18,66,83181,71568,1,30,9,Tuesday,50.0,Unhealthy
19,29,15,472,18,67,83190,92440,2,30,9,Tuesday,63.33333333333333,Unhealthy
27,41,20,482,18,67,83241,132475,3,30,9,Tuesday,90.0,Unhealthy
26,41,20,463,20,63,83303,132335,4,30,9,Tuesday,86.66666666666667,Unhealthy
26,40,19,440,22,61,83346,128360,5,30,9,Tuesday,86.66666666666667,Unhealthy
22,34,17,417,25,54,83359,108035,6,30,9,Tuesday,73.33333333333333,Unhealthy
16,24,12,406,27,47,83349,74024,7,30,9,Tuesday,53.333333333333336,Unhealthy
25,38,19,408,28,44,83292,120678,8,30,9,Tuesday,83.33333333333334,Unhealthy
29,45,21,410,28,40,83195,141256,9,30,9,Tuesday,96.66666666666667,Unhealthy
20,31,15,407,30,36,83094,91886,10,30,9,Tuesday,66.66666666666666,Unhealthy
15,24,12,406,30,35,83007,70921,11,30,9,Tuesday,50.0,Unhealthy
12,18,9,407,28,37,82960,55803,12,30,9,Tuesday,40.0,Unhealthy for Sensitive Groups
13,21,10,408,28,40,82980,61078,13,30,9,Tuesday,43.333333333333336,Unhealthy for Sensitive Groups
24,37,18,413,25,49,83050,117431,14,30,9,Tuesday,80.0,Unhealthy
25,38,18,416,25,51,83100,122624,15,30,9,Tuesday,83.33333333333334,Unhealthy
37,57,29,431,24,55,83153,190530,16,30,9,Tuesday,123.33333333333334,Very Unhealthy
39,59,30,434,23,57,83213,196081,17,30,9,Tuesday,130.0,Very Unhealthy
21,33,16,419,22,46,83286,101281,18,30,9,Tuesday,70.0,Unhealthy
14,21,11,422,21,44,83335,66402,19,30,9,Tuesday,46.666666666666664,Unhealthy for Sensitive Groups
13,20,10,426,20,47,83337,61761,20,30,9,Tuesday,43.333333333333336,Unhealthy for Sensitive Groups
12,19,10,434,19,51,83282,56846,21,30,9,Tuesday,40.0,Unhealthy for Sensitive Groups
12,18,10,440,19,54,83210,54447,22,30,9,Tuesday,40.0,Unhealthy for Sensitive Groups
12,19,10,444,18,56,83168,57111,23,30,9,Tuesday,40.0,Unhealthy for Sensitive Groups
20,31,16,454,17,57,83218,95767,0,1,10,Wednesday,66.66666666666666,Unhealthy
19,28,14,459,17,59,83232,85640,1,1,10,Wednesday,63.33333333333333,Unhealthy
16,24,12,456,16,60,83245,72149,2,1,10,Wednesday,53.333333333333336,Unhealthy
17,27,13,458,16,60,83314,78881,3,1,10,Wednesday,56.666666666666664,Unhealthy
19,29,15,455,20,53,83378,90412,4,1,10,Wednesday,63.33333333333333,Unhealthy
9,14,7,418,24,47,83414,44198,5,1,10,Wednesday,30.0,Unhealthy for Sensitive Groups
8,12,6,412,27,39,83424,38711,6,1,10,Wednesday,26.666666666666668,Moderate
18,27,13,412,29,34,83383,83161,7,1,10,Wednesday,60.0,Unhealthy
19,30,15,408,29,32,83324,91624,8,1,10,Wednesday,63.33333333333333,Unhealthy
14,21,11,405,30,30,83226,64164,9,1,10,Wednesday,46.666666666666664,Unhealthy for Sensitive Groups
16,24,12,407,31,29,83097,73385,10,1,10,Wednesday,53.333333333333336,Unhealthy
14,22,11,407,32,23,83006,67197,11,1,10,Wednesday,46.666666666666664,Unhealthy for Sensitive Groups
13,20,10,406,32,20,82950,63369,12,1,10,Wednesday,43.333333333333336,Unhealthy for Sensitive Groups
13,20,10,406,30,23,82940,61416,13,1,10,Wednesday,43.333333333333336,Unhealthy for Sensitive Groups
13,19,10,411,28,24,82976,60789,14,1,10,Wednesday,43.333333333333336,Unhealthy for Sensitive Groups
16,26,12,414,27,28,83029,72166,15,1,10,Wednesday,53.333333333333336,Unhealthy
18,30,14,417,26,31,83093,81520,16,1,10,Wednesday,60.0,Unhealthy
19,31,14,423,24,37,83167,88752,17,1,10,Wednesday,63.33333333333333,Unhealthy
17,26,13,426,23,41,83239,77709,18,1,10,Wednesday,56.666666666666664,Unhealthy
13,21,10,429,22,42,83290,60573,19,1,10,Wednesday,43.333333333333336,Unhealthy for Sensitive Groups
10,15,8,433,21,45,83308,44785,20,1,10,Wednesday,33.33333333333333,Unhealthy for Sensitive Groups
9,14,7,446,20,50,83274,43735,21,1,10,Wednesday,30.0,Unhealthy for Sensitive Groups
9,14,7,442,19,52,83216,41957,22,1,10,Wednesday,30.0,Unhealthy for Sensitive Groups
13,20,11,453,18,54,83204,60141,23,1,10,Wednesday,43.333333333333336,Unhealthy for Sensitive Groups
16,24,13,455,17,56,83197,73224,0,2,10,Thursday,53.333333333333336,Unhealthy
13,19,10,446,17,56,83194,59523,1,2,10,Thursday,43.333333333333336,Unhealthy for Sensitive Groups
13,19,10,450,17,57,83224,59730,2,2,10,Thursday,43.333333333333336,Unhealthy for Sensitive Groups
13,20,11,449,16,57,83247,61409,3,2,10,Thursday,43.333333333333336,Unhealthy for Sensitive Groups
21,34,16,444,20,50,83313,102343,4,2,10,Thursday,70.0,Unhealthy
13,19,10,417,24,43,83340,58094,5,2,10,Thursday,43.333333333333336,Unhealthy for Sensitive Groups
6,10,5,402,27,35,83336,31277,6,2,10,Thursday,20.0,Moderate
10,16,8,402,28,32,83310,48969,7,2,10,Thursday,33.33333333333333,Unhealthy for Sensitive Groups
19,30,14,404,29,31,83230,92506,8,2,10,Thursday,63.33333333333333,Unhealthy
21,32,16,409,32,28,83116,100787,9,2,10,Thursday,70.0,Unhealthy
29,46,21,408,32,27,83004,143632,10,2,10,Thursday,96.66666666666667,Unhealthy
30,47,22,409,31,28,82925,145341,11,2,10,Thursday,100.0,Very Unhealthy
27,43,20,408,29,31,82906,129922,12,2,10,Thursday,90.0,Unhealthy
20,31,15,407,28,35,82917,94135,13,2,10,Thursday,66.66666666666666,Unhealthy
21,32,15,410,27,40,82934,99014,14,2,10,Thursday,70.0,Unhealthy
23,36,18,419,26,46,83005,114633,15,2,10,Thursday,76.66666666666667,Unhealthy
40,64,31,430,25,48,83059,198676,16,2,10,Thursday,133.33333333333331,Very Unhealthy
43,68,33,431,24,51,83138,213343,17,2,10,Thursday,143.33333333333334,Very Unhealthy
33,50,25,426,23,50,83212,160367,18,2,10,Thursday,110.00000000000001,Very Unhealthy
18,27,13,420,22,47,83256,85553,19,2,10,Thursday,60.0,Unhealthy
10,15,8,417,22,47,83269,45056,20,2,10,Thursday,33.33333333333333,Unhealthy for Sensitive Groups
12,19,10,430,21,51,83218,58043,21,2,10,Thursday,40.0,Unhealthy for Sensitive Groups
11,17,9,432,20,53,83189,52451,22,2,10,Thursday,36.666666666666664,Unhealthy for Sensitive Groups
12,19,10,435,19,56,83179,56713,23,2,10,Thursday,40.0,Unhealthy for Sensitive Groups
15,23,12,445,19,58,83197,68897,0,3,10,Friday,50.0,Unhealthy
40,63,30,455,18,59,83213,185559,1,3,10,Friday,133.33333333333331,Very Unhealthy
29,44,21,454,18,59,83234,134263,2,3,10,Friday,96.66666666666667,Unhealthy
25,39,19,452,18,61,83311,117170,3,3,10,Friday,83.33333333333334,Unhealthy
22,35,16,445,19,59,83365,106451,4,3,10,Friday,73.33333333333333,Unhealthy
27,42,19,430,22,55,83390,127562,5,3,10,Friday,90.0,Unhealthy
18,28,14,407,25,48,83398,86035,6,3,10,Friday,60.0,Unhealthy
19,30,14,408,27,41,83366,87006,7,3,10,Friday,63.33333333333333,Unhealthy
21,34,15,406,29,37,83296,98874,8,3,10,Friday,70.0,Unhealthy
19,29,15,403,30,33,83179,90318,9,3,10,Friday,63.33333333333333,Unhealthy
22,36,16,403,30,33,83081,104155,10,3,10,Friday,73.33333333333333,Unhealthy
20,33,15,402,29,35,83004,92762,11,3,10,Friday,66.66666666666666,Unhealthy
16,26,13,402,28,37,82986,75513,12,3,10,Friday,53.333333333333336,Unhealthy
18,28,13,402,28,41,82991,81979,13,3,10,Friday,60.0,Unhealthy
14,22,11,406,25,47,83104,66832,14,3,10,Friday,46.666666666666664,Unhealthy for Sensitive Groups
14,23,11,410,22,63,83225,66546,15,3,10,Friday,46.666666666666664,Unhealthy for Sensitive Groups
11,16,8,415,20,70,83313,49600,16,3,10,Friday,36.666666666666664,Unhealthy for Sensitive Groups
5,8,4,414,19,71,83348,25857,17,3,10,Friday,16.666666666666664,Moderate
9,14,8,419,20,70,83422,45354,18,3,10,Friday,30.0,Unhealthy for Sensitive Groups
7,12,6,416,20,69,83449,36616,19,3,10,Friday,23.333333333333332,Moderate
6,9,5,420,20,69,83445,29513,20,3,10,Friday,20.0,Moderate
9,13,7,432,20,71,83401,42420,21,3,10,Friday,30.0,Unhealthy for Sensitive Groups
10,15,8,447,20,72,83330,47694,22,3,10,Friday,33.33333333333333,Unhealthy for Sensitive Groups
10,15,8,454,20,73,83288,49161,23,3,10,Friday,33.33333333333333,Unhealthy for Sensitive Groups
11,17,9,458,20,73,83277,54688,0,4,10,Saturday,36.666666666666664,Unhealthy for Sensitive Groups
13,19,10,475,20,74,83271,61606,1,4,10,Saturday,43.333333333333336,Unhealthy for Sensitive Groups
13,19,10,480,20,74,83305,60156,2,4,10,Saturday,43.333333333333336,Unhealthy for Sensitive Groups
13,20,10,473,20,74,83345,63211,3,4,10,Saturday,43.333333333333336,Unhealthy for Sensitive Groups
19,29,15,437,20,74,83408,93668,4,4,10,Saturday,63.33333333333333,Unhealthy
21,32,16,423,21,73,83477,106166,5,4,10,Saturday,70.0,Unhealthy
19,29,15,415,21,72,83511,89718,6,4,10,Saturday,63.33333333333333,Unhealthy
18,27,14,412,22,69,83514,84063,7,4,10,Saturday,60.0,Unhealthy
23,35,17,412,23,64,83446,114549,8,4,10,Saturday,76.66666666666667,Unhealthy
28,43,22,411,25,58,83343,144955,9,4,10,Saturday,93.33333333333333,Unhealthy
22,33,16,407,27,51,83238,106824,10,4,10,Saturday,73.33333333333333,Unhealthy
18,27,14,405,26,54,83162,83674,11,4,10,Saturday,60.0,Unhealthy
19,29,15,407,25,58,83128,91344,12,4,10,Saturday,63.33333333333333,Unhealthy
18,27,14,409,24,60,83132,83778,13,4,10,Saturday,60.0,Unhealthy
20,30,15,420,22,68,83199,93955,14,4,10,Saturday,66.66666666666666,Unhealthy
23,35,17,417,22,67,83234,108721,15,4,10,Saturday,76.66666666666667,Unhealthy
25,38,19,429,22,71,83297,122813,16,4,10,Saturday,83.33333333333334,Unhealthy
27,41,21,439,22,73,83353,135008,17,4,10,Saturday,90.0,Unhealthy
28,43,22,446,21,74,83398,141369,18,4,10,Saturday,93.33333333333333,Unhealthy
33,51,26,456,21,75,83441,171209,19,4,10,Saturday,110.00000000000001,Very Unhealthy
22,33,17,434,20,75,83420,106913,20,4,10,Saturday,73.33333333333333,Unhealthy
10,15,8,417,20,75,83358,48284,21,4,10,Saturday,33.33333333333333,Unhealthy for Sensitive Groups
10,15,8,416,19,75,83280,47135,22,4,10,Saturday,33.33333333333333,Unhealthy for Sensitive Groups
10,16,8,417,20,75,83241,48728,23,4,10,Saturday,33.33333333333333,Unhealthy for Sensitive Groups
11,17,9,418,19,75,83233,52163,0,5,10,Sunday,36.666666666666664,Unhealthy for Sensitive Groups
11,17,9,422,20,74,83230,53195,1,5,10,Sunday,36.666666666666664,Unhealthy for Sensitive Groups
12,19,10,428,20,75,83252,58880,2,5,10,Sunday,40.0,Unhealthy for Sensitive Groups
14,20,11,423,20,75,83302,64005,3,5,10,Sunday,46.666666666666664,Unhealthy for Sensitive Groups
16,24,13,417,19,76,83378,75285,4,5,10,Sunday,53.333333333333336,Unhealthy
16,24,13,414,19,76,83421,75596,5,5,10,Sunday,53.333333333333336,Unhealthy
18,28,14,410,21,75,83465,88184,6,5,10,Sunday,60.0,Unhealthy
20,31,15,411,21,73,83464,100801,7,5,10,Sunday,66.66666666666666,Unhealthy
22,34,17,409,23,68,83396,111737,8,5,10,Sunday,73.33333333333333,Unhealthy
18,28,14,407,26,57,83297,86936,9,5,10,Sunday,60.0,Unhealthy
16,25,13,405,27,48,83194,75856,10,5,10,Sunday,53.333333333333336,Unhealthy
16,25,13,405,27,47,83108,78250,11,5,10,Sunday,53.333333333333336,Unhealthy
14,21,11,405,26,49,83058,64391,12,5,10,Sunday,46.666666666666664,Unhealthy for Sensitive Groups
13,19,10,405,25,52,83051,59511,13,5,10,Sunday,43.333333333333336,Unhealthy for Sensitive Groups
13,19,10,411,25,52,83063,60204,14,5,10,Sunday,43.333333333333336,Unhealthy for Sensitive Groups
16,25,13,420,24,54,83096,75727,15,5,10,Sunday,53.333333333333336,Unhealthy
19,28,15,427,23,57,83166,86957,16,5,10,Sunday,63.33333333333333,Unhealthy
18,28,14,419,23,57,83237,84334,17,5,10,Sunday,60.0,Unhealthy
16,25,13,415,22,58,83308,76026,18,5,10,Sunday,53.333333333333336,Unhealthy
17,25,13,413,21,57,83354,78784,19,5,10,Sunday,56.666666666666664,Unhealthy
19,29,15,413,21,58,83379,89585,20,5,10,Sunday,63.33333333333333,Unhealthy
17,26,14,413,20,59,83355,80710,21,5,10,Sunday,56.666666666666664,Unhealthy
17,25,14,416,20,61,83322,79190,22,5,10,Sunday,56.666666666666664,Unhealthy
18,27,14,420,20,62,83290,83893,23,5,10,Sunday,60.0,Unhealthy
18,27,14,419,20,63,83245,84569,0,6,10,Monday,60.0,Unhealthy
18,28,14,423,19,65,83236,86024,1,6,10,Monday,60.0,Unhealthy
19,29,15,429,19,67,83276,88946,2,6,10,Monday,63.33333333333333,Unhealthy
19,29,15,440,19,68,83316,91301,3,6,10,Monday,63.33333333333333,Unhealthy
20,30,15,423,20,66,83379,96763,4,6,10,Monday,66.66666666666666,Unhealthy
22,33,16,416,21,64,83432,109954,5,6,10,Monday,73.33333333333333,Unhealthy
36,55,27,416,23,58,83462,182127,6,6,10,Monday,120.0,Very Unhealthy
29,44,21,411,23,57,83457,146666,7,6,10,Monday,96.66666666666667,Unhealthy
24,36,17,407,24,54,83413,118870,8,6,10,Monday,80.0,Unhealthy
21,32,15,408,26,50,83327,105197,9,6,10,Monday,70.0,Unhealthy
19,29,15,404,26,47,83209,89309,10,6,10,Monday,63.33333333333333,Unhealthy
17,25,13,402,26,47,83135,78759,11,6,10,Monday,56.666666666666664,Unhealthy
15,23,12,403,26,47,83097,72002,12,6,10,Monday,50.0,Unhealthy
15,23,12,406,25,48,83098,69817,13,6,10,Monday,50.0,Unhealthy
16,25,13,410,24,50,83127,76999,14,6,10,Monday,53.333333333333336,Unhealthy
18,28,14,412,23,52,83190,84141,15,6,10,Monday,60.0,Unhealthy
18,28,14,412,22,54,83259,85234,16,6,10,Monday,60.0,Unhealthy
16,25,13,412,22,56,83351,76259,17,6,10,Monday,53.333333333333336,Unhealthy
17,26,13,413,22,59,83400,82666,18,6,10,Monday,56.666666666666664,Unhealthy
21,33,16,417,21,63,83462,106089,19,6,10,Monday,70.0,Unhealthy
17,26,13,417,21,67,83441,81609,20,6,10,Monday,56.666666666666664,Unhealthy
12,18,9,415,21,68,83381,55533,21,6,10,Monday,40.0,Unhealthy for Sensitive Groups
9,14,7,413,20,68,83330,44221,22,6,10,Monday,30.0,Unhealthy for Sensitive Groups
9,13,6,411,19,70,83334,41289,23,6,10,Monday,30.0,Unhealthy for Sensitive Groups
8,13,6,412,19,70,83325,39801,0,7,10,Tuesday,26.666666666666668,Moderate
8,12,6,411,19,72,83350,38297,1,7,10,Tuesday,26.666666666666668,Moderate
9,14,7,413,19,72,83385,43552,2,7,10,Tuesday,30.0,Unhealthy for Sensitive Groups
12,18,9,411,19,71,83443,56981,3,7,10,Tuesday,40.0,Unhealthy for Sensitive Groups
11,17,9,411,19,72,83530,52141,4,7,10,Tuesday,36.666666666666664,Unhealthy for Sensitive Groups
12,17,9,409,20,68,83589,55214,5,7,10,Tuesday,40.0,Unhealthy for Sensitive Groups
18,27,14,408,21,64,83630,86789,6,7,10,Tuesday,60.0,Unhealthy
18,27,13,406,24,56,83602,87564,7,7,10,Tuesday,60.0,Unhealthy
14,21,11,404,25,50,83530,63931,8,7,10,Tuesday,46.666666666666664,Unhealthy for Sensitive Groups
11,17,9,403,26,47,83419,51627,9,7,10,Tuesday,36.666666666666664,Unhealthy for Sensitive Groups
11,17,9,403,26,47,83320,51992,10,7,10,Tuesday,36.666666666666664,Unhealthy for Sensitive Groups
9,13,7,403,26,44,83240,40786,11,7,10,Tuesday,30.0,Unhealthy for Sensitive Groups
7,12,6,403,26,44,83190,35158,12,7,10,Tuesday,23.333333333333332,Moderate
7,11,6,405,25,46,83189,32731,13,7,10,Tuesday,23.333333333333332,Moderate
7,11,6,408,24,48,83223,32907,14,7,10,Tuesday,23.333333333333332,Moderate
8,13,6,413,23,51,83259,37615,15,7,10,Tuesday,26.666666666666668,Moderate
12,19,9,422,22,55,83314,54521,16,7,10,Tuesday,40.0,Unhealthy for Sensitive Groups
18,27,14,437,22,58,83367,81395,17,7,10,Tuesday,60.0,Unhealthy
18,27,14,429,22,58,83413,80563,18,7,10,Tuesday,60.0,Unhealthy
18,28,14,420,20,64,83458,83437,19,7,10,Tuesday,60.0,Unhealthy
8,13,6,414,20,72,83456,39433,20,7,10,Tuesday,26.666666666666668,Moderate
10,15,8,413,20,75,83398,46663,21,7,10,Tuesday,33.33333333333333,Unhealthy for Sensitive Groups
10,16,8,414,19,76,83336,49806,22,7,10,Tuesday,33.33333333333333,Unhealthy for Sensitive Groups
10,15,8,417,20,75,83296,46095,23,7,10,Tuesday,33.33333333333333,Unhealthy for Sensitive Groups
14,21,11,419,19,75,83305,66020,0,8,10,Wednesday,46.666666666666664,Unhealthy for Sensitive Groups
10,16,8,419,19,74,83332,47758,1,8,10,Wednesday,33.33333333333333,Unhealthy for Sensitive Groups
10,15,8,418,19,74,83366,45162,2,8,10,Wednesday,33.33333333333333,Unhealthy for Sensitive Groups
10,15,8,418,19,72,83428,47904,3,8,10,Wednesday,33.33333333333333,Unhealthy for Sensitive Groups
11,17,8,418,19,70,83538,50536,4,8,10,Wednesday,36.666666666666664,Unhealthy for Sensitive Groups
14,22,11,418,20,66,83585,64327,5,8,10,Wednesday,46.666666666666664,Unhealthy for Sensitive Groups
13,20,10,413,21,60,83615,58262,6,8,10,Wednesday,43.333333333333336,Unhealthy for Sensitive Groups
11,17,9,411,22,58,83598,51437,7,8,10,Wednesday,36.666666666666664,Unhealthy for Sensitive Groups
11,17,9,409,23,55,83552,53124,8,8,10,Wednesday,36.666666666666664,Unhealthy for Sensitive Groups
8,13,6,410,25,50,83456,39982,9,8,10,Wednesday,26.666666666666668,Moderate
9,13,7,407,26,48,83329,41039,10,8,10,Wednesday,30.0,Unhealthy for Sensitive Groups
8,12,6,407,27,45,83236,35894,11,8,10,Wednesday,26.666666666666668,Moderate
7,11,6,405,27,44,83182,32587,12,8,10,Wednesday,23.333333333333332,Moderate
7,10,6,406,26,43,83160,32142,13,8,10,Wednesday,23.333333333333332,Moderate
6,10,5,409,25,45,83155,30775,14,8,10,Wednesday,20.0,Moderate
9,14,7,413,23,49,83186,43320,15,8,10,Wednesday,30.0,Unhealthy for Sensitive Groups
13,21,10,416,22,53,83278,60306,16,8,10,Wednesday,43.333333333333336,Unhealthy for Sensitive Groups
15,24,12,418,21,56,83326,69389,17,8,10,Wednesday,50.0,Unhealthy
13,20,10,420,21,57,83396,61083,18,8,10,Wednesday,43.333333333333336,Unhealthy for Sensitive Groups
11,16,9,420,21,60,83453,50464,19,8,10,Wednesday,36.666666666666664,Unhealthy for Sensitive Groups
10,15,8,419,21,62,83455,45482,20,8,10,Wednesday,33.33333333333333,Unhealthy for Sensitive Groups
7,11,6,419,20,65,83436,33725,21,8,10,Wednesday,23.333333333333332,Moderate
6,10,5,417,20,67,83409,29737,22,8,10,Wednesday,20.0,Moderate
7,10,6,415,19,72,83391,31282,23,8,10,Wednesday,23.333333333333332,Moderate
9,13,7,414,19,74,83403,40577,0,9,10,Thursday,30.0,Unhealthy for Sensitive Groups
12,18,9,416,19,75,83420,54358,1,9,10,Thursday,40.0,Unhealthy for Sensitive Groups
10,15,8,417,19,74,83483,45312,2,9,10,Thursday,33.33333333333333,Unhealthy for Sensitive Groups
12,20,10,419,19,74,83538,57226,3,9,10,Thursday,40.0,Unhealthy for Sensitive Groups
17,27,13,419,19,71,83588,78012,4,9,10,Thursday,56.666666666666664,Unhealthy
13,21,10,416,20,67,83647,60391,5,9,10,Thursday,43.333333333333336,Unhealthy for Sensitive Groups
12,18,9,412,21,61,83672,53559,6,9,10,Thursday,40.0,Unhealthy for Sensitive Groups
10,15,8,411,24,52,83647,45043,7,9,10,Thursday,33.33333333333333,Unhealthy for Sensitive Groups
8,12,6,408,26,47,83586,35853,8,9,10,Thursday,26.666666666666668,Moderate
6,10,5,408,27,44,83487,30296,9,9,10,Thursday,20.0,Moderate
8,13,6,409,27,43,83385,36134,10,9,10,Thursday,26.666666666666668,Moderate
8,13,6,407,27,40,83288,39376,11,9,10,Thursday,26.666666666666668,Moderate
9,14,7,408,26,42,83251,43537,12,9,10,Thursday,30.0,Unhealthy for Sensitive Groups
7,10,5,408,26,41,83215,31121,13,9,10,Thursday,23.333333333333332,Moderate
5,8,4,411,25,42,83200,23473,14,9,10,Thursday,16.666666666666664,Moderate
8,13,6,415,24,47,83232,36348,15,9,10,Thursday,26.666666666666668,Moderate
13,20,10,417,22,52,83277,57255,16,9,10,Thursday,43.333333333333336,Unhealthy for Sensitive Groups
14,23,11,419,22,54,83348,64396,17,9,10,Thursday,46.666666666666664,Unhealthy for Sensitive Groups
10,15,8,420,21,59,83431,44983,18,9,10,Thursday,33.33333333333333,Unhealthy for Sensitive Groups
8,12,6,419,21,64,83475,37101,19,9,10,Thursday,26.666666666666668,Moderate
6,9,5,417,20,68,83475,27500,20,9,10,Thursday,20.0,Moderate
6,9,5,417,20,71,83443,28491,21,9,10,Thursday,20.0,Moderate
6,9,5,418,20,71,83402,28733,22,9,10,Thursday,20.0,Moderate
5,8,4,421,20,72,83376,26585,23,9,10,Thursday,16.666666666666664,Moderate
6,9,5,422,20,73,83365,29517,0,10,10,Friday,20.0,Moderate
9,13,7,422,19,74,83384,41917,1,10,10,Friday,30.0,Unhealthy for Sensitive Groups
10,15,8,424,19,74,83415,46488,2,10,10,Friday,33.33333333333333,Unhealthy for Sensitive Groups
7,11,6,423,19,74,83451,34218,3,10,10,Friday,23.333333333333332,Moderate
9,13,7,413,20,71,83516,41550,4,10,10,Friday,30.0,Unhealthy for Sensitive Groups
9,14,7,410,22,62,83565,42798,5,10,10,Friday,30.0,Unhealthy for Sensitive Groups
6,9,5,409,23,55,83570,28389,6,10,10,Friday,20.0,Moderate
6,10,5,408,25,51,83551,29733,7,10,10,Friday,20.0,Moderate
7,12,6,407,26,47,83480,35022,8,10,10,Friday,23.333333333333332,Moderate
6,10,5,405,26,46,83392,30006,9,10,10,Friday,20.0,Moderate
5,7,4,405,27,42,83296,23316,10,10,10,Friday,16.666666666666664,Moderate
6,9,5,404,27,40,83214,27538,11,10,10,Friday,20.0,Moderate
5,9,4,404,27,41,83169,26663,12,10,10,Friday,16.666666666666664,Moderate
4,6,3,405,26,41,83133,20527,13,10,10,Friday,13.333333333333334,Good
4,6,3,407,25,42,83143,19879,14,10,10,Friday,13.333333333333334,Good
6,10,5,411,24,45,83185,30448,15,10,10,Friday,20.0,Moderate
12,20,10,416,23,48,83240,55771,16,10,10,Friday,40.0,Unhealthy for Sensitive Groups
15,23,12,418,22,51,83264,65600,17,10,10,Friday,50.0,Unhealthy
9,15,8,425,22,54,83312,44547,18,10,10,Friday,30.0,Unhealthy for Sensitive Groups
6,10,5,420,21,55,83357,29805,19,10,10,Friday,20.0,Moderate
5,8,4,418,21,58,83347,26269,20,10,10,Friday,16.666666666666664,Moderate
7,11,6,427,20,62,83325,32986,21,10,10,Friday,23.333333333333332,Moderate
6,9,5,422,20,66,83289,26541,22,10,10,Friday,20.0,Moderate
5,8,4,432,19,68,83253,25050,23,10,10,Friday,16.666666666666664,Moderate
6,9,5,438,19,69,83253,26769,0,11,10,Saturday,20.0,Moderate
4,7,3,425,19,70,83259,21845,1,11,10,Saturday,13.333333333333334,Good
4,6,3,439,19,70,83287,21240,2,11,10,Saturday,13.333333333333334,Good
5,7,4,428,19,69,83326,22517,3,11,10,Saturday,16.666666666666664,Moderate
9,13,7,417,22,62,83378,42015,4,11,10,Saturday,30.0,Unhealthy for Sensitive Groups
9,13,7,410,24,57,83424,40413,5,11,10,Saturday,30.0,Unhealthy for Sensitive Groups
11,16,8,408,26,46,83433,50897,6,11,10,Saturday,36.666666666666664,Unhealthy for Sensitive Groups
17,25,13,407,27,41,83406,77350,7,11,10,Saturday,56.666666666666664,Unhealthy
14,22,11,406,28,38,83338,62691,8,11,10,Saturday,46.666666666666664,Unhealthy for Sensitive Groups
8,14,6,405,29,34,83220,38356,9,11,10,Saturday,26.666666666666668,Moderate
9,16,7,403,29,33,83102,39990,10,11,10,Saturday,30.0,Unhealthy for Sensitive Groups
7,12,5,403,29,32,83019,30928,11,11,10,Saturday,23.333333333333332,Moderate
6,10,5,404,29,31,82975,30562,12,11,10,Saturday,20.0,Moderate
7,10,6,406,28,33,82965,32000,13,11,10,Saturday,23.333333333333332,Moderate
5,9,4,408,26,35,82981,26433,14,11,10,Saturday,16.666666666666664,Moderate
7,11,5,412,24,37,83023,31814,15,11,10,Saturday,23.333333333333332,Moderate
18,31,14,417,23,40,83053,79814,16,11,10,Saturday,60.0,Unhealthy
16,26,12,418,22,43,83107,68176,17,11,10,Saturday,53.333333333333336,Unhealthy
9,14,7,417,22,46,83164,40529,18,11,10,Saturday,30.0,Unhealthy for Sensitive Groups
6,10,5,417,21,50,83203,28513,19,11,10,Saturday,20.0,Moderate
5,8,4,416,20,52,83188,23026,20,11,10,Saturday,16.666666666666664,Moderate
6,10,5,419,20,55,83145,29681,21,11,10,Saturday,20.0,Moderate
8,12,6,422,19,57,83112,36298,22,11,10,Saturday,26.666666666666668,Moderate
9,14,7,432,19,59,83081,41943,23,11,10,Saturday,30.0,Unhealthy for Sensitive Groups
9,14,7,434,18,61,83086,41276,0,12,10,Sunday,30.0,Unhealthy for Sensitive Groups
8,12,6,439,18,63,83121,37120,1,12,10,Sunday,26.666666666666668,Moderate
5,8,4,429,18,64,83163,23899,2,12,10,Sunday,16.666666666666664,Moderate
4,6,3,429,18,64,83228,19797,3,12,10,Sunday,13.333333333333334,Good
5,8,4,415,21,59,83282,24664,4,12,10,Sunday,16.666666666666664,Moderate
7,10,6,409,23,56,83339,31497,5,12,10,Sunday,23.333333333333332,Moderate
5,8,4,405,26,48,83331,25901,6,12,10,Sunday,16.666666666666664,Moderate
10,16,8,404,27,43,83289,48293,7,12,10,Sunday,33.33333333333333,Unhealthy for Sensitive Groups
8,13,7,404,28,39,83230,39389,8,12,10,Sunday,26.666666666666668,Moderate
6,10,5,403,29,36,83153,30055,9,12,10,Sunday,20.0,Moderate
8,12,6,403,29,35,83059,36933,10,12,10,Sunday,26.666666666666668,Moderate
7,11,6,403,29,34,82986,33584,11,12,10,Sunday,23.333333333333332,Moderate
6,9,5,403,29,34,82930,28792,12,12,10,Sunday,20.0,Moderate
4,7,3,404,28,35,82925,22503,13,12,10,Sunday,13.333333333333334,Good
4,6,3,405,26,38,82960,20743,14,12,10,Sunday,13.333333333333334,Good
4,8,3,409,24,41,83038,21595,15,12,10,Sunday,13.333333333333334,Good
8,12,6,412,24,42,83124,35466,16,12,10,Sunday,26.666666666666668,Moderate
9,14,7,412,23,43,83171,40588,17,12,10,Sunday,30.0,Unhealthy for Sensitive Groups
8,12,6,412,22,46,83223,36042,18,12,10,Sunday,26.666666666666668,Moderate
4,6,3,412,21,49,83274,17821,19,12,10,Sunday,13.333333333333334,Good
3,6,2,414,21,51,83246,17218,20,12,10,Sunday,10.0,Good
4,6,3,414,20,53,83196,18605,21,12,10,Sunday,13.333333333333334,Good
3,5,2,413,20,57,83158,16163,22,12,10,Sunday,10.0,Good
4,6,3,414,19,61,83138,18588,23,12,10,Sunday,13.333333333333334,Good
3,5,2,425,19,62,83136,16796,0,13,10,Monday,10.0,Good
4,6,3,436,18,63,83172,19976,1,13,10,Monday,13.333333333333334,Good
5,8,4,433,19,64,83227,24189,2,13,10,Monday,16.666666666666664,Moderate
6,9,5,421,19,64,83289,29894,3,13,10,Monday,20.0,Moderate
7,11,5,410,20,64,83357,32526,4,13,10,Monday,23.333333333333332,Moderate
5,7,4,405,22,57,83403,23015,5,13,10,Monday,16.666666666666664,Moderate
5,8,4,405,25,50,83406,25347,6,13,10,Monday,16.666666666666664,Moderate
7,11,6,402,26,48,83385,34377,7,13,10,Monday,23.333333333333332,Moderate
8,13,6,402,26,47,83328,39536,8,13,10,Monday,26.666666666666668,Moderate
9,14,7,403,27,44,83228,42484,9,13,10,Monday,30.0,Unhealthy for Sensitive Groups
11,18,8,403,28,42,83123,49434,10,13,10,Monday,36.666666666666664,Unhealthy for Sensitive Groups
7,12,6,402,28,39,83051,35951,11,13,10,Monday,23.333333333333332,Moderate
7,10,6,402,28,38,82990,32510,12,13,10,Monday,23.333333333333332,Moderate
6,9,5,402,28,37,82968,29951,13,13,10,Monday,20.0,Moderate
7,10,6,404,27,38,82991,31885,14,13,10,Monday,23.333333333333332,Moderate
8,13,7,409,25,41,83040,38495,15,13,10,Monday,26.666666666666668,Moderate
10,17,8,415,24,44,83084,48576,16,13,10,Monday,33.33333333333333,Unhealthy for Sensitive Groups
17,28,13,419,23,47,83136,74594,17,13,10,Monday,56.666666666666664,Unhealthy
11,18,9,417,22,49,83197,52402,18,13,10,Monday,36.666666666666664,Unhealthy for Sensitive Groups
6,10,5,416,21,51,83237,29708,19,13,10,Monday,20.0,Moderate
4,6,3,414,21,53,83250,19498,20,13,10,Monday,13.333333333333334,Good
3,5,2,413,20,57,83227,16229,21,13,10,Monday,10.0,Good
4,7,3,416,20,61,83195,21129,22,13,10,Monday,13.333333333333334,Good
5,8,4,417,19,64,83191,23190,23,13,10,Monday,16.666666666666664,Moderate
6,9,5,424,19,64,83209,26936,0,14,10,Tuesday,20.0,Moderate
6,9,5,423,19,66,83238,28814,1,14,10,Tuesday,20.0,Moderate
7,10,5,419,19,70,83289,31819,2,14,10,Tuesday,23.333333333333332,Moderate
9,14,7,419,19,70,83356,42357,3,14,10,Tuesday,30.0,Unhealthy for Sensitive Groups
9,14,7,413,19,70,83435,41617,4,14,10,Tuesday,30.0,Unhealthy for Sensitive Groups
9,14,7,409,20,66,83488,44279,5,14,10,Tuesday,30.0,Unhealthy for Sensitive Groups
9,14,7,408,22,59,83495,44950,6,14,10,Tuesday,30.0,Unhealthy for Sensitive Groups
12,19,10,407,25,49,83454,59416,7,14,10,Tuesday,40.0,Unhealthy for Sensitive Groups
11,17,9,405,26,44,83378,52311,8,14,10,Tuesday,36.666666666666664,Unhealthy for Sensitive Groups
6,10,5,404,28,41,83290,30844,9,14,10,Tuesday,20.0,Moderate
6,9,5,403,29,38,83173,28148,10,14,10,Tuesday,20.0,Moderate
6,10,5,403,29,35,83089,30185,11,14,10,Tuesday,20.0,Moderate
7,10,5,403,29,33,83019,31372,12,14,10,Tuesday,23.333333333333332,Moderate
6,10,5,404,28,33,82977,29042,13,14,10,Tuesday,20.0,Moderate
7,11,6,407,27,36,82988,33607,14,14,10,Tuesday,23.333333333333332,Moderate
6,9,5,410,25,39,83031,27141,15,14,10,Tuesday,20.0,Moderate
11,17,8,416,24,44,83091,48759,16,14,10,Tuesday,36.666666666666664,Unhealthy for Sensitive Groups
13,20,10,425,23,48,83129,59035,17,14,10,Tuesday,43.333333333333336,Unhealthy for Sensitive Groups
17,27,13,434,22,51,83186,77338,18,14,10,Tuesday,56.666666666666664,Unhealthy
22,35,16,444,21,54,83222,103482,19,14,10,Tuesday,73.33333333333333,Unhealthy
21,32,16,439,20,56,83214,98048,20,14,10,Tuesday,70.0,Unhealthy
20,30,15,444,20,58,83179,91216,21,14,10,Tuesday,66.66666666666666,Unhealthy
15,23,12,445,19,61,83142,71743,22,14,10,Tuesday,50.0,Unhealthy
14,21,11,453,19,62,83122,64715,23,14,10,Tuesday,46.666666666666664,Unhealthy for Sensitive Groups
13,20,11,444,18,64,83106,62700,0,15,10,Wednesday,43.333333333333336,Unhealthy for Sensitive Groups
15,22,12,460,18,64,83121,68726,1,15,10,Wednesday,50.0,Unhealthy
15,24,12,474,17,64,83187,72347,2,15,10,Wednesday,50.0,Unhealthy
19,29,15,485,17,66,83245,89213,3,15,10,Wednesday,63.33333333333333,Unhealthy
22,34,16,474,18,68,83341,107567,4,15,10,Wednesday,73.33333333333333,Unhealthy
18,28,14,421,20,67,83400,85044,5,15,10,Wednesday,60.0,Unhealthy
12,18,9,412,22,62,83411,55144,6,15,10,Wednesday,40.0,Unhealthy for Sensitive Groups
11,17,9,407,25,52,83375,51446,7,15,10,Wednesday,36.666666666666664,Unhealthy for Sensitive Groups
17,26,14,405,27,45,83283,80768,8,15,10,Wednesday,56.666666666666664,Unhealthy
18,27,14,404,29,40,83160,83523,9,15,10,Wednesday,60.0,Unhealthy
15,25,12,402,29,37,83038,68314,10,15,10,Wednesday,50.0,Unhealthy
10,17,8,403,29,32,82953,47720,11,15,10,Wednesday,33.33333333333333,Unhealthy for Sensitive Groups
7,11,5,404,29,27,82898,30920,12,15,10,Wednesday,23.333333333333332,Moderate
4,7,3,405,29,25,82882,21886,13,15,10,Wednesday,13.333333333333334,Good
6,9,5,405,28,31,82885,27209,14,15,10,Wednesday,20.0,Moderate
11,18,8,411,26,37,82936,48988,15,15,10,Wednesday,36.666666666666664,Unhealthy for Sensitive Groups
13,23,10,413,24,44,83002,55872,16,15,10,Wednesday,43.333333333333336,Unhealthy for Sensitive Groups
9,15,7,412,23,48,83082,39872,17,15,10,Wednesday,30.0,Unhealthy for Sensitive Groups
6,10,5,413,23,50,83173,29512,18,15,10,Wednesday,20.0,Moderate
6,9,5,412,22,52,83196,28766,19,15,10,Wednesday,20.0,Moderate
5,8,4,412,21,55,83184,24937,20,15,10,Wednesday,16.666666666666664,Moderate
5,8,4,414,21,57,83143,25359,21,15,10,Wednesday,16.666666666666664,Moderate
5,8,4,416,20,60,83114,22845,22,15,10,Wednesday,16.666666666666664,Moderate
5,9,4,416,20,65,83078,24812,23,15,10,Wednesday,16.666666666666664,Moderate
5,9,4,427,19,67,83072,26229,0,16,10,Thursday,16.666666666666664,Moderate
8,11,6,425,20,68,83082,35334,1,16,10,Thursday,26.666666666666668,Moderate
9,14,7,419,19,69,83138,42607,2,16,10,Thursday,30.0,Unhealthy for Sensitive Groups
9,14,7,416,20,68,83193,41618,3,16,10,Thursday,30.0,Unhealthy for Sensitive Groups
13,20,10,415,20,68,83258,59578,4,16,10,Thursday,43.333333333333336,Unhealthy for Sensitive Groups
10,15,8,415,22,62,83309,47165,5,16,10,Thursday,33.33333333333333,Unhealthy for Sensitive Groups
7,11,6,408,25,53,83308,34905,6,16,10,Thursday,23.333333333333332,Moderate
9,14,7,403,25,52,83252,42995,7,16,10,Thursday,30.0,Unhealthy for Sensitive Groups
13,21,11,403,26,50,83172,62722,8,16,10,Thursday,43.333333333333336,Unhealthy for Sensitive Groups
12,18,9,403,28,45,83080,54520,9,16,10,Thursday,40.0,Unhealthy for Sensitive Groups
9,14,7,403,28,43,82974,41190,10,16,10,Thursday,30.0,Unhealthy for Sensitive Groups
8,12,6,402,28,42,82901,36020,11,16,10,Thursday,26.666666666666668,Moderate
7,12,6,401,28,41,82860,35608,12,16,10,Thursday,23.333333333333332,Moderate
6,11,5,401,28,41,82831,30818,13,16,10,Thursday,20.0,Moderate
7,13,5,406,26,44,82895,31942,14,16,10,Thursday,23.333333333333332,Moderate
15,26,11,412,24,53,82968,62210,15,16,10,Thursday,50.0,Unhealthy
15,26,11,418,24,55,83070,65106,16,16,10,Thursday,50.0,Unhealthy
10,16,8,421,23,63,83157,48870,17,16,10,Thursday,33.33333333333333,Unhealthy for Sensitive Groups
8,12,6,417,22,59,83225,36679,18,16,10,Thursday,26.666666666666668,Moderate
7,11,6,416,22,57,83239,34543,19,16,10,Thursday,23.333333333333332,Moderate
6,9,5,414,22,58,83224,27036,20,16,10,Thursday,20.0,Moderate
4,6,3,414,21,59,83207,21182,21,16,10,Thursday,13.333333333333334,Good
4,7,3,421,21,61,83160,21074,22,16,10,Thursday,13.333333333333334,Good
5,8,4,425,20,63,83134,23820,23,16,10,Thursday,16.666666666666664,Moderate
5,8,4,421,19,65,83146,24957,0,17,10,Friday,16.666666666666664,Moderate
6,9,5,415,19,70,83182,27725,1,17,10,Friday,20.0,Moderate
6,10,5,417,19,70,83215,30183,2,17,10,Friday,20.0,Moderate
8,13,6,417,20,70,83242,37770,3,17,10,Friday,26.666666666666668,Moderate
10,15,8,414,20,70,83324,44994,4,17,10,Friday,33.33333333333333,Unhealthy for Sensitive Groups
11,18,9,412,21,69,83411,53405,5,17,10,Friday,36.666666666666664,Unhealthy for Sensitive Groups
12,18,9,409,22,65,83430,54042,6,17,10,Friday,40.0,Unhealthy for Sensitive Groups
9,14,7,408,25,57,83406,44518,7,17,10,Friday,30.0,Unhealthy for Sensitive Groups
10,16,8,404,25,53,83376,49181,8,17,10,Friday,33.33333333333333,Unhealthy for Sensitive Groups
13,20,11,404,27,48,83288,63099,9,17,10,Friday,43.333333333333336,Unhealthy for Sensitive Groups
16,25,13,404,27,46,83161,75794,10,17,10,Friday,53.333333333333336,Unhealthy
13,20,10,403,29,40,83054,61010,11,17,10,Friday,43.333333333333336,Unhealthy for Sensitive Groups
9,15,7,402,29,39,82994,43160,12,17,10,Friday,30.0,Unhealthy for Sensitive Groups
10,19,7,407,24,50,83045,43589,13,17,10,Friday,33.33333333333333,Unhealthy for Sensitive Groups
9,15,7,409,22,58,83093,43753,14,17,10,Friday,30.0,Unhealthy for Sensitive Groups
9,14,7,420,23,57,83125,42683,15,17,10,Friday,30.0,Unhealthy for Sensitive Groups
15,23,12,425,22,56,83189,70882,16,17,10,Friday,50.0,Unhealthy
18,27,14,423,22,56,83272,80802,17,17,10,Friday,60.0,Unhealthy
10,15,8,417,22,57,83374,46274,18,17,10,Friday,33.33333333333333,Unhealthy for Sensitive Groups
7,11,6,416,21,58,83397,32596,19,17,10,Friday,23.333333333333332,Moderate
6,9,5,415,21,59,83375,28762,20,17,10,Friday,20.0,Moderate
5,9,4,415,21,61,83359,26998,21,17,10,Friday,16.666666666666664,Moderate
5,9,4,415,21,65,83321,25825,22,17,10,Friday,16.666666666666664,Moderate
6,10,5,416,20,69,83277,29017,23,17,10,Friday,20.0,Moderate
7,10,5,417,20,69,83282,30768,0,18,10,Saturday,23.333333333333332,Moderate
8,12,6,414,20,70,83328,36094,1,18,10,Saturday,26.666666666666668,Moderate
10,15,8,417,20,73,83385,46600,2,18,10,Saturday,33.33333333333333,Unhealthy for Sensitive Groups
16,25,13,419,20,71,83452,73378,3,18,10,Saturday,53.333333333333336,Unhealthy
20,31,15,419,20,70,83508,93059,4,18,10,Saturday,66.66666666666666,Unhealthy
29,46,22,420,20,69,83551,140516,5,18,10,Saturday,96.66666666666667,Unhealthy
43,66,33,416,21,67,83561,220450,6,18,10,Saturday,143.33333333333334,Very Unhealthy
22,33,17,410,23,61,83534,105928,7,18,10,Saturday,73.33333333333333,Unhealthy
16,25,13,407,25,53,83468,76569,8,18,10,Saturday,53.333333333333336,Unhealthy
9,14,7,405,27,43,83346,43673,9,18,10,Saturday,30.0,Unhealthy for Sensitive Groups
11,16,9,405,28,41,83214,50511,10,18,10,Saturday,36.666666666666664,Unhealthy for Sensitive Groups
11,17,9,405,28,40,83129,53594,11,18,10,Saturday,36.666666666666664,Unhealthy for Sensitive Groups
11,17,8,404,28,41,83064,50221,12,18,10,Saturday,36.666666666666664,Unhealthy for Sensitive Groups
8,13,6,404,27,42,83051,39271,13,18,10,Saturday,26.666666666666668,Moderate
19,30,15,412,25,49,83075,86353,14,18,10,Saturday,63.33333333333333,Unhealthy
23,37,17,417,24,49,83106,102644,15,18,10,Saturday,76.66666666666667,Unhealthy
33,54,25,420,24,49,83154,148468,16,18,10,Saturday,110.00000000000001,Very Unhealthy
39,63,29,429,23,52,83238,173975,17,18,10,Saturday,130.0,Very Unhealthy
34,54,25,439,22,54,83303,152905,18,18,10,Saturday,113.33333333333333,Very Unhealthy
19,30,15,432,21,55,83326,88013,19,18,10,Saturday,63.33333333333333,Unhealthy
14,22,11,434,21,57,83314,63519,20,18,10,Saturday,46.666666666666664,Unhealthy for Sensitive Groups
8,12,6,422,20,57,83304,35246,21,18,10,Saturday,26.666666666666668,Moderate
5,9,4,427,19,61,83298,26054,22,18,10,Saturday,16.666666666666664,Moderate
26,41,20,441,19,63,83282,121524,23,18,10,Saturday,86.66666666666667,Unhealthy
12,19,10,445,19,64,83297,56422,0,19,10,Sunday,40.0,Unhealthy for Sensitive Groups
10,16,8,448,19,66,83333,47743,1,19,10,Sunday,33.33333333333333,Unhealthy for Sensitive Groups
8,12,6,425,19,68,83390,37638,2,19,10,Sunday,26.666666666666668,Moderate
7,12,6,418,19,69,83463,34434,3,19,10,Sunday,23.333333333333332,Moderate
8,12,6,418,19,70,83540,37228,4,19,10,Sunday,26.666666666666668,Moderate
18,28,14,414,20,70,83604,85993,5,19,10,Sunday,60.0,Unhealthy
19,29,14,411,21,64,83599,90307,6,19,10,Sunday,63.33333333333333,Unhealthy
23,35,17,410,23,58,83557,112082,7,19,10,Sunday,76.66666666666667,Unhealthy
17,25,13,408,24,53,83480,78549,8,19,10,Sunday,56.666666666666664,Unhealthy
11,16,9,405,26,46,83359,51412,9,19,10,Sunday,36.666666666666664,Unhealthy for Sensitive Groups
9,13,7,405,27,42,83230,41774,10,19,10,Sunday,30.0,Unhealthy for Sensitive Groups
7,11,6,405,28,38,83124,34872,11,19,10,Sunday,23.333333333333332,Moderate
6,10,5,404,28,37,83047,30821,12,19,10,Sunday,20.0,Moderate
6,9,5,404,27,36,83017,27738,13,19,10,Sunday,20.0,Moderate
5,9,4,407,26,37,83014,26992,14,19,10,Sunday,16.666666666666664,Moderate
8,13,6,416,24,41,83043,37937,15,19,10,Sunday,26.666666666666668,Moderate
15,25,11,427,23,43,83104,66503,16,19,10,Sunday,50.0,Unhealthy
19,31,15,428,22,46,83185,85655,17,19,10,Sunday,63.33333333333333,Unhealthy
12,19,10,425,21,46,83237,55514,18,19,10,Sunday,40.0,Unhealthy for Sensitive Groups
9,15,7,421,21,47,83257,43576,19,19,10,Sunday,30.0,Unhealthy for Sensitive Groups
8,12,6,419,20,51,83259,37768,20,19,10,Sunday,26.666666666666668,Moderate
7,11,6,418,20,55,83228,35530,21,19,10,Sunday,23.333333333333332,Moderate
10,15,8,427,19,57,83200,45887,22,19,10,Sunday,33.33333333333333,Unhealthy for Sensitive Groups
12,19,10,439,18,60,83156,57738,23,19,10,Sunday,40.0,Unhealthy for Sensitive Groups
11,17,9,448,17,62,83146,53329,0,20,10,Monday,36.666666666666664,Unhealthy for Sensitive Groups
10,15,7,443,17,64,83162,45862,1,20,10,Monday,33.33333333333333,Unhealthy for Sensitive Groups
9,14,7,442,17,65,83208,43791,2,20,10,Monday,30.0,Unhealthy for Sensitive Groups
10,16,8,457,17,64,83251,49830,3,20,10,Monday,33.33333333333333,Unhealthy for Sensitive Groups
14,21,11,445,21,57,83324,65771,4,20,10,Monday,46.666666666666664,Unhealthy for Sensitive Groups
9,14,7,408,24,49,83369,43432,5,20,10,Monday,30.0,Unhealthy for Sensitive Groups
15,23,12,406,26,41,83373,72601,6,20,10,Monday,50.0,Unhealthy
23,35,17,407,27,39,83353,109934,7,20,10,Monday,76.66666666666667,Unhealthy
17,26,13,405,28,36,83287,80725,8,20,10,Monday,56.666666666666664,Unhealthy
14,22,11,405,30,33,83175,66676,9,20,10,Monday,46.666666666666664,Unhealthy for Sensitive Groups
13,21,10,405,30,31,83064,63799,10,20,10,Monday,43.333333333333336,Unhealthy for Sensitive Groups
12,19,10,405,30,30,82958,59053,11,20,10,Monday,40.0,Unhealthy for Sensitive Groups
10,16,8,404,30,28,82878,49670,12,20,10,Monday,33.33333333333333,Unhealthy for Sensitive Groups
10,16,8,405,29,27,82848,49689,13,20,10,Monday,33.33333333333333,Unhealthy for Sensitive Groups
11,17,9,407,28,31,82873,51516,14,20,10,Monday,36.666666666666664,Unhealthy for Sensitive Groups
14,22,11,410,26,37,82950,66904,15,20,10,Monday,46.666666666666664,Unhealthy for Sensitive Groups
23,37,17,412,25,41,83041,104080,16,20,10,Monday,76.66666666666667,Unhealthy
19,29,14,412,24,44,83132,83768,17,20,10,Monday,63.33333333333333,Unhealthy
12,18,9,414,22,52,83207,55100,18,20,10,Monday,40.0,Unhealthy for Sensitive Groups
8,12,6,412,22,51,83271,37166,19,20,10,Monday,26.666666666666668,Moderate
7,11,6,414,22,51,83270,35023,20,20,10,Monday,23.333333333333332,Moderate
7,10,6,416,21,52,83221,31982,21,20,10,Monday,23.333333333333332,Moderate
6,9,5,423,21,54,83170,28739,22,20,10,Monday,20.0,Moderate
6,9,5,428,20,57,83136,29976,23,20,10,Monday,20.0,Moderate
8,12,6,437,19,59,83138,36936,0,21,10,Tuesday,26.666666666666668,Moderate
11,16,9,451,19,62,83165,50703,1,21,10,Tuesday,36.666666666666664,Unhealthy for Sensitive Groups
11,16,9,461,19,63,83195,49768,2,21,10,Tuesday,36.666666666666664,Unhealthy for Sensitive Groups
11,17,9,456,19,63,83278,51699,3,21,10,Tuesday,36.666666666666664,Unhealthy for Sensitive Groups
11,17,9,428,22,56,83346,51589,4,21,10,Tuesday,36.666666666666664,Unhealthy for Sensitive Groups
10,15,8,413,24,51,83386,46841,5,21,10,Tuesday,33.33333333333333,Unhealthy for Sensitive Groups
9,14,7,407,26,45,83368,45278,6,21,10,Tuesday,30.0,Unhealthy for Sensitive Groups
16,24,12,408,28,42,83337,74820,7,21,10,Tuesday,53.333333333333336,Unhealthy
24,38,18,409,28,41,83278,116210,8,21,10,Tuesday,80.0,Unhealthy
22,35,16,407,29,39,83175,106003,9,21,10,Tuesday,73.33333333333333,Unhealthy
20,32,14,405,30,37,83051,88007,10,21,10,Tuesday,66.66666666666666,Unhealthy
17,28,13,404,30,35,82947,78416,11,21,10,Tuesday,56.666666666666664,Unhealthy
15,25,12,405,28,38,82915,70751,12,21,10,Tuesday,50.0,Unhealthy
16,26,13,407,28,40,82912,77393,13,21,10,Tuesday,53.333333333333336,Unhealthy
25,38,19,411,27,41,82937,122562,14,21,10,Tuesday,83.33333333333334,Unhealthy
29,45,23,416,26,44,83012,146654,15,21,10,Tuesday,96.66666666666667,Unhealthy
28,42,22,420,25,46,83079,138089,16,21,10,Tuesday,93.33333333333333,Unhealthy
20,31,15,417,25,44,83149,97752,17,21,10,Tuesday,66.66666666666666,Unhealthy
12,19,9,413,24,42,83240,53985,18,21,10,Tuesday,40.0,Unhealthy for Sensitive Groups
7,11,6,412,23,48,83316,32916,19,21,10,Tuesday,23.333333333333332,Moderate
7,11,6,413,22,51,83338,34631,20,21,10,Tuesday,23.333333333333332,Moderate
7,11,6,412,22,54,83316,33578,21,21,10,Tuesday,23.333333333333332,Moderate
7,11,6,414,21,55,83286,33446,22,21,10,Tuesday,23.333333333333332,Moderate
6,10,5,414,21,56,83253,30653,23,21,10,Tuesday,20.0,Moderate
6,9,5,418,20,57,83246,30625,0,22,10,Wednesday,20.0,Moderate
6,9,5,421,20,58,83273,30442,1,22,10,Wednesday,20.0,Moderate
7,10,6,434,20,60,83311,32081,2,22,10,Wednesday,23.333333333333332,Moderate
8,13,7,438,20,62,83355,39032,3,22,10,Wednesday,26.666666666666668,Moderate
9,14,7,443,20,63,83440,44308,4,22,10,Wednesday,30.0,Unhealthy for Sensitive Groups
15,24,11,440,21,60,83486,66743,5,22,10,Wednesday,50.0,Unhealthy
19,31,14,423,21,58,83490,89953,6,22,10,Wednesday,63.33333333333333,Unhealthy
25,38,19,430,22,56,83500,119868,7,22,10,Wednesday,83.33333333333334,Unhealthy
24,37,18,447,23,55,83453,117771,8,22,10,Wednesday,80.0,Unhealthy
30,46,24,443,24,56,83359,147862,9,22,10,Wednesday,100.0,Very Unhealthy
29,46,22,432,25,52,83248,141596,10,22,10,Wednesday,96.66666666666667,Unhealthy
25,40,19,414,26,47,83166,118463,11,22,10,Wednesday,83.33333333333334,Unhealthy
20,32,15,412,25,47,83124,89366,12,22,10,Wednesday,66.66666666666666,Unhealthy
20,32,14,424,25,49,83110,91145,13,22,10,Wednesday,66.66666666666666,Unhealthy
19,30,15,444,24,52,83107,90104,14,22,10,Wednesday,63.33333333333333,Unhealthy
26,42,20,450,24,56,83146,124588,15,22,10,Wednesday,86.66666666666667,Unhealthy
30,46,23,431,23,54,83221,144056,16,22,10,Wednesday,100.0,Very Unhealthy
26,40,20,422,22,55,83302,126760,17,22,10,Wednesday,86.66666666666667,Unhealthy
24,36,18,421,22,57,83361,116499,18,22,10,Wednesday,80.0,Unhealthy
21,31,16,420,22,58,83404,100853,19,22,10,Wednesday,70.0,Unhealthy
19,28,15,421,22,59,83406,87627,20,22,10,Wednesday,63.33333333333333,Unhealthy
17,26,14,425,21,61,83362,82178,21,22,10,Wednesday,56.666666666666664,Unhealthy
15,23,12,429,21,62,83322,72457,22,22,10,Wednesday,50.0,Unhealthy
14,21,11,423,21,62,83294,65071,23,22,10,Wednesday,46.666666666666664,Unhealthy for Sensitive Groups
13,20,10,421,20,62,83317,62682,0,23,10,Thursday,43.333333333333336,Unhealthy for Sensitive Groups
11,17,9,419,20,61,83349,52012,1,23,10,Thursday,36.666666666666664,Unhealthy for Sensitive Groups
12,17,9,423,20,62,83369,54709,2,23,10,Thursday,40.0,Unhealthy for Sensitive Groups
15,22,12,428,20,64,83425,68625,3,23,10,Thursday,50.0,Unhealthy
16,24,13,420,20,64,83487,74397,4,23,10,Thursday,53.333333333333336,Unhealthy
16,25,13,419,21,63,83543,77791,5,23,10,Thursday,53.333333333333336,Unhealthy
15,23,12,410,23,55,83530,71966,6,23,10,Thursday,50.0,Unhealthy
19,29,15,409,26,49,83473,92685,7,23,10,Thursday,63.33333333333333,Unhealthy
20,31,15,406,27,46,83384,97859,8,23,10,Thursday,66.66666666666666,Unhealthy
21,32,16,407,28,44,83289,104291,9,23,10,Thursday,70.0,Unhealthy
19,30,15,405,29,40,83167,93707,10,23,10,Thursday,63.33333333333333,Unhealthy
19,28,15,405,29,40,83072,87502,11,23,10,Thursday,63.33333333333333,Unhealthy
16,25,13,406,28,41,83011,77058,12,23,10,Thursday,53.333333333333336,Unhealthy
14,21,11,408,27,43,83012,65214,13,23,10,Thursday,46.666666666666664,Unhealthy for Sensitive Groups
21,35,16,417,24,57,83066,97680,14,23,10,Thursday,70.0,Unhealthy
23,36,18,424,23,68,83156,110038,15,23,10,Thursday,76.66666666666667,Unhealthy
27,40,21,434,23,69,83230,129579,16,23,10,Thursday,90.0,Unhealthy
24,36,18,425,22,69,83309,115441,17,23,10,Thursday,80.0,Unhealthy
20,30,15,427,22,71,83356,97087,18,23,10,Thursday,66.66666666666666,Unhealthy
21,32,16,443,21,73,83380,104234,19,23,10,Thursday,70.0,Unhealthy
22,34,17,439,21,73,83366,110004,20,23,10,Thursday,73.33333333333333,Unhealthy
19,29,15,423,21,72,83326,90277,21,23,10,Thursday,63.33333333333333,Unhealthy
17,26,14,425,21,73,83288,81606,22,23,10,Thursday,56.666666666666664,Unhealthy
16,25,13,425,21,72,83238,78122,23,23,10,Thursday,53.333333333333336,Unhealthy
16,24,13,427,20,73,83232,73132,0,24,10,Friday,53.333333333333336,Unhealthy
15,23,12,423,20,74,83268,70572,1,24,10,Friday,50.0,Unhealthy
15,23,12,425,21,74,83331,70902,2,24,10,Friday,50.0,Unhealthy
18,27,14,428,20,74,83358,85684,3,24,10,Friday,60.0,Unhealthy
22,33,17,425,20,75,83429,106770,4,24,10,Friday,73.33333333333333,Unhealthy
23,35,18,421,20,76,83494,113962,5,24,10,Friday,76.66666666666667,Unhealthy
21,31,16,417,21,75,83508,102473,6,24,10,Friday,70.0,Unhealthy
24,36,18,413,23,70,83482,116468,7,24,10,Friday,80.0,Unhealthy
20,30,15,409,25,64,83432,95810,8,24,10,Friday,66.66666666666666,Unhealthy
13,21,11,406,26,57,83328,64424,9,24,10,Friday,43.333333333333336,Unhealthy for Sensitive Groups
11,17,9,404,26,54,83219,52260,10,24,10,Friday,36.666666666666664,Unhealthy for Sensitive Groups
12,18,10,405,27,52,83145,55609,11,24,10,Friday,40.0,Unhealthy for Sensitive Groups
17,25,13,405,27,53,83086,79316,12,24,10,Friday,56.666666666666664,Unhealthy
15,23,12,406,26,53,83075,71911,13,24,10,Friday,50.0,Unhealthy
13,20,10,410,25,53,83077,61208,14,24,10,Friday,43.333333333333336,Unhealthy for Sensitive Groups
15,22,12,418,24,56,83110,68753,15,24,10,Friday,50.0,Unhealthy
19,29,15,428,23,62,83177,89776,16,24,10,Friday,63.33333333333333,Unhealthy
17,26,14,417,22,67,83281,81441,17,24,10,Friday,56.666666666666664,Unhealthy
18,27,14,421,21,73,83357,84473,18,24,10,Friday,60.0,Unhealthy
25,38,20,430,21,74,83374,123596,19,24,10,Friday,83.33333333333334,Unhealthy
26,40,21,439,21,74,83370,130415,20,24,10,Friday,86.66666666666667,Unhealthy
19,28,15,434,21,73,83347,89345,21,24,10,Friday,63.33333333333333,Unhealthy
13,20,10,426,21,73,83290,61299,22,24,10,Friday,43.333333333333336,Unhealthy for Sensitive Groups
13,20,10,427,21,73,83219,60366,23,24,10,Friday,43.333333333333336,Unhealthy for Sensitive Groups
13,19,10,435,21,73,83201,59828,0,25,10,Saturday,43.333333333333336,Unhealthy for Sensitive Groups
12,19,10,444,20,73,83214,57623,1,25,10,Saturday,40.0,Unhealthy for Sensitive Groups
12,19,10,455,20,74,83263,58748,2,25,10,Saturday,40.0,Unhealthy for Sensitive Groups
14,20,11,454,20,74,83312,63557,3,25,10,Saturday,46.666666666666664,Unhealthy for Sensitive Groups
13,20,10,459,21,74,83386,63289,4,25,10,Saturday,43.333333333333336,Unhealthy for Sensitive Groups
14,22,12,422,22,68,83427,67657,5,25,10,Saturday,46.666666666666664,Unhealthy for Sensitive Groups
9,14,7,409,24,60,83407,43844,6,25,10,Saturday,30.0,Unhealthy for Sensitive Groups
12,18,10,410,26,55,83370,56662,7,25,10,Saturday,40.0,Unhealthy for Sensitive Groups
15,23,12,409,27,52,83301,70639,8,25,10,Saturday,50.0,Unhealthy
12,18,9,408,27,50,83191,55851,9,25,10,Saturday,40.0,Unhealthy for Sensitive Groups
11,16,9,407,29,46,83066,51233,10,25,10,Saturday,36.666666666666664,Unhealthy for Sensitive Groups
9,13,7,406,28,46,82983,41322,11,25,10,Saturday,30.0,Unhealthy for Sensitive Groups
9,14,7,407,28,46,82939,43414,12,25,10,Saturday,30.0,Unhealthy for Sensitive Groups
9,14,7,409,27,46,82919,44236,13,25,10,Saturday,30.0,Unhealthy for Sensitive Groups
11,18,9,411,24,56,82983,52347,14,25,10,Saturday,36.666666666666664,Unhealthy for Sensitive Groups
14,21,11,417,22,65,83044,63907,15,25,10,Saturday,46.666666666666664,Unhealthy for Sensitive Groups
17,26,14,431,23,67,83088,79788,16,25,10,Saturday,56.666666666666664,Unhealthy
18,28,14,439,23,66,83187,86305,17,25,10,Saturday,60.0,Unhealthy
16,24,13,420,22,70,83319,74079,18,25,10,Saturday,53.333333333333336,Unhealthy
17,26,14,423,22,71,83366,79441,19,25,10,Saturday,56.666666666666664,Unhealthy
13,19,10,424,22,71,83361,60224,20,25,10,Saturday,43.333333333333336,Unhealthy for Sensitive Groups
6,10,5,425,21,71,83312,31419,21,25,10,Saturday,20.0,Moderate
6,10,5,431,21,71,83277,30981,22,25,10,Saturday,20.0,Moderate
7,10,6,440,21,72,83158,33177,23,25,10,Saturday,23.333333333333332,Moderate
6,9,5,439,21,72,83135,29978,0,26,10,Sunday,20.0,Moderate
6,10,5,452,20,73,83182,31357,1,26,10,Sunday,20.0,Moderate
8,12,7,470,20,74,83209,38900,2,26,10,Sunday,26.666666666666668,Moderate
10,15,8,474,20,74,83297,46003,3,26,10,Sunday,33.33333333333333,Unhealthy for Sensitive Groups
23,34,18,452,21,72,83356,109906,4,26,10,Sunday,76.66666666666667,Unhealthy
23,34,17,424,24,64,83386,110703,5,26,10,Sunday,76.66666666666667,Unhealthy
16,24,12,417,26,58,83396,75176,6,26,10,Sunday,53.333333333333336,Unhealthy
12,19,10,413,26,55,83369,58638,7,26,10,Sunday,40.0,Unhealthy for Sensitive Groups
9,14,7,411,28,51,83278,45329,8,26,10,Sunday,30.0,Unhealthy for Sensitive Groups
4,6,3,408,30,43,83169,21385,9,26,10,Sunday,13.333333333333334,Good
6,9,5,408,30,40,83056,27891,10,26,10,Sunday,20.0,Moderate
8,12,6,409,29,42,82993,39468,11,26,10,Sunday,26.666666666666668,Moderate
11,17,9,409,28,46,82946,52522,12,26,10,Sunday,36.666666666666664,Unhealthy for Sensitive Groups
12,18,9,414,25,53,82979,54872,13,26,10,Sunday,40.0,Unhealthy for Sensitive Groups
10,15,8,415,25,53,83028,45793,14,26,10,Sunday,33.33333333333333,Unhealthy for Sensitive Groups
9,14,7,434,25,57,83091,44729,15,26,10,Sunday,30.0,Unhealthy for Sensitive Groups
17,25,13,437,24,58,83085,77761,16,26,10,Sunday,56.666666666666664,Unhealthy
21,32,17,445,23,59,83134,103154,17,26,10,Sunday,70.0,Unhealthy
22,33,17,472,22,63,83203,105979,18,26,10,Sunday,73.33333333333333,Unhealthy
26,39,20,486,22,65,83270,124777,19,26,10,Sunday,86.66666666666667,Unhealthy
22,34,17,467,22,65,83280,106996,20,26,10,Sunday,73.33333333333333,Unhealthy
20,30,15,438,21,68,83244,94426,21,26,10,Sunday,66.66666666666666,Unhealthy
11,17,9,427,22,67,83200,53321,22,26,10,Sunday,36.666666666666664,Unhealthy for Sensitive Groups
11,17,9,438,21,68,83163,52663,23,26,10,Sunday,36.666666666666664,Unhealthy for Sensitive Groups
11,17,9,447,20,69,83157,51968,0,27,10,Monday,36.666666666666664,Unhealthy for Sensitive Groups
12,18,10,467,20,69,83182,56992,1,27,10,Monday,40.0,Unhealthy for Sensitive Groups
13,19,10,462,20,70,83207,60937,2,27,10,Monday,43.333333333333336,Unhealthy for Sensitive Groups
15,23,12,460,20,70,83256,70358,3,27,10,Monday,50.0,Unhealthy
16,24,13,447,23,65,83313,75857,4,27,10,Monday,53.333333333333336,Unhealthy
12,18,9,418,26,57,83349,55201,5,27,10,Monday,40.0,Unhealthy for Sensitive Groups
17,27,14,412,27,51,83345,84396,6,27,10,Monday,56.666666666666664,Unhealthy
16,24,13,409,28,49,83344,76173,7,27,10,Monday,53.333333333333336,Unhealthy
12,18,10,407,29,46,83285,57357,8,27,10,Monday,40.0,Unhealthy for Sensitive Groups
10,16,8,406,30,43,83176,49423,9,27,10,Monday,33.33333333333333,Unhealthy for Sensitive Groups
10,15,8,407,31,39,83061,46650,10,27,10,Monday,33.33333333333333,Unhealthy for Sensitive Groups
9,13,7,407,30,40,83000,42254,11,27,10,Monday,30.0,Unhealthy for Sensitive Groups
11,17,9,413,27,51,83006,53085,12,27,10,Monday,36.666666666666664,Unhealthy for Sensitive Groups
13,21,11,421,24,65,83044,62281,13,27,10,Monday,43.333333333333336,Unhealthy for Sensitive Groups
13,20,11,426,24,66,83046,62313,14,27,10,Monday,43.333333333333336,Unhealthy for Sensitive Groups
13,20,11,421,22,67,83121,63559,15,27,10,Monday,43.333333333333336,Unhealthy for Sensitive Groups
12,18,10,421,22,68,83159,56528,16,27,10,Monday,40.0,Unhealthy for Sensitive Groups
11,16,9,428,22,69,83239,52553,17,27,10,Monday,36.666666666666664,Unhealthy for Sensitive Groups
12,18,10,434,21,69,83268,58504,18,27,10,Monday,40.0,Unhealthy for Sensitive Groups
11,16,9,435,21,69,83303,51753,19,27,10,Monday,36.666666666666664,Unhealthy for Sensitive Groups
10,15,8,445,21,71,83337,46731,20,27,10,Monday,33.33333333333333,Unhealthy for Sensitive Groups
11,16,9,455,21,71,83295,51615,21,27,10,Monday,36.666666666666664,Unhealthy for Sensitive Groups
12,18,10,430,21,71,83256,58168,22,27,10,Monday,40.0,Unhealthy for Sensitive Groups
14,21,11,430,21,73,83258,63812,23,27,10,Monday,46.666666666666664,Unhealthy for Sensitive Groups
9,14,7,425,21,74,83235,45199,0,28,10,Tuesday,30.0,Unhealthy for Sensitive Groups
5,8,4,421,20,76,83224,24621,1,28,10,Tuesday,16.666666666666664,Moderate
4,7,3,423,21,75,83258,22380,2,28,10,Tuesday,13.333333333333334,Good
8,12,6,428,21,75,83287,37770,3,28,10,Tuesday,26.666666666666668,Moderate
10,16,8,429,22,73,83332,49143,4,28,10,Tuesday,33.33333333333333,Unhealthy for Sensitive Groups
10,15,8,421,23,70,83394,47727,5,28,10,Tuesday,33.33333333333333,Unhealthy for Sensitive Groups
5,8,4,410,24,64,83387,26991,6,28,10,Tuesday,16.666666666666664,Moderate
6,9,5,408,26,61,83347,30491,7,28,10,Tuesday,20.0,Moderate
5,7,4,407,28,53,83271,25101,8,28,10,Tuesday,16.666666666666664,Moderate
7,10,5,407,29,50,83171,33101,9,28,10,Tuesday,23.333333333333332,Moderate
9,14,8,407,28,50,83058,46789,10,28,10,Tuesday,30.0,Unhealthy for Sensitive Groups
7,11,6,407,29,51,82981,34189,11,28,10,Tuesday,23.333333333333332,Moderate
5,8,4,407,28,49,82935,26010,12,28,10,Tuesday,16.666666666666664,Moderate
8,13,6,410,27,54,82911,37634,13,28,10,Tuesday,26.666666666666668,Moderate
5,8,4,416,23,68,83068,24985,14,28,10,Tuesday,16.666666666666664,Moderate
4,7,3,421,22,70,83135,21514,15,28,10,Tuesday,13.333333333333334,Good
7,10,6,421,22,72,83171,33184,16,28,10,Tuesday,23.333333333333332,Moderate
12,18,10,431,22,73,83221,56415,17,28,10,Tuesday,40.0,Unhealthy for Sensitive Groups
5,8,4,421,21,74,83315,26292,18,28,10,Tuesday,16.666666666666664,Moderate
4,6,3,424,21,74,83285,21684,19,28,10,Tuesday,13.333333333333334,Good
6,9,5,438,21,74,83279,28393,20,28,10,Tuesday,20.0,Moderate
7,10,6,434,21,74,83245,33520,21,28,10,Tuesday,23.333333333333332,Moderate
6,10,5,424,21,75,83191,31378,22,28,10,Tuesday,20.0,Moderate
6,10,5,420,20,76,83185,31817,23,28,10,Tuesday,20.0,Moderate
4,6,3,421,21,76,83179,20576,0,29,10,Wednesday,13.333333333333334,Good
3,4,2,427,21,75,83192,13520,1,29,10,Wednesday,10.0,Good
2,4,2,425,21,75,83248,12967,2,29,10,Wednesday,6.666666666666667,Good
4,6,3,431,20,75,83308,20474,3,29,10,Wednesday,13.333333333333334,Good
6,9,5,420,21,75,83349,30144,4,29,10,Wednesday,20.0,Moderate
9,14,8,419,21,75,83379,46469,5,29,10,Wednesday,30.0,Unhealthy for Sensitive Groups
2,4,2,421,22,72,83403,13450,6,29,10,Wednesday,6.666666666666667,Good
4,7,3,417,22,73,83371,22530,7,29,10,Wednesday,13.333333333333334,Good
7,11,6,414,22,75,83318,37143,8,29,10,Wednesday,23.333333333333332,Moderate
5,8,4,415,22,76,83238,24991,9,29,10,Wednesday,16.666666666666664,Moderate
4,7,3,411,23,73,83126,22825,10,29,10,Wednesday,13.333333333333334,Good
4,6,3,410,21,75,83081,20091,11,29,10,Wednesday,13.333333333333334,Good
2,4,2,410,22,76,83062,13149,12,29,10,Wednesday,6.666666666666667,Good
2,3,2,413,22,74,83066,11467,13,29,10,Wednesday,6.666666666666667,Good
2,3,2,416,22,71,83074,11928,14,29,10,Wednesday,6.666666666666667,Good
2,3,2,422,21,73,83106,10579,15,29,10,Wednesday,6.666666666666667,Good
5,8,4,432,21,75,83192,26906,16,29,10,Wednesday,16.666666666666664,Moderate
9,14,7,436,20,75,83261,44878,17,29,10,Wednesday,30.0,Unhealthy for Sensitive Groups
14,21,11,446,20,76,83300,66603,18,29,10,Wednesday,46.666666666666664,Unhealthy for Sensitive Groups
17,26,14,455,20,75,83294,82323,19,29,10,Wednesday,56.666666666666664,Unhealthy
22,33,17,452,20,76,83277,107534,20,29,10,Wednesday,73.33333333333333,Unhealthy
31,47,25,448,20,78,83254,156395,21,29,10,Wednesday,103.33333333333334,Very Unhealthy
29,45,23,448,20,77,83213,148456,22,29,10,Wednesday,96.66666666666667,Unhealthy
27,40,21,453,20,78,83188,133615,23,29,10,Wednesday,90.0,Unhealthy
23,35,18,451,20,77,83190,116487,0,30,10,Thursday,76.66666666666667,Unhealthy
18,28,14,443,20,78,83208,87898,1,30,10,Thursday,60.0,Unhealthy
15,23,12,442,20,77,83251,71270,2,30,10,Thursday,50.0,Unhealthy
14,21,11,444,20,76,83300,66011,3,30,10,Thursday,46.666666666666664,Unhealthy for Sensitive Groups
14,21,11,432,21,75,83363,64582,4,30,10,Thursday,46.666666666666664,Unhealthy for Sensitive Groups
11,17,9,416,21,74,83411,52446,5,30,10,Thursday,36.666666666666664,Unhealthy for Sensitive Groups
14,21,11,416,22,72,83422,64888,6,30,10,Thursday,46.666666666666664,Unhealthy for Sensitive Groups
15,22,12,412,23,65,83375,68462,7,30,10,Thursday,50.0,Unhealthy
16,24,12,411,25,60,83309,72842,8,30,10,Thursday,53.333333333333336,Unhealthy
11,16,9,410,27,53,83221,49997,9,30,10,Thursday,36.666666666666664,Unhealthy for Sensitive Groups
10,15,8,411,26,53,83117,46903,10,30,10,Thursday,33.33333333333333,Unhealthy for Sensitive Groups
10,15,8,414,25,56,83048,47165,11,30,10,Thursday,33.33333333333333,Unhealthy for Sensitive Groups
7,10,6,411,25,56,83016,33124,12,30,10,Thursday,23.333333333333332,Moderate
7,11,6,412,25,55,83014,34600,13,30,10,Thursday,23.333333333333332,Moderate
11,17,9,414,23,60,83066,53481,14,30,10,Thursday,36.666666666666664,Unhealthy for Sensitive Groups
13,19,10,416,22,65,83148,59262,15,30,10,Thursday,43.333333333333336,Unhealthy for Sensitive Groups
16,25,13,421,22,66,83220,75721,16,30,10,Thursday,53.333333333333336,Unhealthy
14,22,11,422,22,69,83286,65669,17,30,10,Thursday,46.666666666666664,Unhealthy for Sensitive Groups
18,27,14,423,21,75,83325,81902,18,30,10,Thursday,60.0,Unhealthy
17,25,13,421,20,77,83349,78280,19,30,10,Thursday,56.666666666666664,Unhealthy
13,19,10,420,20,77,83362,60046,20,30,10,Thursday,43.333333333333336,Unhealthy for Sensitive Groups
13,19,10,423,20,76,83341,59422,21,30,10,Thursday,43.333333333333336,Unhealthy for Sensitive Groups
11,17,9,439,20,75,83288,52882,22,30,10,Thursday,36.666666666666664,Unhealthy for Sensitive Groups
11,17,9,453,20,75,83249,53163,23,30,10,Thursday,36.666666666666664,Unhealthy for Sensitive Groups
12,18,10,459,20,76,83223,55397,0,31,10,Friday,40.0,Unhealthy for Sensitive Groups
16,25,13,442,20,77,83254,75768,1,31,10,Friday,53.333333333333336,Unhealthy
17,26,14,433,20,76,83283,78537,2,31,10,Friday,56.666666666666664,Unhealthy
21,32,16,436,20,76,83338,101307,3,31,10,Friday,70.0,Unhealthy
18,27,14,428,20,75,83416,84752,4,31,10,Friday,60.0,Unhealthy
19,29,15,419,22,69,83469,90376,5,31,10,Friday,63.33333333333333,Unhealthy
22,34,17,416,23,65,83459,109576,6,31,10,Friday,73.33333333333333,Unhealthy
17,25,13,413,24,63,83417,78778,7,31,10,Friday,56.666666666666664,Unhealthy
13,19,10,409,25,57,83343,58909,8,31,10,Friday,43.333333333333336,Unhealthy for Sensitive Groups
11,16,9,411,26,55,83261,50157,9,31,10,Friday,36.666666666666664,Unhealthy for Sensitive Groups
10,15,8,412,25,56,83175,48017,10,31,10,Friday,33.33333333333333,Unhealthy for Sensitive Groups
12,18,10,411,25,59,83119,56840,11,31,10,Friday,40.0,Unhealthy for Sensitive Groups
11,16,9,411,24,60,83093,50120,12,31,10,Friday,36.666666666666664,Unhealthy for Sensitive Groups
10,15,8,413,23,62,83107,47598,13,31,10,Friday,33.33333333333333,Unhealthy for Sensitive Groups
9,14,7,411,23,60,83133,43570,14,31,10,Friday,30.0,Unhealthy for Sensitive Groups
13,21,10,427,23,65,83179,60218,15,31,10,Friday,43.333333333333336,Unhealthy for Sensitive Groups
13,20,11,426,22,65,83248,62302,16,31,10,Friday,43.333333333333336,Unhealthy for Sensitive Groups
15,23,12,427,22,66,83300,69239,17,31,10,Friday,50.0,Unhealthy
14,21,11,433,22,67,83339,62861,18,31,10,Friday,46.666666666666664,Unhealthy for Sensitive Groups
11,17,9,425,21,66,83357,53351,19,31,10,Friday,36.666666666666664,Unhealthy for Sensitive Groups
10,15,8,426,21,67,83334,46276,20,31,10,Friday,33.33333333333333,Unhealthy for Sensitive Groups
8,12,6,422,21,69,83299,35948,21,31,10,Friday,26.666666666666668,Moderate
8,12,6,423,20,72,83260,35991,22,31,10,Friday,26.666666666666668,Moderate
7,11,6,422,20,74,83224,34531,23,31,10,Friday,23.333333333333332,Moderate
9,14,7,420,20,75,83198,43367,0,1,11,Saturday,30.0,Unhealthy for Sensitive Groups
15,23,12,418,20,76,83241,72758,1,1,11,Saturday,50.0,Unhealthy
10,16,8,418,19,77,83297,49092,2,1,11,Saturday,33.33333333333333,Unhealthy for Sensitive Groups
8,12,6,415,19,77,83363,38238,3,1,11,Saturday,26.666666666666668,Moderate
10,14,7,415,19,76,83449,45258,4,1,11,Saturday,33.33333333333333,Unhealthy for Sensitive Groups
13,20,10,414,20,75,83511,61480,5,1,11,Saturday,43.333333333333336,Unhealthy for Sensitive Groups
17,26,14,413,21,73,83531,82849,6,1,11,Saturday,56.666666666666664,Unhealthy
17,26,13,409,22,67,83506,81808,7,1,11,Saturday,56.666666666666664,Unhealthy
11,17,9,407,23,63,83441,54216,8,1,11,Saturday,36.666666666666664,Unhealthy for Sensitive Groups
10,16,8,404,24,58,83348,48642,9,1,11,Saturday,33.33333333333333,Unhealthy for Sensitive Groups
10,15,8,403,25,57,83242,45914,10,1,11,Saturday,33.33333333333333,Unhealthy for Sensitive Groups
10,15,8,404,25,58,83170,45354,11,1,11,Saturday,33.33333333333333,Unhealthy for Sensitive Groups
9,13,7,404,24,58,83141,40730,12,1,11,Saturday,30.0,Unhealthy for Sensitive Groups
11,17,9,408,24,61,83147,51999,13,1,11,Saturday,36.666666666666664,Unhealthy for Sensitive Groups
14,22,11,412,23,66,83187,65920,14,1,11,Saturday,46.666666666666664,Unhealthy for Sensitive Groups
17,25,13,424,22,72,83241,76517,15,1,11,Saturday,56.666666666666664,Unhealthy
14,21,11,418,21,73,83311,64153,16,1,11,Saturday,46.666666666666664,Unhealthy for Sensitive Groups
7,10,5,417,21,74,83386,31566,17,1,11,Saturday,23.333333333333332,Moderate
11,17,9,431,21,75,83427,52460,18,1,11,Saturday,36.666666666666664,Unhealthy for Sensitive Groups
17,25,13,438,21,75,83431,77380,19,1,11,Saturday,56.666666666666664,Unhealthy
18,28,14,442,20,75,83392,86681,20,1,11,Saturday,60.0,Unhealthy
16,24,13,444,20,75,83337,73480,21,1,11,Saturday,53.333333333333336,Unhealthy
14,21,11,438,20,76,83289,65977,22,1,11,Saturday,46.666666666666664,Unhealthy for Sensitive Groups
20,31,15,437,20,76,83246,96208,23,1,11,Saturday,66.66666666666666,Unhealthy
22,34,17,444,20,76,83239,106539,0,2,11,Sunday,73.33333333333333,Unhealthy
20,30,15,440,20,77,83272,90952,1,2,11,Sunday,66.66666666666666,Unhealthy
17,25,13,433,20,77,83307,76886,2,2,11,Sunday,56.666666666666664,Unhealthy
13,19,10,433,20,76,83357,59734,3,2,11,Sunday,43.333333333333336,Unhealthy for Sensitive Groups
11,17,9,424,20,76,83439,53260,4,2,11,Sunday,36.666666666666664,Unhealthy for Sensitive Groups
16,24,13,415,20,76,83516,72624,5,2,11,Sunday,53.333333333333336,Unhealthy
14,22,12,414,21,75,83541,67512,6,2,11,Sunday,46.666666666666664,Unhealthy for Sensitive Groups
14,21,11,413,23,68,83528,65572,7,2,11,Sunday,46.666666666666664,Unhealthy for Sensitive Groups
10,15,8,410,25,59,83468,45654,8,2,11,Sunday,33.33333333333333,Unhealthy for Sensitive Groups
8,13,6,408,27,52,83367,39242,9,2,11,Sunday,26.666666666666668,Moderate
9,13,7,406,27,52,83256,42264,10,2,11,Sunday,30.0,Unhealthy for Sensitive Groups
7,11,6,406,27,49,83166,32908,11,2,11,Sunday,23.333333333333332,Moderate
7,10,6,405,27,49,83129,31548,12,2,11,Sunday,23.333333333333332,Moderate
6,10,5,406,26,51,83127,31290,13,2,11,Sunday,20.0,Moderate
7,11,6,411,25,52,83161,35167,14,2,11,Sunday,23.333333333333332,Moderate
9,13,7,414,23,55,83235,41693,15,2,11,Sunday,30.0,Unhealthy for Sensitive Groups
11,16,9,418,23,58,83317,49570,16,2,11,Sunday,36.666666666666664,Unhealthy for Sensitive Groups
12,18,10,419,22,59,83402,54219,17,2,11,Sunday,40.0,Unhealthy for Sensitive Groups
11,16,9,417,22,62,83488,50502,18,2,11,Sunday,36.666666666666664,Unhealthy for Sensitive Groups
9,14,7,416,21,64,83519,42947,19,2,11,Sunday,30.0,Unhealthy for Sensitive Groups
8,12,6,415,21,69,83510,36061,20,2,11,Sunday,26.666666666666668,Moderate
6,10,5,414,20,72,83470,29727,21,2,11,Sunday,20.0,Moderate
7,11,6,417,20,73,83424,32322,22,2,11,Sunday,23.333333333333332,Moderate
6,9,5,417,20,73,83377,29817,23,2,11,Sunday,20.0,Moderate
7,10,6,419,20,74,83340,31465,0,3,11,Monday,23.333333333333332,Moderate
8,12,6,420,20,76,83366,35747,1,3,11,Monday,26.666666666666668,Moderate
8,12,6,421,20,77,83421,36663,2,3,11,Monday,26.666666666666668,Moderate
8,13,6,422,19,77,83477,40083,3,3,11,Monday,26.666666666666668,Moderate
11,17,9,416,20,75,83552,53662,4,3,11,Monday,36.666666666666664,Unhealthy for Sensitive Groups
12,18,9,411,21,73,83608,54723,5,3,11,Monday,40.0,Unhealthy for Sensitive Groups
12,19,10,409,23,66,83628,58991,6,3,11,Monday,40.0,Unhealthy for Sensitive Groups
12,19,10,406,25,57,83594,57602,7,3,11,Monday,40.0,Unhealthy for Sensitive Groups
10,15,8,405,26,51,83539,46019,8,3,11,Monday,33.33333333333333,Unhealthy for Sensitive Groups
10,15,8,404,27,49,83457,46716,9,3,11,Monday,33.33333333333333,Unhealthy for Sensitive Groups
9,14,7,404,27,47,83347,43712,10,3,11,Monday,30.0,Unhealthy for Sensitive Groups
8,13,6,403,28,46,83265,40390,11,3,11,Monday,26.666666666666668,Moderate
7,11,6,404,27,45,83222,34938,12,3,11,Monday,23.333333333333332,Moderate
6,9,5,404,26,42,83209,28889,13,3,11,Monday,20.0,Moderate
7,11,6,407,25,46,83240,34302,14,3,11,Monday,23.333333333333332,Moderate
10,16,8,413,24,53,83309,48938,15,3,11,Monday,33.33333333333333,Unhealthy for Sensitive Groups
14,21,11,423,23,57,83393,63850,16,3,11,Monday,46.666666666666664,Unhealthy for Sensitive Groups
18,28,14,425,22,60,83470,83812,17,3,11,Monday,60.0,Unhealthy
16,24,13,425,22,62,83548,73725,18,3,11,Monday,53.333333333333336,Unhealthy
13,19,10,417,22,63,83554,59310,19,3,11,Monday,43.333333333333336,Unhealthy for Sensitive Groups
9,14,7,413,21,64,83548,41907,20,3,11,Monday,30.0,Unhealthy for Sensitive Groups
8,12,6,414,21,67,83506,36806,21,3,11,Monday,26.666666666666668,Moderate
9,13,7,415,21,69,83475,40729,22,3,11,Monday,30.0,Unhealthy for Sensitive Groups
8,13,6,417,20,71,83428,38169,23,3,11,Monday,26.666666666666668,Moderate
9,14,7,418,20,73,83417,42570,0,4,11,Tuesday,30.0,Unhealthy for Sensitive Groups
8,13,6,417,20,74,83437,38828,1,4,11,Tuesday,26.666666666666668,Moderate
7,11,6,417,19,75,83475,33726,2,4,11,Tuesday,23.333333333333332,Moderate
13,19,10,419,19,75,83505,58319,3,4,11,Tuesday,43.333333333333336,Unhealthy for Sensitive Groups
10,15,8,411,20,74,83569,47148,4,4,11,Tuesday,33.33333333333333,Unhealthy for Sensitive Groups
9,14,7,409,22,68,83617,42446,5,4,11,Tuesday,30.0,Unhealthy for Sensitive Groups
9,13,7,407,24,59,83615,41917,6,4,11,Tuesday,30.0,Unhealthy for Sensitive Groups
7,11,6,404,25,53,83579,34785,7,4,11,Tuesday,23.333333333333332,Moderate
7,11,6,405,26,49,83506,34991,8,4,11,Tuesday,23.333333333333332,Moderate
7,11,6,404,27,48,83409,33847,9,4,11,Tuesday,23.333333333333332,Moderate
6,9,5,403,27,45,83317,28533,10,4,11,Tuesday,20.0,Moderate
5,8,4,403,28,41,83226,24176,11,4,11,Tuesday,16.666666666666664,Moderate
4,7,3,402,27,41,83188,21907,12,4,11,Tuesday,13.333333333333334,Good
5,7,4,404,27,41,83190,23687,13,4,11,Tuesday,16.666666666666664,Moderate
6,9,5,406,25,44,83223,28427,14,4,11,Tuesday,20.0,Moderate
7,11,6,413,24,48,83281,33220,15,4,11,Tuesday,23.333333333333332,Moderate
13,20,10,422,23,52,83351,58186,16,4,11,Tuesday,43.333333333333336,Unhealthy for Sensitive Groups
16,25,13,428,22,56,83407,73128,17,4,11,Tuesday,53.333333333333336,Unhealthy
18,28,14,440,22,60,83455,81155,18,4,11,Tuesday,60.0,Unhealthy
17,26,13,430,22,59,83494,76436,19,4,11,Tuesday,56.666666666666664,Unhealthy
12,19,10,423,21,61,83500,57274,20,4,11,Tuesday,40.0,Unhealthy for Sensitive Groups
13,19,10,426,22,62,83476,57991,21,4,11,Tuesday,43.333333333333336,Unhealthy for Sensitive Groups
10,15,8,418,20,65,83428,45899,22,4,11,Tuesday,33.33333333333333,Unhealthy for Sensitive Groups
10,15,8,419,20,69,83393,46363,23,4,11,Tuesday,33.33333333333333,Unhealthy for Sensitive Groups
10,15,8,417,20,70,83390,47343,0,5,11,Wednesday,33.33333333333333,Unhealthy for Sensitive Groups
9,13,7,418,20,71,83385,39936,1,5,11,Wednesday,30.0,Unhealthy for Sensitive Groups
8,13,6,417,20,71,83435,39348,2,5,11,Wednesday,26.666666666666668,Moderate
10,15,8,424,20,71,83451,47419,3,5,11,Wednesday,33.33333333333333,Unhealthy for Sensitive Groups
13,20,10,413,21,69,83483,57432,4,5,11,Wednesday,43.333333333333336,Unhealthy for Sensitive Groups
12,18,9,415,24,61,83524,54162,5,5,11,Wednesday,40.0,Unhealthy for Sensitive Groups
9,13,7,411,27,51,83524,41675,6,5,11,Wednesday,30.0,Unhealthy for Sensitive Groups
17,25,13,406,28,47,83478,77445,7,5,11,Wednesday,56.666666666666664,Unhealthy
12,18,9,406,29,41,83406,53980,8,5,11,Wednesday,40.0,Unhealthy for Sensitive Groups
11,17,9,405,30,36,83316,51242,9,5,11,Wednesday,36.666666666666664,Unhealthy for Sensitive Groups
10,16,8,404,30,32,83201,47329,10,5,11,Wednesday,33.33333333333333,Unhealthy for Sensitive Groups
7,11,6,404,30,29,83120,32715,11,5,11,Wednesday,23.333333333333332,Moderate
5,9,4,404,30,27,83068,26045,12,5,11,Wednesday,16.666666666666664,Moderate
7,11,6,403,28,33,83048,33226,13,5,11,Wednesday,23.333333333333332,Moderate
7,11,6,407,26,40,83089,34429,14,5,11,Wednesday,23.333333333333332,Moderate
8,13,7,411,25,42,83130,39035,15,5,11,Wednesday,26.666666666666668,Moderate
11,18,9,416,25,45,83200,52360,16,5,11,Wednesday,36.666666666666664,Unhealthy for Sensitive Groups
14,21,11,419,24,50,83261,62359,17,5,11,Wednesday,46.666666666666664,Unhealthy for Sensitive Groups
14,22,11,426,24,56,83307,65555,18,5,11,Wednesday,46.666666666666664,Unhealthy for Sensitive Groups
15,22,12,434,23,59,83336,68103,19,5,11,Wednesday,50.0,Unhealthy
12,18,10,423,23,59,83326,55206,20,5,11,Wednesday,40.0,Unhealthy for Sensitive Groups
9,14,7,421,22,62,83294,44081,21,5,11,Wednesday,30.0,Unhealthy for Sensitive Groups
7,11,6,415,22,62,83253,34100,22,5,11,Wednesday,23.333333333333332,Moderate
8,12,6,418,21,65,83219,37518,23,5,11,Wednesday,26.666666666666668,Moderate
8,12,6,426,21,67,83179,37537,0,6,11,Thursday,26.666666666666668,Moderate
9,14,7,428,21,69,83198,41735,1,6,11,Thursday,30.0,Unhealthy for Sensitive Groups
10,16,8,432,20,70,83243,47534,2,6,11,Thursday,33.33333333333333,Unhealthy for Sensitive Groups
12,18,10,429,21,70,83290,54314,3,6,11,Thursday,40.0,Unhealthy for Sensitive Groups
13,20,10,419,21,70,83343,59632,4,6,11,Thursday,43.333333333333336,Unhealthy for Sensitive Groups
9,14,7,405,24,62,83368,44247,5,6,11,Thursday,30.0,Unhealthy for Sensitive Groups
9,14,7,403,25,57,83357,42366,6,6,11,Thursday,30.0,Unhealthy for Sensitive Groups
8,13,6,402,26,52,83333,40270,7,6,11,Thursday,26.666666666666668,Moderate
11,17,9,401,27,50,83280,51952,8,6,11,Thursday,36.666666666666664,Unhealthy for Sensitive Groups
9,14,7,401,29,46,83174,43285,9,6,11,Thursday,30.0,Unhealthy for Sensitive Groups
7,10,6,400,28,46,83059,32410,10,6,11,Thursday,23.333333333333332,Moderate
6,9,5,399,29,43,82958,27670,11,6,11,Thursday,20.0,Moderate
6,9,5,399,28,42,82899,27315,12,6,11,Thursday,20.0,Moderate
5,8,4,400,27,44,82875,24374,13,6,11,Thursday,16.666666666666664,Moderate
4,7,3,402,26,46,82895,21028,14,6,11,Thursday,13.333333333333334,Good
6,10,5,406,25,52,82978,30078,15,6,11,Thursday,20.0,Moderate
9,14,7,410,24,55,83068,42095,16,6,11,Thursday,30.0,Unhealthy for Sensitive Groups
13,19,10,413,24,57,83132,57524,17,6,11,Thursday,43.333333333333336,Unhealthy for Sensitive Groups
11,16,9,415,23,59,83214,50286,18,6,11,Thursday,36.666666666666664,Unhealthy for Sensitive Groups
8,13,6,412,23,63,83244,40143,19,6,11,Thursday,26.666666666666668,Moderate
9,13,7,413,22,64,83238,40918,20,6,11,Thursday,30.0,Unhealthy for Sensitive Groups
9,14,7,411,22,68,83210,41814,21,6,11,Thursday,30.0,Unhealthy for Sensitive Groups
7,11,6,412,22,70,83143,33881,22,6,11,Thursday,23.333333333333332,Moderate
7,10,6,411,22,70,83092,32316,23,6,11,Thursday,23.333333333333332,Moderate
6,9,5,411,21,70,83070,28705,0,7,11,Friday,20.0,Moderate
6,9,5,414,21,70,83100,29249,1,7,11,Friday,20.0,Moderate
7,10,6,418,21,72,83145,31692,2,7,11,Friday,23.333333333333332,Moderate
8,12,6,414,21,71,83188,36571,3,7,11,Friday,26.666666666666668,Moderate
9,14,7,414,21,72,83240,42231,4,7,11,Friday,30.0,Unhealthy for Sensitive Groups
9,14,7,411,22,70,83301,44204,5,7,11,Friday,30.0,Unhealthy for Sensitive Groups
10,15,8,409,23,66,83324,47629,6,7,11,Friday,33.33333333333333,Unhealthy for Sensitive Groups
10,15,8,404,26,56,83282,47485,7,7,11,Friday,33.33333333333333,Unhealthy for Sensitive Groups
7,10,6,400,26,55,83223,32697,8,7,11,Friday,23.333333333333332,Moderate
5,8,4,400,28,48,83138,24958,9,7,11,Friday,16.666666666666664,Moderate
5,7,4,400,28,47,83049,22846,10,7,11,Friday,16.666666666666664,Moderate
3,5,2,399,28,45,82984,16042,11,7,11,Friday,10.0,Good
3,5,2,400,27,44,82927,14901,12,7,11,Friday,10.0,Good
3,5,2,401,27,45,82901,16569,13,7,11,Friday,10.0,Good
5,9,4,403,25,50,82950,22052,14,7,11,Friday,16.666666666666664,Moderate
7,11,5,410,24,56,83030,31461,15,7,11,Friday,23.333333333333332,Moderate
12,19,10,416,23,57,83114,55859,16,7,11,Friday,40.0,Unhealthy for Sensitive Groups
10,15,8,418,23,58,83236,46445,17,7,11,Friday,33.33333333333333,Unhealthy for Sensitive Groups
6,9,4,412,21,69,83347,26085,18,7,11,Friday,20.0,Moderate
3,5,2,413,21,70,83381,16989,19,7,11,Friday,10.0,Good
4,6,3,419,21,70,83345,20411,20,7,11,Friday,13.333333333333334,Good
5,7,4,429,21,71,83303,23395,21,7,11,Friday,16.666666666666664,Moderate
4,6,3,419,21,73,83249,18780,22,7,11,Friday,13.333333333333334,Good
3,5,2,415,21,73,83213,15839,23,7,11,Friday,10.0,Good
3,5,2,423,21,73,83227,16442,0,8,11,Saturday,10.0,Good
3,5,2,426,20,74,83257,17204,1,8,11,Saturday,10.0,Good
4,7,3,425,21,74,83279,21925,2,8,11,Saturday,13.333333333333334,Good
7,10,5,426,20,74,83313,32342,3,8,11,Saturday,23.333333333333332,Moderate
7,10,6,418,21,73,83371,32633,4,8,11,Saturday,23.333333333333332,Moderate
6,9,5,411,22,70,83426,29687,5,8,11,Saturday,20.0,Moderate
6,9,4,408,24,64,83414,26965,6,8,11,Saturday,20.0,Moderate
6,9,5,404,26,58,83371,30133,7,8,11,Saturday,20.0,Moderate
6,9,5,403,28,51,83321,29644,8,8,11,Saturday,20.0,Moderate
5,8,4,402,28,46,83251,25290,9,8,11,Saturday,16.666666666666664,Moderate
4,6,3,401,28,46,83160,18674,10,8,11,Saturday,13.333333333333334,Good
3,5,2,400,28,46,83080,17738,11,8,11,Saturday,10.0,Good
3,5,2,400,27,44,83028,16393,12,8,11,Saturday,10.0,Good
3,5,2,402,26,45,83013,15888,13,8,11,Saturday,10.0,Good
4,6,2,404,25,48,83055,18299,14,8,11,Saturday,13.333333333333334,Good
6,9,5,408,24,56,83152,27256,15,8,11,Saturday,20.0,Moderate
6,9,4,410,22,65,83277,26414,16,8,11,Saturday,20.0,Moderate
8,12,6,413,22,67,83309,37553,17,8,11,Saturday,26.666666666666668,Moderate
8,12,6,413,21,69,83390,37354,18,8,11,Saturday,26.666666666666668,Moderate
7,11,6,415,21,69,83430,33788,19,8,11,Saturday,23.333333333333332,Moderate
6,10,5,416,21,69,83414,30038,20,8,11,Saturday,20.0,Moderate
5,8,4,414,21,69,83366,23749,21,8,11,Saturday,16.666666666666664,Moderate
5,7,4,416,21,69,83321,23741,22,8,11,Saturday,16.666666666666664,Moderate
4,6,3,422,21,70,83291,20615,23,8,11,Saturday,13.333333333333334,Good
4,6,3,428,20,72,83276,20771,0,9,11,Sunday,13.333333333333334,Good
5,7,4,427,20,73,83318,23573,1,9,11,Sunday,16.666666666666664,Moderate
7,11,6,431,20,72,83347,33363,2,9,11,Sunday,23.333333333333332,Moderate
9,14,7,429,20,72,83390,43281,3,9,11,Sunday,30.0,Unhealthy for Sensitive Groups
8,13,7,424,20,73,83451,40421,4,9,11,Sunday,26.666666666666668,Moderate
13,19,10,415,20,74,83509,59007,5,9,11,Sunday,43.333333333333336,Unhealthy for Sensitive Groups
4,6,3,407,20,76,83525,19341,6,9,11,Sunday,13.333333333333334,Good
6,8,5,406,21,73,83498,27562,7,9,11,Sunday,20.0,Moderate
7,10,6,402,23,65,83440,32594,8,9,11,Sunday,23.333333333333332,Moderate
3,5,3,403,22,68,83416,17478,9,9,11,Sunday,10.0,Good
4,6,3,403,22,71,83350,18556,10,9,11,Sunday,13.333333333333334,Good
4,7,3,399,23,67,83268,22069,11,9,11,Sunday,13.333333333333334,Good
5,7,4,398,23,64,83234,23567,12,9,11,Sunday,16.666666666666664,Moderate
7,11,6,400,23,64,83212,35026,13,9,11,Sunday,23.333333333333332,Moderate
9,14,7,403,23,66,83217,42976,14,9,11,Sunday,30.0,Unhealthy for Sensitive Groups
9,13,7,412,21,68,83286,41507,15,9,11,Sunday,30.0,Unhealthy for Sensitive Groups
12,18,10,428,21,70,83335,56423,16,9,11,Sunday,40.0,Unhealthy for Sensitive Groups
13,20,11,436,20,71,83354,61032,17,9,11,Sunday,43.333333333333336,Unhealthy for Sensitive Groups
18,27,14,447,19,71,83362,83647,18,9,11,Sunday,60.0,Unhealthy
18,27,14,465,19,71,83389,83141,19,9,11,Sunday,60.0,Unhealthy
19,29,15,475,19,72,83346,89247,20,9,11,Sunday,63.33333333333333,Unhealthy
17,26,14,444,19,74,83322,78016,21,9,11,Sunday,56.666666666666664,Unhealthy
14,22,11,428,19,74,83298,66238,22,9,11,Sunday,46.666666666666664,Unhealthy for Sensitive Groups
14,21,11,431,19,74,83300,64328,23,9,11,Sunday,46.666666666666664,Unhealthy for Sensitive Groups
15,23,12,446,19,73,83296,69264,0,10,11,Monday,50.0,Unhealthy
16,24,13,459,19,74,83321,71278,1,10,11,Monday,53.333333333333336,Unhealthy
15,23,12,465,19,74,83356,70365,2,10,11,Monday,50.0,Unhealthy
16,25,13,448,19,74,83384,75777,3,10,11,Monday,53.333333333333336,Unhealthy
18,27,14,429,20,72,83425,83209,4,10,11,Monday,60.0,Unhealthy
17,26,14,413,21,68,83481,80018,5,10,11,Monday,56.666666666666664,Unhealthy
17,26,14,410,21,67,83490,79603,6,10,11,Monday,56.666666666666664,Unhealthy
16,24,13,409,23,61,83458,72475,7,10,11,Monday,53.333333333333336,Unhealthy
15,23,12,409,26,52,83402,70415,8,10,11,Monday,50.0,Unhealthy
18,26,14,411,27,50,83340,81177,9,10,11,Monday,60.0,Unhealthy
14,21,11,408,27,49,83246,65771,10,10,11,Monday,46.666666666666664,Unhealthy for Sensitive Groups
12,18,10,406,27,48,83160,56797,11,10,11,Monday,40.0,Unhealthy for Sensitive Groups
11,17,9,406,27,46,83109,51628,12,10,11,Monday,36.666666666666664,Unhealthy for Sensitive Groups
11,16,9,408,26,48,83101,50295,13,10,11,Monday,36.666666666666664,Unhealthy for Sensitive Groups
12,18,9,410,24,53,83119,53872,14,10,11,Monday,40.0,Unhealthy for Sensitive Groups
15,22,12,415,23,58,83180,67489,15,10,11,Monday,50.0,Unhealthy
19,28,14,421,23,61,83236,86536,16,10,11,Monday,63.33333333333333,Unhealthy
15,23,12,418,22,63,83293,71607,17,10,11,Monday,50.0,Unhealthy
19,28,15,420,22,68,83360,86099,18,10,11,Monday,63.33333333333333,Unhealthy
23,34,18,427,21,69,83375,108432,19,10,11,Monday,76.66666666666667,Unhealthy
23,35,18,425,21,69,83356,111855,20,10,11,Monday,76.66666666666667,Unhealthy
22,33,17,424,21,69,83331,105237,21,10,11,Monday,73.33333333333333,Unhealthy
21,32,17,430,21,69,83273,103062,22,10,11,Monday,70.0,Unhealthy
19,30,15,426,20,70,83238,90922,23,10,11,Monday,63.33333333333333,Unhealthy
19,29,14,427,20,70,83232,89222,0,11,11,Tuesday,63.33333333333333,Unhealthy
19,28,14,424,20,72,83258,85611,1,11,11,Tuesday,63.33333333333333,Unhealthy
19,29,15,421,20,73,83309,87753,2,11,11,Tuesday,63.33333333333333,Unhealthy
20,30,15,422,20,74,83352,92072,3,11,11,Tuesday,66.66666666666666,Unhealthy
20,30,15,416,21,72,83394,92682,4,11,11,Tuesday,66.66666666666666,Unhealthy
17,26,14,412,22,66,83430,80608,5,11,11,Tuesday,56.666666666666664,Unhealthy
15,23,12,408,25,55,83422,70647,6,11,11,Tuesday,50.0,Unhealthy
17,26,14,408,26,51,83384,79213,7,11,11,Tuesday,56.666666666666664,Unhealthy
18,27,14,408,27,46,83329,83976,8,11,11,Tuesday,60.0,Unhealthy
16,24,12,406,28,45,83242,72479,9,11,11,Tuesday,53.333333333333336,Unhealthy
11,16,9,406,28,43,83150,51091,10,11,11,Tuesday,36.666666666666664,Unhealthy for Sensitive Groups
10,15,8,406,28,42,83098,45376,11,11,11,Tuesday,33.33333333333333,Unhealthy for Sensitive Groups
9,14,7,405,27,44,83049,42588,12,11,11,Tuesday,30.0,Unhealthy for Sensitive Groups
9,13,7,407,26,46,83047,41573,13,11,11,Tuesday,30.0,Unhealthy for Sensitive Groups
9,14,7,408,25,48,83073,44008,14,11,11,Tuesday,30.0,Unhealthy for Sensitive Groups
13,19,10,414,24,53,83108,58885,15,11,11,Tuesday,43.333333333333336,Unhealthy for Sensitive Groups
15,23,12,420,23,57,83159,71243,16,11,11,Tuesday,50.0,Unhealthy
23,35,18,426,22,60,83197,108723,17,11,11,Tuesday,76.66666666666667,Unhealthy
31,49,24,431,22,62,83248,149803,18,11,11,Tuesday,103.33333333333334,Very Unhealthy
25,38,19,433,21,63,83250,119829,19,11,11,Tuesday,83.33333333333334,Unhealthy
21,31,16,429,21,66,83233,100730,20,11,11,Tuesday,70.0,Unhealthy
22,34,17,424,21,70,83194,106923,21,11,11,Tuesday,73.33333333333333,Unhealthy
22,34,18,421,20,72,83144,107807,22,11,11,Tuesday,73.33333333333333,Unhealthy
22,34,17,419,20,74,83131,106664,23,11,11,Tuesday,73.33333333333333,Unhealthy
21,32,16,420,20,75,83145,101333,0,12,11,Wednesday,70.0,Unhealthy
20,30,15,418,20,75,83195,92975,1,12,11,Wednesday,66.66666666666666,Unhealthy
19,28,15,416,20,75,83261,85852,2,12,11,Wednesday,63.33333333333333,Unhealthy
19,29,14,416,20,75,83322,86899,3,12,11,Wednesday,63.33333333333333,Unhealthy
19,29,15,413,20,75,83383,87576,4,12,11,Wednesday,63.33333333333333,Unhealthy
19,29,15,414,22,69,83418,87639,5,12,11,Wednesday,63.33333333333333,Unhealthy
16,24,13,411,24,61,83421,72470,6,12,11,Wednesday,53.333333333333336,Unhealthy
15,23,12,408,25,57,83387,70978,7,12,11,Wednesday,50.0,Unhealthy
11,17,9,409,27,50,83316,51734,8,12,11,Wednesday,36.666666666666664,Unhealthy for Sensitive Groups
9,14,7,405,28,47,83235,44892,9,12,11,Wednesday,30.0,Unhealthy for Sensitive Groups
8,12,6,404,28,44,83165,36314,10,12,11,Wednesday,26.666666666666668,Moderate
6,10,5,403,28,42,83102,29661,11,12,11,Wednesday,20.0,Moderate
6,9,5,405,27,41,83054,27758,12,12,11,Wednesday,20.0,Moderate
6,9,4,406,27,42,83059,26963,13,12,11,Wednesday,20.0,Moderate
6,10,5,408,25,45,83079,30449,14,12,11,Wednesday,20.0,Moderate
9,14,7,415,24,50,83139,41953,15,12,11,Wednesday,30.0,Unhealthy for Sensitive Groups
14,22,11,422,23,54,83204,64972,16,12,11,Wednesday,46.666666666666664,Unhealthy for Sensitive Groups
19,29,15,433,22,58,83263,85896,17,12,11,Wednesday,63.33333333333333,Unhealthy
20,31,15,429,22,60,83334,96184,18,12,11,Wednesday,66.66666666666666,Unhealthy
19,29,15,428,21,63,83345,89209,19,12,11,Wednesday,63.33333333333333,Unhealthy
19,28,14,425,21,66,83311,86852,20,12,11,Wednesday,63.33333333333333,Unhealthy
16,25,13,423,21,69,83276,75185,21,12,11,Wednesday,53.333333333333336,Unhealthy
15,23,12,420,20,71,83232,68606,22,12,11,Wednesday,50.0,Unhealthy
14,21,11,418,20,74,83223,64300,23,12,11,Wednesday,46.666666666666664,Unhealthy for Sensitive Groups
14,21,11,417,20,74,83210,62750,0,13,11,Thursday,46.666666666666664,Unhealthy for Sensitive Groups
15,22,12,417,20,76,83244,67161,1,13,11,Thursday,50.0,Unhealthy
14,22,11,419,19,75,83300,65824,2,13,11,Thursday,46.666666666666664,Unhealthy for Sensitive Groups
16,24,13,417,19,77,83376,73054,3,13,11,Thursday,53.333333333333336,Unhealthy
15,23,12,416,20,76,83446,70023,4,13,11,Thursday,50.0,Unhealthy
14,21,11,413,22,69,83483,64425,5,13,11,Thursday,46.666666666666664,Unhealthy for Sensitive Groups
11,17,9,409,25,58,83490,53061,6,13,11,Thursday,36.666666666666664,Unhealthy for Sensitive Groups
10,15,8,406,25,56,83470,46745,7,13,11,Thursday,33.33333333333333,Unhealthy for Sensitive Groups
9,14,7,407,26,53,83414,43972,8,13,11,Thursday,30.0,Unhealthy for Sensitive Groups
8,12,6,406,27,50,83309,36965,9,13,11,Thursday,26.666666666666668,Moderate
8,12,6,404,27,50,83225,38840,10,13,11,Thursday,26.666666666666668,Moderate
7,10,6,403,27,47,83131,32167,11,13,11,Thursday,23.333333333333332,Moderate
8,13,6,403,26,54,83106,38744,12,13,11,Thursday,26.666666666666668,Moderate
5,8,4,406,24,59,83139,25446,13,13,11,Thursday,16.666666666666664,Moderate
9,14,7,409,23,61,83159,44298,14,13,11,Thursday,30.0,Unhealthy for Sensitive Groups
12,18,10,415,22,64,83211,55835,15,13,11,Thursday,40.0,Unhealthy for Sensitive Groups
13,20,10,422,22,65,83295,59399,16,13,11,Thursday,43.333333333333336,Unhealthy for Sensitive Groups
16,25,13,426,21,69,83371,74175,17,13,11,Thursday,53.333333333333336,Unhealthy
16,25,13,422,21,70,83415,75451,18,13,11,Thursday,53.333333333333336,Unhealthy
17,26,14,423,21,70,83426,80332,19,13,11,Thursday,56.666666666666664,Unhealthy
14,21,11,421,21,70,83402,64297,20,13,11,Thursday,46.666666666666664,Unhealthy for Sensitive Groups
11,16,9,420,21,69,83363,49415,21,13,11,Thursday,36.666666666666664,Unhealthy for Sensitive Groups
10,16,8,426,21,69,83316,48061,22,13,11,Thursday,33.33333333333333,Unhealthy for Sensitive Groups
10,15,8,441,20,69,83280,44250,23,13,11,Thursday,33.33333333333333,Unhealthy for Sensitive Groups
10,15,8,437,20,70,83268,45103,0,14,11,Friday,33.33333333333333,Unhealthy for Sensitive Groups
10,16,8,437,19,70,83285,47572,1,14,11,Friday,33.33333333333333,Unhealthy for Sensitive Groups
9,15,7,440,19,71,83322,43927,2,14,11,Friday,30.0,Unhealthy for Sensitive Groups
11,17,9,430,19,71,83369,50626,3,14,11,Friday,36.666666666666664,Unhealthy for Sensitive Groups
11,17,9,414,21,71,83435,51708,4,14,11,Friday,36.666666666666664,Unhealthy for Sensitive Groups
14,22,12,419,21,71,83478,66240,5,14,11,Friday,46.666666666666664,Unhealthy for Sensitive Groups
19,28,15,416,22,68,83510,86544,6,14,11,Friday,63.33333333333333,Unhealthy
14,22,11,413,24,63,83487,66076,7,14,11,Friday,46.666666666666664,Unhealthy for Sensitive Groups
9,14,7,406,26,54,83424,41424,8,14,11,Friday,30.0,Unhealthy for Sensitive Groups
8,12,6,406,28,49,83323,37226,9,14,11,Friday,26.666666666666668,Moderate
8,12,6,404,27,47,83241,36031,10,14,11,Friday,26.666666666666668,Moderate
8,12,6,404,28,46,83152,35653,11,14,11,Friday,26.666666666666668,Moderate
6,10,5,403,27,47,83107,29569,12,14,11,Friday,20.0,Moderate
6,10,5,405,26,49,83102,28270,13,14,11,Friday,20.0,Moderate
7,11,6,408,25,50,83103,32706,14,14,11,Friday,23.333333333333332,Moderate
9,16,7,414,24,53,83154,42680,15,14,11,Friday,30.0,Unhealthy for Sensitive Groups
14,22,11,417,23,59,83235,62819,16,14,11,Friday,46.666666666666664,Unhealthy for Sensitive Groups
13,20,11,420,22,63,83330,59796,17,14,11,Friday,43.333333333333336,Unhealthy for Sensitive Groups
18,27,14,420,22,64,83395,81587,18,14,11,Friday,60.0,Unhealthy
17,26,14,420,21,66,83408,77811,19,14,11,Friday,56.666666666666664,Unhealthy
15,23,12,418,21,70,83389,69286,20,14,11,Friday,50.0,Unhealthy
16,24,12,421,21,69,83349,70701,21,14,11,Friday,53.333333333333336,Unhealthy
13,20,10,417,21,70,83308,58478,22,14,11,Friday,43.333333333333336,Unhealthy for Sensitive Groups
12,19,10,422,20,69,83257,56125,23,14,11,Friday,40.0,Unhealthy for Sensitive Groups
12,19,10,431,20,69,83237,55710,0,15,11,Saturday,40.0,Unhealthy for Sensitive Groups
13,20,10,443,19,69,83255,57665,1,15,11,Saturday,43.333333333333336,Unhealthy for Sensitive Groups
12,18,10,455,19,69,83299,53815,2,15,11,Saturday,40.0,Unhealthy for Sensitive Groups
13,20,11,460,18,69,83360,60790,3,15,11,Saturday,43.333333333333336,Unhealthy for Sensitive Groups
15,23,12,441,21,63,83417,67154,4,15,11,Saturday,50.0,Unhealthy
10,16,8,409,23,62,83462,45605,5,15,11,Saturday,33.33333333333333,Unhealthy for Sensitive Groups
9,14,7,405,25,55,83443,40581,6,15,11,Saturday,30.0,Unhealthy for Sensitive Groups
10,16,8,404,27,49,83388,45292,7,15,11,Saturday,33.33333333333333,Unhealthy for Sensitive Groups
16,24,12,405,28,47,83323,71033,8,15,11,Saturday,53.333333333333336,Unhealthy
12,19,9,404,28,43,83239,54136,9,15,11,Saturday,40.0,Unhealthy for Sensitive Groups
10,16,8,406,29,40,83149,46954,10,15,11,Saturday,33.33333333333333,Unhealthy for Sensitive Groups
10,16,8,403,29,39,83082,44663,11,15,11,Saturday,33.33333333333333,Unhealthy for Sensitive Groups
9,14,7,405,28,41,83044,40160,12,15,11,Saturday,30.0,Unhealthy for Sensitive Groups
7,11,6,406,27,41,83035,32021,13,15,11,Saturday,23.333333333333332,Moderate
8,13,6,407,25,47,83068,34917,14,15,11,Saturday,26.666666666666668,Moderate
12,19,10,412,24,53,83132,56627,15,15,11,Saturday,40.0,Unhealthy for Sensitive Groups
18,28,14,416,23,56,83220,78549,16,15,11,Saturday,60.0,Unhealthy
13,21,10,417,23,58,83312,59370,17,15,11,Saturday,43.333333333333336,Unhealthy for Sensitive Groups
13,21,11,419,22,64,83387,60947,18,15,11,Saturday,43.333333333333336,Unhealthy for Sensitive Groups
15,24,12,423,22,65,83419,69759,19,15,11,Saturday,50.0,Unhealthy
17,26,14,428,21,70,83404,77356,20,15,11,Saturday,56.666666666666664,Unhealthy
11,16,8,421,21,71,83368,49300,21,15,11,Saturday,36.666666666666664,Unhealthy for Sensitive Groups
8,12,6,420,21,71,83316,38207,22,15,11,Saturday,26.666666666666668,Moderate
8,12,6,420,21,70,83269,36408,23,15,11,Saturday,26.666666666666668,Moderate
9,14,7,419,21,71,83266,42054,0,16,11,Sunday,30.0,Unhealthy for Sensitive Groups
10,15,8,420,20,72,83279,46218,1,16,11,Sunday,33.33333333333333,Unhealthy for Sensitive Groups
11,17,9,423,20,74,83332,49093,2,16,11,Sunday,36.666666666666664,Unhealthy for Sensitive Groups
12,18,10,424,20,74,83386,54317,3,16,11,Sunday,40.0,Unhealthy for Sensitive Groups
14,22,11,416,21,73,83457,64877,4,16,11,Sunday,46.666666666666664,Unhealthy for Sensitive Groups
13,19,10,412,23,65,83495,58637,5,16,11,Sunday,43.333333333333336,Unhealthy for Sensitive Groups
11,17,9,410,24,59,83515,51085,6,16,11,Sunday,36.666666666666664,Unhealthy for Sensitive Groups
12,18,9,406,26,52,83495,54250,7,16,11,Sunday,40.0,Unhealthy for Sensitive Groups
10,15,8,405,27,47,83420,45367,8,16,11,Sunday,33.33333333333333,Unhealthy for Sensitive Groups
7,10,6,404,28,42,83348,32044,9,16,11,Sunday,23.333333333333332,Moderate
6,9,5,403,28,40,83270,27188,10,16,11,Sunday,20.0,Moderate
5,8,4,402,28,39,83219,25518,11,16,11,Sunday,16.666666666666664,Moderate
5,8,4,402,28,40,83161,25416,12,16,11,Sunday,16.666666666666664,Moderate
7,12,5,403,27,45,83152,29607,13,16,11,Sunday,23.333333333333332,Moderate
7,12,6,405,25,49,83173,34142,14,16,11,Sunday,23.333333333333332,Moderate
7,12,6,411,24,52,83221,35066,15,16,11,Sunday,23.333333333333332,Moderate
12,18,9,418,23,56,83296,53272,16,16,11,Sunday,40.0,Unhealthy for Sensitive Groups
12,19,10,428,22,59,83399,56528,17,16,11,Sunday,40.0,Unhealthy for Sensitive Groups
16,25,12,437,22,62,83438,74315,18,16,11,Sunday,53.333333333333336,Unhealthy
15,23,12,429,22,63,83477,69897,19,16,11,Sunday,50.0,Unhealthy
15,23,12,430,22,63,83464,70928,20,16,11,Sunday,50.0,Unhealthy
16,24,12,432,21,66,83428,71069,21,16,11,Sunday,53.333333333333336,Unhealthy
15,23,12,430,21,68,83372,69313,22,16,11,Sunday,50.0,Unhealthy
11,16,9,421,21,70,83327,49777,23,16,11,Sunday,36.666666666666664,Unhealthy for Sensitive Groups
10,15,8,418,21,71,83318,44601,0,17,11,Monday,33.33333333333333,Unhealthy for Sensitive Groups
9,14,7,420,20,73,83348,43054,1,17,11,Monday,30.0,Unhealthy for Sensitive Groups
10,16,8,420,20,73,83394,47457,2,17,11,Monday,33.33333333333333,Unhealthy for Sensitive Groups
12,18,10,422,20,74,83442,55828,3,17,11,Monday,40.0,Unhealthy for Sensitive Groups
14,21,11,420,20,74,83514,64614,4,17,11,Monday,46.666666666666664,Unhealthy for Sensitive Groups
13,19,10,418,21,71,83571,59020,5,17,11,Monday,43.333333333333336,Unhealthy for Sensitive Groups
10,16,8,413,24,64,83566,49027,6,17,11,Monday,33.33333333333333,Unhealthy for Sensitive Groups
9,13,7,407,26,55,83526,41895,7,17,11,Monday,30.0,Unhealthy for Sensitive Groups
6,10,5,405,28,48,83458,29952,8,17,11,Monday,20.0,Moderate
6,9,5,405,28,48,83389,28780,9,17,11,Monday,20.0,Moderate
5,8,4,402,28,45,83301,24793,10,17,11,Monday,16.666666666666664,Moderate
5,8,4,403,29,42,83209,23566,11,17,11,Monday,16.666666666666664,Moderate
5,8,4,404,28,42,83154,23426,12,17,11,Monday,16.666666666666664,Moderate
6,9,4,405,27,47,83157,26430,13,17,11,Monday,20.0,Moderate
6,10,5,406,26,51,83192,29576,14,17,11,Monday,20.0,Moderate
8,13,6,410,24,56,83253,37424,15,17,11,Monday,26.666666666666668,Moderate
10,15,7,415,23,59,83329,43903,16,17,11,Monday,33.33333333333333,Unhealthy for Sensitive Groups
12,18,9,424,22,60,83382,54147,17,17,11,Monday,40.0,Unhealthy for Sensitive Groups
22,34,17,434,22,63,83420,101206,18,17,11,Monday,73.33333333333333,Unhealthy
17,26,13,429,22,64,83414,77698,19,17,11,Monday,56.666666666666664,Unhealthy
16,25,13,424,21,66,83402,75760,20,17,11,Monday,53.333333333333336,Unhealthy
13,19,10,419,21,69,83368,57758,21,17,11,Monday,43.333333333333336,Unhealthy for Sensitive Groups
11,17,9,419,21,70,83310,51519,22,17,11,Monday,36.666666666666664,Unhealthy for Sensitive Groups
9,13,7,416,21,71,83249,40200,23,17,11,Monday,30.0,Unhealthy for Sensitive Groups
9,14,7,417,21,72,83220,43102,0,18,11,Tuesday,30.0,Unhealthy for Sensitive Groups
11,16,9,419,20,73,83251,50107,1,18,11,Tuesday,36.666666666666664,Unhealthy for Sensitive Groups
10,15,8,419,20,73,83310,46428,2,18,11,Tuesday,33.33333333333333,Unhealthy for Sensitive Groups
12,18,10,423,20,73,83362,53937,3,18,11,Tuesday,40.0,Unhealthy for Sensitive Groups
12,18,10,420,20,72,83412,55883,4,18,11,Tuesday,40.0,Unhealthy for Sensitive Groups
10,15,8,415,23,65,83447,47238,5,18,11,Tuesday,33.33333333333333,Unhealthy for Sensitive Groups
8,12,6,415,25,58,83450,38302,6,18,11,Tuesday,26.666666666666668,Moderate
8,13,6,409,26,54,83420,39460,7,18,11,Tuesday,26.666666666666668,Moderate
6,9,5,408,28,48,83341,28347,8,18,11,Tuesday,20.0,Moderate
4,7,3,402,29,45,83233,21628,9,18,11,Tuesday,13.333333333333334,Good
5,7,4,401,28,45,83140,22816,10,18,11,Tuesday,16.666666666666664,Moderate
5,9,4,401,28,46,83055,25148,11,18,11,Tuesday,16.666666666666664,Moderate
5,9,4,401,25,53,83060,22903,12,18,11,Tuesday,16.666666666666664,Moderate
5,8,4,406,24,55,83069,23144,13,18,11,Tuesday,16.666666666666664,Moderate
4,6,3,407,24,55,83096,19069,14,18,11,Tuesday,13.333333333333334,Good
6,9,5,411,23,57,83118,29473,15,18,11,Tuesday,20.0,Moderate
10,15,8,415,23,59,83161,45509,16,18,11,Tuesday,33.33333333333333,Unhealthy for Sensitive Groups
11,17,9,417,22,62,83242,50642,17,18,11,Tuesday,36.666666666666664,Unhealthy for Sensitive Groups
12,18,10,418,21,64,83263,55696,18,18,11,Tuesday,40.0,Unhealthy for Sensitive Groups
10,16,8,418,21,64,83231,49299,19,18,11,Tuesday,33.33333333333333,Unhealthy for Sensitive Groups
9,14,7,417,21,63,83207,43066,20,18,11,Tuesday,30.0,Unhealthy for Sensitive Groups
7,11,6,417,21,63,83166,34752,21,18,11,Tuesday,23.333333333333332,Moderate
7,10,6,417,21,65,83108,32451,22,18,11,Tuesday,23.333333333333332,Moderate
8,13,7,419,20,67,83080,40066,23,18,11,Tuesday,26.666666666666668,Moderate
11,16,9,420,20,69,83083,50619,0,19,11,Wednesday,36.666666666666664,Unhealthy for Sensitive Groups
12,18,10,422,20,70,83101,54810,1,19,11,Wednesday,40.0,Unhealthy for Sensitive Groups
11,17,9,422,20,71,83140,51066,2,19,11,Wednesday,36.666666666666664,Unhealthy for Sensitive Groups
11,17,9,421,20,71,83190,53324,3,19,11,Wednesday,36.666666666666664,Unhealthy for Sensitive Groups
13,20,11,416,21,70,83246,62624,4,19,11,Wednesday,43.333333333333336,Unhealthy for Sensitive Groups
10,15,8,419,22,66,83284,46050,5,19,11,Wednesday,33.33333333333333,Unhealthy for Sensitive Groups
8,13,7,408,24,61,83292,40915,6,19,11,Wednesday,26.666666666666668,Moderate
10,15,8,406,25,55,83271,47352,7,19,11,Wednesday,33.33333333333333,Unhealthy for Sensitive Groups
8,13,7,406,27,50,83215,39734,8,19,11,Wednesday,26.666666666666668,Moderate
6,9,5,404,28,43,83141,28961,9,19,11,Wednesday,20.0,Moderate
7,11,6,403,28,42,83053,32852,10,19,11,Wednesday,23.333333333333332,Moderate
6,9,5,403,28,44,82977,29988,11,19,11,Wednesday,20.0,Moderate
6,9,5,403,27,45,82936,28141,12,19,11,Wednesday,20.0,Moderate
6,10,5,404,26,47,82941,29765,13,19,11,Wednesday,20.0,Moderate
7,10,6,408,25,51,82996,32211,14,19,11,Wednesday,23.333333333333332,Moderate
10,15,8,411,24,55,83045,46212,15,19,11,Wednesday,33.33333333333333,Unhealthy for Sensitive Groups
14,21,11,415,23,58,83102,63608,16,19,11,Wednesday,46.666666666666664,Unhealthy for Sensitive Groups
14,22,11,417,23,61,83191,66497,17,19,11,Wednesday,46.666666666666664,Unhealthy for Sensitive Groups
16,25,13,419,22,63,83259,75806,18,19,11,Wednesday,53.333333333333336,Unhealthy
18,27,14,419,22,64,83293,83454,19,19,11,Wednesday,60.0,Unhealthy
12,18,10,416,21,67,83283,56210,20,19,11,Wednesday,40.0,Unhealthy for Sensitive Groups
12,19,10,423,21,68,83247,57570,21,19,11,Wednesday,40.0,Unhealthy for Sensitive Groups
12,18,10,434,21,68,83189,55695,22,19,11,Wednesday,40.0,Unhealthy for Sensitive Groups
11,16,9,439,20,68,83114,50259,23,19,11,Wednesday,36.666666666666664,Unhealthy for Sensitive Groups
10,16,8,441,19,69,83119,48687,0,20,11,Thursday,33.33333333333333,Unhealthy for Sensitive Groups
11,16,9,448,19,69,83150,49494,1,20,11,Thursday,36.666666666666664,Unhealthy for Sensitive Groups
11,17,9,455,19,69,83205,51043,2,20,11,Thursday,36.666666666666664,Unhealthy for Sensitive Groups
12,18,10,439,19,70,83259,56393,3,20,11,Thursday,40.0,Unhealthy for Sensitive Groups
13,20,11,421,21,67,83315,61828,4,20,11,Thursday,43.333333333333336,Unhealthy for Sensitive Groups
13,19,10,412,24,61,83359,59631,5,20,11,Thursday,43.333333333333336,Unhealthy for Sensitive Groups
11,16,9,409,26,52,83363,50574,6,20,11,Thursday,36.666666666666664,Unhealthy for Sensitive Groups
11,17,9,408,28,46,83325,53530,7,20,11,Thursday,36.666666666666664,Unhealthy for Sensitive Groups
7,11,6,404,29,37,83247,34385,8,20,11,Thursday,23.333333333333332,Moderate
7,11,6,404,29,34,83176,32952,9,20,11,Thursday,23.333333333333332,Moderate
11,17,8,404,29,39,83096,48686,10,20,11,Thursday,36.666666666666664,Unhealthy for Sensitive Groups
10,15,8,405,29,41,83018,45699,11,20,11,Thursday,33.33333333333333,Unhealthy for Sensitive Groups
9,14,7,403,28,43,82982,42806,12,20,11,Thursday,30.0,Unhealthy for Sensitive Groups
9,14,7,405,27,47,83006,42574,13,20,11,Thursday,30.0,Unhealthy for Sensitive Groups
9,16,7,407,25,52,83035,43487,14,20,11,Thursday,30.0,Unhealthy for Sensitive Groups
12,19,9,408,24,54,83071,53347,15,20,11,Thursday,40.0,Unhealthy for Sensitive Groups
16,26,12,411,23,58,83155,66693,16,20,11,Thursday,53.333333333333336,Unhealthy
17,27,13,414,22,61,83241,74731,17,20,11,Thursday,56.666666666666664,Unhealthy
17,26,14,418,22,62,83302,77149,18,20,11,Thursday,56.666666666666664,Unhealthy
16,24,13,420,21,63,83317,73709,19,20,11,Thursday,53.333333333333336,Unhealthy
14,21,11,418,21,65,83315,62791,20,20,11,Thursday,46.666666666666664,Unhealthy for Sensitive Groups
12,19,10,417,22,65,83278,56961,21,20,11,Thursday,40.0,Unhealthy for Sensitive Groups
13,20,10,417,21,65,83237,60138,22,20,11,Thursday,43.333333333333336,Unhealthy for Sensitive Groups
13,20,10,414,21,66,83217,61272,23,20,11,Thursday,43.333333333333336,Unhealthy for Sensitive Groups
13,20,10,415,21,68,83208,61760,0,21,11,Friday,43.333333333333336,Unhealthy for Sensitive Groups
13,20,10,417,21,69,83230,61473,1,21,11,Friday,43.333333333333336,Unhealthy for Sensitive Groups
12,19,10,416,20,70,83243,57693,2,21,11,Friday,40.0,Unhealthy for Sensitive Groups
13,21,10,415,20,72,83286,61649,3,21,11,Friday,43.333333333333336,Unhealthy for Sensitive Groups
15,22,12,413,21,70,83328,67467,4,21,11,Friday,50.0,Unhealthy
13,19,10,410,23,62,83371,59181,5,21,11,Friday,43.333333333333336,Unhealthy for Sensitive Groups
11,18,9,406,26,52,83376,49875,6,21,11,Friday,36.666666666666664,Unhealthy for Sensitive Groups
10,16,8,403,27,46,83343,46734,7,21,11,Friday,33.33333333333333,Unhealthy for Sensitive Groups
10,15,8,403,28,42,83308,44646,8,21,11,Friday,33.33333333333333,Unhealthy for Sensitive Groups
11,17,9,402,28,41,83247,50607,9,21,11,Friday,36.666666666666664,Unhealthy for Sensitive Groups
10,16,8,402,28,39,83149,46107,10,21,11,Friday,33.33333333333333,Unhealthy for Sensitive Groups
8,12,6,402,29,33,83075,35979,11,21,11,Friday,26.666666666666668,Moderate
8,14,6,402,28,35,83024,37830,12,21,11,Friday,26.666666666666668,Moderate
8,14,6,404,27,33,83020,38882,13,21,11,Friday,26.666666666666668,Moderate
9,15,7,407,25,33,83076,42956,14,21,11,Friday,30.0,Unhealthy for Sensitive Groups
11,17,9,411,24,37,83137,49571,15,21,11,Friday,36.666666666666664,Unhealthy for Sensitive Groups
14,21,11,414,23,45,83225,62414,16,21,11,Friday,46.666666666666664,Unhealthy for Sensitive Groups
18,28,14,417,22,51,83320,85856,17,21,11,Friday,60.0,Unhealthy
21,33,17,420,21,54,83406,101576,18,21,11,Friday,70.0,Unhealthy
23,35,18,425,21,57,83425,109439,19,21,11,Friday,76.66666666666667,Unhealthy
22,33,17,438,20,60,83427,104054,20,21,11,Friday,73.33333333333333,Unhealthy
22,34,18,436,20,61,83399,106929,21,21,11,Friday,73.33333333333333,Unhealthy
23,35,18,442,19,63,83350,108665,22,21,11,Friday,76.66666666666667,Unhealthy
22,34,18,445,19,64,83317,106650,23,21,11,Friday,73.33333333333333,Unhealthy
20,30,15,447,19,64,83305,94133,0,22,11,Saturday,66.66666666666666,Unhealthy
20,30,15,453,18,65,83307,91015,1,22,11,Saturday,66.66666666666666,Unhealthy
20,30,16,457,18,66,83342,93697,2,22,11,Saturday,66.66666666666666,Unhealthy
20,30,15,451,18,68,83388,93028,3,22,11,Saturday,66.66666666666666,Unhealthy
19,29,15,430,21,63,83428,91186,4,22,11,Saturday,63.33333333333333,Unhealthy
16,25,13,404,23,58,83469,74088,5,22,11,Saturday,53.333333333333336,Unhealthy
17,26,14,404,25,54,83469,77898,6,22,11,Saturday,56.666666666666664,Unhealthy
20,32,16,405,24,53,83456,93546,7,22,11,Saturday,66.66666666666666,Unhealthy
18,29,14,403,26,49,83385,82072,8,22,11,Saturday,60.0,Unhealthy
17,27,14,402,27,47,83320,78540,9,22,11,Saturday,56.666666666666664,Unhealthy
15,24,12,401,27,46,83249,69138,10,22,11,Saturday,50.0,Unhealthy
13,20,10,402,28,42,83177,60070,11,22,11,Saturday,43.333333333333336,Unhealthy for Sensitive Groups
10,16,8,401,27,41,83137,47553,12,22,11,Saturday,33.33333333333333,Unhealthy for Sensitive Groups
11,17,9,402,26,41,83124,50410,13,22,11,Saturday,36.666666666666664,Unhealthy for Sensitive Groups
11,17,9,404,25,44,83148,49941,14,22,11,Saturday,36.666666666666664,Unhealthy for Sensitive Groups
13,20,10,409,24,48,83184,58012,15,22,11,Saturday,43.333333333333336,Unhealthy for Sensitive Groups
18,30,14,414,23,52,83249,82121,16,22,11,Saturday,60.0,Unhealthy
19,30,15,417,22,55,83307,85657,17,22,11,Saturday,63.33333333333333,Unhealthy
19,28,14,419,21,59,83351,85813,18,22,11,Saturday,63.33333333333333,Unhealthy
23,34,17,423,21,61,83353,106704,19,22,11,Saturday,76.66666666666667,Unhealthy
22,33,17,430,20,63,83358,105195,20,22,11,Saturday,73.33333333333333,Unhealthy
20,30,15,428,20,66,83349,94422,21,22,11,Saturday,66.66666666666666,Unhealthy
20,30,15,425,19,68,83333,92737,22,22,11,Saturday,66.66666666666666,Unhealthy
20,30,15,430,19,69,83308,92942,23,22,11,Saturday,66.66666666666666,Unhealthy
20,30,15,424,19,69,83308,92866,0,23,11,Sunday,66.66666666666666,Unhealthy
20,30,15,423,19,69,83313,93877,1,23,11,Sunday,66.66666666666666,Unhealthy
21,31,16,427,19,70,83375,96931,2,23,11,Sunday,70.0,Unhealthy
22,33,17,429,19,71,83430,103699,3,23,11,Sunday,73.33333333333333,Unhealthy
21,33,17,423,20,71,83472,101994,4,23,11,Sunday,70.0,Unhealthy
21,32,16,412,20,70,83487,99942,5,23,11,Sunday,70.0,Unhealthy
19,29,15,408,22,66,83505,88284,6,23,11,Sunday,63.33333333333333,Unhealthy
17,26,14,408,23,62,83498,77019,7,23,11,Sunday,56.666666666666664,Unhealthy
13,20,10,407,23,58,83466,60549,8,23,11,Sunday,43.333333333333336,Unhealthy for Sensitive Groups
12,19,10,405,25,52,83398,56968,9,23,11,Sunday,40.0,Unhealthy for Sensitive Groups
11,17,9,402,25,48,83321,50002,10,23,11,Sunday,36.666666666666664,Unhealthy for Sensitive Groups
9,13,7,402,26,46,83226,41353,11,23,11,Sunday,30.0,Unhealthy for Sensitive Groups
8,13,6,402,25,46,83193,38459,12,23,11,Sunday,26.666666666666668,Moderate
9,14,7,402,25,47,83192,39391,13,23,11,Sunday,30.0,Unhealthy for Sensitive Groups
12,20,10,406,23,59,83268,55562,14,23,11,Sunday,40.0,Unhealthy for Sensitive Groups
10,15,8,409,22,61,83302,46204,15,23,11,Sunday,33.33333333333333,Unhealthy for Sensitive Groups
17,25,13,418,21,62,83315,76817,16,23,11,Sunday,56.666666666666664,Unhealthy
16,25,13,434,20,63,83370,74655,17,23,11,Sunday,53.333333333333336,Unhealthy
17,26,14,447,20,64,83443,79317,18,23,11,Sunday,56.666666666666664,Unhealthy
20,30,15,457,19,65,83467,92972,19,23,11,Sunday,66.66666666666666,Unhealthy
23,34,18,467,19,65,83445,108185,20,23,11,Sunday,76.66666666666667,Unhealthy
24,36,19,473,18,65,83408,114182,21,23,11,Sunday,80.0,Unhealthy
23,35,18,482,18,65,83369,108311,22,23,11,Sunday,76.66666666666667,Unhealthy
21,32,17,487,17,65,83344,101795,23,23,11,Sunday,70.0,Unhealthy
17,25,13,485,17,65,83351,76365,0,24,11,Monday,56.666666666666664,Unhealthy
13,20,11,480,17,66,83378,60954,1,24,11,Monday,43.333333333333336,Unhealthy for Sensitive Groups
11,16,9,474,17,66,83416,49317,2,24,11,Monday,36.666666666666664,Unhealthy for Sensitive Groups
11,17,9,476,17,68,83472,50534,3,24,11,Monday,36.666666666666664,Unhealthy for Sensitive Groups
16,25,13,463,19,66,83527,72356,4,24,11,Monday,53.333333333333336,Unhealthy
13,20,11,418,22,60,83577,61859,5,24,11,Monday,43.333333333333336,Unhealthy for Sensitive Groups
16,24,12,413,23,57,83599,71533,6,24,11,Monday,53.333333333333336,Unhealthy
12,19,10,408,25,53,83565,56293,7,24,11,Monday,40.0,Unhealthy for Sensitive Groups
15,22,12,406,26,48,83487,66984,8,24,11,Monday,50.0,Unhealthy
10,15,8,405,28,43,83399,46232,9,24,11,Monday,33.33333333333333,Unhealthy for Sensitive Groups
8,12,6,402,27,45,83334,37621,10,24,11,Monday,26.666666666666668,Moderate
8,12,6,404,27,44,83266,35390,11,24,11,Monday,26.666666666666668,Moderate
7,11,6,403,27,41,83205,32142,12,24,11,Monday,23.333333333333332,Moderate
7,11,6,404,26,44,83206,33100,13,24,11,Monday,23.333333333333332,Moderate
8,13,7,407,25,49,83238,39361,14,24,11,Monday,26.666666666666668,Moderate
10,16,8,410,24,52,83272,48040,15,24,11,Monday,33.33333333333333,Unhealthy for Sensitive Groups
12,20,10,412,23,57,83343,56999,16,24,11,Monday,40.0,Unhealthy for Sensitive Groups
13,20,10,414,22,60,83424,59291,17,24,11,Monday,43.333333333333336,Unhealthy for Sensitive Groups
15,24,12,417,22,64,83466,70130,18,24,11,Monday,50.0,Unhealthy
18,28,14,422,21,64,83460,82707,19,24,11,Monday,60.0,Unhealthy
17,25,14,422,21,66,83452,76560,20,24,11,Monday,56.666666666666664,Unhealthy
16,24,13,417,21,68,83399,74044,21,24,11,Monday,53.333333333333336,Unhealthy
14,22,11,418,21,70,83382,66545,22,24,11,Monday,46.666666666666664,Unhealthy for Sensitive Groups
15,23,12,418,20,71,83339,69547,23,24,11,Monday,50.0,Unhealthy
12,18,10,415,20,74,83331,54750,0,25,11,Tuesday,40.0,Unhealthy for Sensitive Groups
11,17,9,415,20,75,83334,50536,1,25,11,Tuesday,36.666666666666664,Unhealthy for Sensitive Groups
12,18,9,415,20,75,83374,53304,2,25,11,Tuesday,40.0,Unhealthy for Sensitive Groups
11,17,9,414,19,76,83432,51850,3,25,11,Tuesday,36.666666666666664,Unhealthy for Sensitive Groups
13,19,10,410,20,74,83495,58535,4,25,11,Tuesday,43.333333333333336,Unhealthy for Sensitive Groups
12,18,10,409,22,66,83525,54930,5,25,11,Tuesday,40.0,Unhealthy for Sensitive Groups
13,20,11,407,24,61,83545,62297,6,25,11,Tuesday,43.333333333333336,Unhealthy for Sensitive Groups
10,16,8,409,26,55,83510,48475,7,25,11,Tuesday,33.33333333333333,Unhealthy for Sensitive Groups
9,14,7,408,27,50,83452,43544,8,25,11,Tuesday,30.0,Unhealthy for Sensitive Groups
9,14,7,408,28,48,83375,42522,9,25,11,Tuesday,30.0,Unhealthy for Sensitive Groups
7,11,6,404,27,46,83296,34428,10,25,11,Tuesday,23.333333333333332,Moderate
6,9,5,404,27,45,83224,29743,11,25,11,Tuesday,20.0,Moderate
6,9,5,403,27,44,83166,27084,12,25,11,Tuesday,20.0,Moderate
6,10,5,404,26,47,83166,30472,13,25,11,Tuesday,20.0,Moderate
7,10,5,407,25,51,83195,32205,14,25,11,Tuesday,23.333333333333332,Moderate
8,12,6,409,24,54,83242,35910,15,25,11,Tuesday,26.666666666666668,Moderate
10,16,8,412,23,57,83308,46982,16,25,11,Tuesday,33.33333333333333,Unhealthy for Sensitive Groups
13,20,10,416,23,58,83374,60544,17,25,11,Tuesday,43.333333333333336,Unhealthy for Sensitive Groups
13,20,10,417,22,59,83409,57965,18,25,11,Tuesday,43.333333333333336,Unhealthy for Sensitive Groups
15,24,12,418,21,61,83396,69697,19,25,11,Tuesday,50.0,Unhealthy
16,24,12,422,21,62,83380,72592,20,25,11,Tuesday,53.333333333333336,Unhealthy
12,18,10,421,21,64,83361,54434,21,25,11,Tuesday,40.0,Unhealthy for Sensitive Groups
11,17,9,421,21,66,83294,52854,22,25,11,Tuesday,36.666666666666664,Unhealthy for Sensitive Groups
9,13,7,416,20,70,83259,41563,23,25,11,Tuesday,30.0,Unhealthy for Sensitive Groups
7,11,6,413,20,73,83254,34971,0,26,11,Wednesday,23.333333333333332,Moderate
8,13,6,412,19,75,83268,38924,1,26,11,Wednesday,26.666666666666668,Moderate
8,12,6,412,19,76,83326,37455,2,26,11,Wednesday,26.666666666666668,Moderate
9,14,7,413,19,76,83378,42460,3,26,11,Wednesday,30.0,Unhealthy for Sensitive Groups
10,15,8,411,19,75,83441,44880,4,26,11,Wednesday,33.33333333333333,Unhealthy for Sensitive Groups
11,17,9,409,21,70,83476,51570,5,26,11,Wednesday,36.666666666666664,Unhealthy for Sensitive Groups
11,17,9,411,23,63,83479,50884,6,26,11,Wednesday,36.666666666666664,Unhealthy for Sensitive Groups
8,12,6,405,24,57,83437,37875,7,26,11,Wednesday,26.666666666666668,Moderate
7,11,6,402,26,51,83374,31967,8,26,11,Wednesday,23.333333333333332,Moderate
6,9,5,404,25,50,83299,27700,9,26,11,Wednesday,20.0,Moderate
6,9,5,402,26,47,83218,26780,10,26,11,Wednesday,20.0,Moderate
5,7,4,402,27,44,83136,22780,11,26,11,Wednesday,16.666666666666664,Moderate
5,7,4,401,27,44,83088,22911,12,26,11,Wednesday,16.666666666666664,Moderate
6,9,5,403,25,48,83119,27320,13,26,11,Wednesday,20.0,Moderate
6,10,5,406,24,52,83179,31031,14,26,11,Wednesday,20.0,Moderate
7,11,6,409,23,53,83231,35287,15,26,11,Wednesday,23.333333333333332,Moderate
9,14,7,412,23,53,83279,40597,16,26,11,Wednesday,30.0,Unhealthy for Sensitive Groups
9,14,7,416,22,56,83322,43900,17,26,11,Wednesday,30.0,Unhealthy for Sensitive Groups
12,19,10,420,22,58,83359,56398,18,26,11,Wednesday,40.0,Unhealthy for Sensitive Groups
14,21,11,429,21,62,83351,64042,19,26,11,Wednesday,46.666666666666664,Unhealthy for Sensitive Groups
13,20,10,427,20,64,83300,59337,20,26,11,Wednesday,43.333333333333336,Unhealthy for Sensitive Groups
12,18,10,437,20,67,83235,54610,21,26,11,Wednesday,40.0,Unhealthy for Sensitive Groups
15,22,12,427,19,71,83197,67869,22,26,11,Wednesday,50.0,Unhealthy
11,16,9,419,19,74,83136,50549,23,26,11,Wednesday,36.666666666666664,Unhealthy for Sensitive Groups
9,13,7,418,19,75,83130,41017,0,27,11,Thursday,30.0,Unhealthy for Sensitive Groups
8,13,6,418,19,76,83167,39251,1,27,11,Thursday,26.666666666666668,Moderate
9,14,7,418,19,76,83230,43621,2,27,11,Thursday,30.0,Unhealthy for Sensitive Groups
10,16,8,416,19,77,83301,49985,3,27,11,Thursday,33.33333333333333,Unhealthy for Sensitive Groups
9,13,7,412,19,76,83348,41453,4,27,11,Thursday,30.0,Unhealthy for Sensitive Groups
9,15,7,408,20,73,83408,45731,5,27,11,Thursday,30.0,Unhealthy for Sensitive Groups
10,15,8,407,22,66,83427,46664,6,27,11,Thursday,33.33333333333333,Unhealthy for Sensitive Groups
11,17,9,405,24,57,83406,52124,7,27,11,Thursday,36.666666666666664,Unhealthy for Sensitive Groups
12,18,10,404,26,50,83333,55064,8,27,11,Thursday,40.0,Unhealthy for Sensitive Groups
12,18,10,404,26,49,83263,56154,9,27,11,Thursday,40.0,Unhealthy for Sensitive Groups
8,12,6,403,26,50,83202,39601,10,27,11,Thursday,26.666666666666668,Moderate
10,16,8,405,27,50,83151,48954,11,27,11,Thursday,33.33333333333333,Unhealthy for Sensitive Groups
10,15,8,404,27,49,83108,47912,12,27,11,Thursday,33.33333333333333,Unhealthy for Sensitive Groups
10,15,8,405,24,52,83140,46212,13,27,11,Thursday,33.33333333333333,Unhealthy for Sensitive Groups
10,16,8,406,24,54,83183,48522,14,27,11,Thursday,33.33333333333333,Unhealthy for Sensitive Groups
14,21,11,410,22,58,83227,64648,15,27,11,Thursday,46.666666666666664,Unhealthy for Sensitive Groups
15,22,12,415,22,61,83287,68556,16,27,11,Thursday,50.0,Unhealthy
17,26,13,422,21,62,83350,78802,17,27,11,Thursday,56.666666666666664,Unhealthy
21,32,16,428,21,64,83375,100502,18,27,11,Thursday,70.0,Unhealthy
28,42,22,437,20,66,83367,134270,19,27,11,Thursday,93.33333333333333,Unhealthy
25,37,20,435,20,67,83329,119979,20,27,11,Thursday,83.33333333333334,Unhealthy
18,27,14,422,20,68,83290,84777,21,27,11,Thursday,60.0,Unhealthy
16,24,12,421,20,71,83272,72974,22,27,11,Thursday,53.333333333333336,Unhealthy
13,19,10,416,19,75,83239,60234,23,27,11,Thursday,43.333333333333336,Unhealthy for Sensitive Groups
14,21,11,418,20,75,83225,63383,0,28,11,Friday,46.666666666666664,Unhealthy for Sensitive Groups
15,23,12,421,20,74,83245,71435,1,28,11,Friday,50.0,Unhealthy
14,22,11,420,20,74,83281,66812,2,28,11,Friday,46.666666666666664,Unhealthy for Sensitive Groups
17,25,13,421,20,74,83335,76534,3,28,11,Friday,56.666666666666664,Unhealthy
18,28,14,419,20,74,83397,84199,4,28,11,Friday,60.0,Unhealthy
16,25,13,413,21,69,83457,75957,5,28,11,Friday,53.333333333333336,Unhealthy
16,23,12,409,22,63,83476,73074,6,28,11,Friday,53.333333333333336,Unhealthy
16,25,13,407,25,54,83435,77412,7,28,11,Friday,53.333333333333336,Unhealthy
14,21,11,405,27,47,83354,65179,8,28,11,Friday,46.666666666666664,Unhealthy for Sensitive Groups
13,19,10,405,28,44,83263,59682,9,28,11,Friday,43.333333333333336,Unhealthy for Sensitive Groups
12,19,10,405,29,40,83172,58433,10,28,11,Friday,40.0,Unhealthy for Sensitive Groups
12,18,10,403,28,41,83091,55408,11,28,11,Friday,40.0,Unhealthy for Sensitive Groups
12,18,10,404,28,42,83043,55528,12,28,11,Friday,40.0,Unhealthy for Sensitive Groups
11,17,9,404,27,44,83036,54721,13,28,11,Friday,36.666666666666664,Unhealthy for Sensitive Groups
12,18,10,406,26,48,83067,55340,14,28,11,Friday,40.0,Unhealthy for Sensitive Groups
12,19,10,410,24,52,83128,57931,15,28,11,Friday,40.0,Unhealthy for Sensitive Groups
16,25,13,413,23,56,83193,74302,16,28,11,Friday,53.333333333333336,Unhealthy
17,26,14,413,22,60,83256,81439,17,28,11,Friday,56.666666666666664,Unhealthy
17,26,14,414,22,62,83289,79498,18,28,11,Friday,56.666666666666664,Unhealthy
17,26,14,417,22,64,83275,81566,19,28,11,Friday,56.666666666666664,Unhealthy
19,29,15,419,22,64,83259,89046,20,28,11,Friday,63.33333333333333,Unhealthy
18,27,14,419,22,65,83224,83996,21,28,11,Friday,60.0,Unhealthy
17,25,14,419,21,66,83149,77993,22,28,11,Friday,56.666666666666664,Unhealthy
15,23,12,419,21,67,83107,70616,23,28,11,Friday,50.0,Unhealthy
15,23,12,422,21,68,83119,71596,0,29,11,Saturday,50.0,Unhealthy
14,21,11,419,21,68,83144,64452,1,29,11,Saturday,46.666666666666664,Unhealthy for Sensitive Groups
14,21,11,421,20,70,83197,64582,2,29,11,Saturday,46.666666666666664,Unhealthy for Sensitive Groups
18,27,14,428,20,71,83262,84477,3,29,11,Saturday,60.0,Unhealthy
24,36,19,422,21,69,83303,115774,4,29,11,Saturday,80.0,Unhealthy
18,28,15,411,22,67,83348,87608,5,29,11,Saturday,60.0,Unhealthy
16,24,13,407,25,60,83338,73826,6,29,11,Saturday,53.333333333333336,Unhealthy
14,21,11,405,26,54,83292,64659,7,29,11,Saturday,46.666666666666664,Unhealthy for Sensitive Groups
12,19,10,405,28,48,83203,58849,8,29,11,Saturday,40.0,Unhealthy for Sensitive Groups
12,18,10,406,28,47,83112,55816,9,29,11,Saturday,40.0,Unhealthy for Sensitive Groups
11,16,9,405,28,46,83018,50668,10,29,11,Saturday,36.666666666666664,Unhealthy for Sensitive Groups
10,16,8,405,28,43,82931,48471,11,29,11,Saturday,33.33333333333333,Unhealthy for Sensitive Groups
9,14,7,404,28,42,82872,44831,12,29,11,Saturday,30.0,Unhealthy for Sensitive Groups
9,14,7,405,27,43,82864,42477,13,29,11,Saturday,30.0,Unhealthy for Sensitive Groups
10,15,8,407,26,47,82907,46643,14,29,11,Saturday,33.33333333333333,Unhealthy for Sensitive Groups
10,16,8,411,24,50,82975,47700,15,29,11,Saturday,33.33333333333333,Unhealthy for Sensitive Groups
14,21,11,412,24,51,83019,62236,16,29,11,Saturday,46.666666666666664,Unhealthy for Sensitive Groups
13,19,10,414,23,53,83074,58321,17,29,11,Saturday,43.333333333333336,Unhealthy for Sensitive Groups
15,23,12,416,23,56,83146,68984,18,29,11,Saturday,50.0,Unhealthy
17,26,14,416,22,57,83152,80436,19,29,11,Saturday,56.666666666666664,Unhealthy
18,28,14,418,22,60,83113,83824,20,29,11,Saturday,60.0,Unhealthy
16,25,13,418,22,62,83086,75716,21,29,11,Saturday,53.333333333333336,Unhealthy
16,24,13,420,21,64,83043,73896,22,29,11,Saturday,53.333333333333336,Unhealthy
15,23,12,419,21,64,83024,70483,23,29,11,Saturday,50.0,Unhealthy
14,21,11,425,21,65,83038,65151,0,30,11,Sunday,46.666666666666664,Unhealthy for Sensitive Groups
13,20,10,435,20,67,83061,61395,1,30,11,Sunday,43.333333333333336,Unhealthy for Sensitive Groups
13,19,10,434,19,68,83113,59280,2,30,11,Sunday,43.333333333333336,Unhealthy for Sensitive Groups
13,20,11,436,20,69,83177,62766,3,30,11,Sunday,43.333333333333336,Unhealthy for Sensitive Groups
12,19,10,413,22,63,83209,56989,4,30,11,Sunday,40.0,Unhealthy for Sensitive Groups
12,18,10,409,23,62,83265,54959,5,30,11,Sunday,40.0,Unhealthy for Sensitive Groups
12,18,10,408,25,54,83263,55157,6,30,11,Sunday,40.0,Unhealthy for Sensitive Groups
10,15,8,405,27,46,83231,45330,7,30,11,Sunday,33.33333333333333,Unhealthy for Sensitive Groups
10,16,8,405,28,43,83185,46154,8,30,11,Sunday,33.33333333333333,Unhealthy for Sensitive Groups
10,16,8,407,28,42,83114,48580,9,30,11,Sunday,33.33333333333333,Unhealthy for Sensitive Groups
9,14,7,406,29,38,83034,42984,10,30,11,Sunday,30.0,Unhealthy for Sensitive Groups
8,12,6,403,28,40,82949,38605,11,30,11,Sunday,26.666666666666668,Moderate
8,12,6,404,27,42,82908,35478,12,30,11,Sunday,26.666666666666668,Moderate
7,10,6,407,26,41,82913,31503,13,30,11,Sunday,23.333333333333332,Moderate
8,12,6,409,25,42,82983,36099,14,30,11,Sunday,26.666666666666668,Moderate
13,21,10,414,24,43,83039,58242,15,30,11,Sunday,43.333333333333336,Unhealthy for Sensitive Groups
14,24,11,418,23,46,83085,64466,16,30,11,Sunday,46.666666666666664,Unhealthy for Sensitive Groups
13,21,10,417,23,51,83144,61716,17,30,11,Sunday,43.333333333333336,Unhealthy for Sensitive Groups
15,24,12,418,22,55,83198,70694,18,30,11,Sunday,50.0,Unhealthy
16,24,13,420,21,57,83214,72829,19,30,11,Sunday,53.333333333333336,Unhealthy
14,21,11,419,21,58,83181,63762,20,30,11,Sunday,46.666666666666664,Unhealthy for Sensitive Groups
13,20,10,422,21,61,83119,60331,21,30,11,Sunday,43.333333333333336,Unhealthy for Sensitive Groups
14,21,11,426,20,62,83079,62326,22,30,11,Sunday,46.666666666666664,Unhealthy for Sensitive Groups
13,19,10,427,20,64,83060,58352,23,30,11,Sunday,43.333333333333336,Unhealthy for Sensitive Groups
13,19,10,436,19,65,83085,58809,0,1,12,Monday,43.333333333333336,Unhealthy for Sensitive Groups
12,18,10,443,19,65,83127,54179,1,1,12,Monday,40.0,Unhealthy for Sensitive Groups
11,17,9,444,18,67,83180,52929,2,1,12,Monday,36.666666666666664,Unhealthy for Sensitive Groups
13,20,10,443,18,68,83234,58238,3,1,12,Monday,43.333333333333336,Unhealthy for Sensitive Groups
16,24,12,430,20,66,83286,72021,4,1,12,Monday,53.333333333333336,Unhealthy
12,19,10,412,22,60,83302,56482,5,1,12,Monday,40.0,Unhealthy for Sensitive Groups
12,18,10,411,25,51,83290,53887,6,1,12,Monday,40.0,Unhealthy for Sensitive Groups
11,18,9,408,26,44,83293,51708,7,1,12,Monday,36.666666666666664,Unhealthy for Sensitive Groups
12,19,10,408,27,41,83230,54412,8,1,12,Monday,40.0,Unhealthy for Sensitive Groups
11,19,9,408,28,39,83157,50855,9,1,12,Monday,36.666666666666664,Unhealthy for Sensitive Groups
10,16,8,407,28,36,83088,44450,10,1,12,Monday,33.33333333333333,Unhealthy for Sensitive Groups
8,13,6,405,28,35,83002,37159,11,1,12,Monday,26.666666666666668,Moderate
8,13,6,405,28,36,82953,35603,12,1,12,Monday,26.666666666666668,Moderate
7,12,6,406,27,37,82950,34970,13,1,12,Monday,23.333333333333332,Moderate
8,13,6,407,26,40,82995,35775,14,1,12,Monday,26.666666666666668,Moderate
11,17,8,412,24,45,83056,47470,15,1,12,Monday,36.666666666666664,Unhealthy for Sensitive Groups
18,30,13,417,23,48,83132,74197,16,1,12,Monday,60.0,Unhealthy
19,33,14,423,23,51,83219,82938,17,1,12,Monday,63.33333333333333,Unhealthy
17,27,14,421,22,52,83283,78373,18,1,12,Monday,56.666666666666664,Unhealthy
18,28,14,423,21,55,83285,81564,19,1,12,Monday,60.0,Unhealthy
21,33,16,436,21,57,83270,100878,20,1,12,Monday,70.0,Unhealthy
22,34,17,437,20,59,83236,103890,21,1,12,Monday,73.33333333333333,Unhealthy
19,29,14,436,19,61,83180,86014,22,1,12,Monday,63.33333333333333,Unhealthy
16,25,13,434,19,62,83138,74069,23,1,12,Monday,53.333333333333336,Unhealthy
14,22,11,437,18,63,83125,63954,0,2,12,Tuesday,46.666666666666664,Unhealthy for Sensitive Groups
13,19,10,436,18,63,83154,58114,1,2,12,Tuesday,43.333333333333336,Unhealthy for Sensitive Groups
12,19,10,436,17,64,83212,56597,2,2,12,Tuesday,40.0,Unhealthy for Sensitive Groups
15,24,12,438,17,64,83280,68974,3,2,12,Tuesday,50.0,Unhealthy
18,28,14,428,21,57,83343,81302,4,2,12,Tuesday,60.0,Unhealthy
16,25,13,418,24,51,83403,72580,5,2,12,Tuesday,53.333333333333336,Unhealthy
14,22,11,413,26,47,83378,61486,6,2,12,Tuesday,46.666666666666664,Unhealthy for Sensitive Groups
15,24,12,409,26,46,83319,66754,7,2,12,Tuesday,50.0,Unhealthy
16,25,12,406,27,43,83235,69698,8,2,12,Tuesday,53.333333333333336,Unhealthy
12,20,10,406,29,38,83130,56253,9,2,12,Tuesday,40.0,Unhealthy for Sensitive Groups
10,16,8,403,29,35,83038,47206,10,2,12,Tuesday,33.33333333333333,Unhealthy for Sensitive Groups
9,15,7,403,29,34,82953,42355,11,2,12,Tuesday,30.0,Unhealthy for Sensitive Groups
9,15,7,403,28,34,82889,40494,12,2,12,Tuesday,30.0,Unhealthy for Sensitive Groups
9,15,7,404,27,37,82867,40901,13,2,12,Tuesday,30.0,Unhealthy for Sensitive Groups
8,14,6,406,26,40,82898,37522,14,2,12,Tuesday,26.666666666666668,Moderate
10,17,8,410,24,43,82964,46419,15,2,12,Tuesday,33.33333333333333,Unhealthy for Sensitive Groups
18,30,14,418,23,45,83041,78594,16,2,12,Tuesday,60.0,Unhealthy
17,27,13,418,22,49,83120,73246,17,2,12,Tuesday,56.666666666666664,Unhealthy
14,21,11,416,22,53,83159,62120,18,2,12,Tuesday,46.666666666666664,Unhealthy for Sensitive Groups
13,20,10,416,22,55,83135,59255,19,2,12,Tuesday,43.333333333333336,Unhealthy for Sensitive Groups
12,19,10,416,21,58,83115,56972,20,2,12,Tuesday,40.0,Unhealthy for Sensitive Groups
13,19,10,416,21,60,83075,57947,21,2,12,Tuesday,43.333333333333336,Unhealthy for Sensitive Groups
14,21,11,418,20,62,83034,63153,22,2,12,Tuesday,46.666666666666664,Unhealthy for Sensitive Groups
14,21,11,423,20,63,83007,64191,23,2,12,Tuesday,46.666666666666664,Unhealthy for Sensitive Groups
14,21,11,429,19,64,83022,64174,0,3,12,Wednesday,46.666666666666664,Unhealthy for Sensitive Groups
14,21,11,434,18,65,83059,63259,1,3,12,Wednesday,46.666666666666664,Unhealthy for Sensitive Groups
14,21,11,435,18,67,83125,61735,2,3,12,Wednesday,46.666666666666664,Unhealthy for Sensitive Groups
14,22,11,443,19,66,83212,64757,3,3,12,Wednesday,46.666666666666664,Unhealthy for Sensitive Groups
17,26,14,419,21,63,83269,78271,4,3,12,Wednesday,56.666666666666664,Unhealthy
14,21,11,410,23,57,83316,62437,5,3,12,Wednesday,46.666666666666664,Unhealthy for Sensitive Groups
15,23,12,408,24,55,83329,68434,6,3,12,Wednesday,50.0,Unhealthy
18,28,14,407,25,52,83316,81397,7,3,12,Wednesday,60.0,Unhealthy
15,23,12,406,27,46,83227,66829,8,3,12,Wednesday,50.0,Unhealthy
14,21,11,403,28,43,83136,61667,9,3,12,Wednesday,46.666666666666664,Unhealthy for Sensitive Groups
12,18,10,403,28,41,83039,53661,10,3,12,Wednesday,40.0,Unhealthy for Sensitive Groups
11,16,9,402,28,40,82950,48573,11,3,12,Wednesday,36.666666666666664,Unhealthy for Sensitive Groups
10,15,8,404,28,40,82911,45304,12,3,12,Wednesday,33.33333333333333,Unhealthy for Sensitive Groups
10,15,8,406,27,41,82922,45737,13,3,12,Wednesday,33.33333333333333,Unhealthy for Sensitive Groups
10,16,8,407,26,44,82953,46876,14,3,12,Wednesday,33.33333333333333,Unhealthy for Sensitive Groups
12,19,10,411,24,48,83011,54436,15,3,12,Wednesday,40.0,Unhealthy for Sensitive Groups
16,26,13,414,24,53,83077,70248,16,3,12,Wednesday,53.333333333333336,Unhealthy
17,27,14,415,23,58,83153,74902,17,3,12,Wednesday,56.666666666666664,Unhealthy
17,27,14,414,22,60,83194,75652,18,3,12,Wednesday,56.666666666666664,Unhealthy
15,23,12,413,22,62,83208,67873,19,3,12,Wednesday,50.0,Unhealthy
14,22,11,414,22,64,83209,64953,20,3,12,Wednesday,46.666666666666664,Unhealthy for Sensitive Groups
14,21,11,414,21,65,83177,62857,21,3,12,Wednesday,46.666666666666664,Unhealthy for Sensitive Groups
14,22,11,414,21,67,83133,64665,22,3,12,Wednesday,46.666666666666664,Unhealthy for Sensitive Groups
15,23,12,417,21,67,83098,69367,23,3,12,Wednesday,50.0,Unhealthy
15,23,12,419,21,68,83111,69419,0,4,12,Thursday,50.0,Unhealthy
15,23,12,420,20,68,83154,67277,1,4,12,Thursday,50.0,Unhealthy
14,22,11,424,20,69,83210,66076,2,4,12,Thursday,46.666666666666664,Unhealthy for Sensitive Groups
16,25,13,425,20,70,83270,73211,3,4,12,Thursday,53.333333333333336,Unhealthy
18,28,14,421,20,70,83352,83428,4,4,12,Thursday,60.0,Unhealthy
16,24,13,416,22,64,83414,70772,5,4,12,Thursday,53.333333333333336,Unhealthy
15,22,12,411,24,58,83434,66245,6,4,12,Thursday,50.0,Unhealthy
15,23,12,407,26,53,83406,68098,7,4,12,Thursday,50.0,Unhealthy
12,19,10,407,27,47,83337,57052,8,4,12,Thursday,40.0,Unhealthy for Sensitive Groups
12,18,10,406,28,44,83259,54819,9,4,12,Thursday,40.0,Unhealthy for Sensitive Groups
11,18,9,406,29,42,83176,51817,10,4,12,Thursday,36.666666666666664,Unhealthy for Sensitive Groups
10,16,8,405,29,40,83087,48307,11,4,12,Thursday,33.33333333333333,Unhealthy for Sensitive Groups
9,14,7,406,29,38,83024,42807,12,4,12,Thursday,30.0,Unhealthy for Sensitive Groups
8,12,6,406,28,37,83013,35537,13,4,12,Thursday,26.666666666666668,Moderate
8,13,6,409,26,38,83037,37232,14,4,12,Thursday,26.666666666666668,Moderate
12,19,9,414,25,43,83108,52513,15,4,12,Thursday,40.0,Unhealthy for Sensitive Groups
14,24,11,414,24,49,83175,63836,16,4,12,Thursday,46.666666666666664,Unhealthy for Sensitive Groups
14,21,11,414,23,55,83238,62144,17,4,12,Thursday,46.666666666666664,Unhealthy for Sensitive Groups
15,23,12,414,23,58,83288,68755,18,4,12,Thursday,50.0,Unhealthy
15,23,12,415,22,62,83316,69243,19,4,12,Thursday,50.0,Unhealthy
14,21,11,414,22,64,83307,63724,20,4,12,Thursday,46.666666666666664,Unhealthy for Sensitive Groups
14,21,11,413,21,67,83273,64057,21,4,12,Thursday,46.666666666666664,Unhealthy for Sensitive Groups
14,21,11,415,21,68,83233,62224,22,4,12,Thursday,46.666666666666664,Unhealthy for Sensitive Groups
14,22,11,415,21,69,83195,65873,23,4,12,Thursday,46.666666666666664,Unhealthy for Sensitive Groups
14,21,11,415,20,70,83177,64037,0,5,12,Friday,46.666666666666664,Unhealthy for Sensitive Groups
15,23,12,420,20,71,83207,68812,1,5,12,Friday,50.0,Unhealthy
16,25,13,420,20,71,83244,74498,2,5,12,Friday,53.333333333333336,Unhealthy
17,25,14,419,20,73,83297,75685,3,5,12,Friday,56.666666666666664,Unhealthy
19,29,15,416,20,72,83348,87311,4,5,12,Friday,63.33333333333333,Unhealthy
21,32,16,410,22,65,83399,97780,5,5,12,Friday,70.0,Unhealthy
17,26,14,408,23,60,83409,78747,6,5,12,Friday,56.666666666666664,Unhealthy
13,19,10,407,26,52,83385,58604,7,5,12,Friday,43.333333333333336,Unhealthy for Sensitive Groups
13,20,10,405,28,45,83335,59542,8,5,12,Friday,43.333333333333336,Unhealthy for Sensitive Groups
14,22,11,405,28,41,83272,64120,9,5,12,Friday,46.666666666666664,Unhealthy for Sensitive Groups
12,20,10,406,29,38,83192,56625,10,5,12,Friday,40.0,Unhealthy for Sensitive Groups
10,15,8,406,29,37,83115,44343,11,5,12,Friday,33.33333333333333,Unhealthy for Sensitive Groups
8,12,6,405,28,36,83057,36963,12,5,12,Friday,26.666666666666668,Moderate
9,15,7,405,27,39,83073,40691,13,5,12,Friday,30.0,Unhealthy for Sensitive Groups
9,14,7,407,26,44,83111,42093,14,5,12,Friday,30.0,Unhealthy for Sensitive Groups
10,15,8,411,24,47,83163,44433,15,5,12,Friday,33.33333333333333,Unhealthy for Sensitive Groups
12,19,9,414,23,51,83236,53539,16,5,12,Friday,40.0,Unhealthy for Sensitive Groups
12,19,10,416,23,52,83305,54989,17,5,12,Friday,40.0,Unhealthy for Sensitive Groups
15,24,12,417,23,55,83356,66553,18,5,12,Friday,50.0,Unhealthy
18,27,14,419,22,57,83366,81822,19,5,12,Friday,60.0,Unhealthy
17,26,14,422,22,58,83358,78107,20,5,12,Friday,56.666666666666664,Unhealthy
16,24,13,423,21,61,83315,72104,21,5,12,Friday,53.333333333333336,Unhealthy
15,23,12,424,21,64,83262,70110,22,5,12,Friday,50.0,Unhealthy
16,24,13,422,20,65,83235,72496,23,5,12,Friday,53.333333333333336,Unhealthy
16,24,13,422,20,67,83233,71920,0,6,12,Saturday,53.333333333333336,Unhealthy
16,24,13,422,20,68,83275,72078,1,6,12,Saturday,53.333333333333336,Unhealthy
17,27,14,426,19,69,83340,79507,2,6,12,Saturday,56.666666666666664,Unhealthy
21,31,16,427,20,70,83377,98132,3,6,12,Saturday,70.0,Unhealthy
22,33,17,422,20,70,83427,101474,4,6,12,Saturday,73.33333333333333,Unhealthy
19,28,14,413,21,68,83458,84710,5,6,12,Saturday,63.33333333333333,Unhealthy
18,28,14,410,23,63,83475,78744,6,6,12,Saturday,60.0,Unhealthy
18,31,13,408,24,57,83453,77475,7,6,12,Saturday,60.0,Unhealthy
13,19,10,407,25,52,83401,59277,8,6,12,Saturday,43.333333333333336,Unhealthy for Sensitive Groups
10,16,8,406,28,45,83329,48440,9,6,12,Saturday,33.33333333333333,Unhealthy for Sensitive Groups
9,15,7,405,27,44,83244,43964,10,6,12,Saturday,30.0,Unhealthy for Sensitive Groups
8,12,6,406,28,42,83167,35843,11,6,12,Saturday,26.666666666666668,Moderate
9,14,7,404,27,42,83106,41209,12,6,12,Saturday,30.0,Unhealthy for Sensitive Groups
9,13,7,406,26,46,83114,39689,13,6,12,Saturday,30.0,Unhealthy for Sensitive Groups
9,14,7,409,24,50,83138,42337,14,6,12,Saturday,30.0,Unhealthy for Sensitive Groups
11,17,9,414,24,50,83166,50137,15,6,12,Saturday,36.666666666666664,Unhealthy for Sensitive Groups
8,13,6,420,23,51,83208,39122,16,6,12,Saturday,26.666666666666668,Moderate
11,17,9,427,22,54,83264,52389,17,6,12,Saturday,36.666666666666664,Unhealthy for Sensitive Groups
15,24,12,440,22,56,83323,67069,18,6,12,Saturday,50.0,Unhealthy
18,29,14,433,21,58,83340,83876,19,6,12,Saturday,60.0,Unhealthy
17,26,14,432,21,60,83321,77223,20,6,12,Saturday,56.666666666666664,Unhealthy
17,26,14,439,20,62,83288,79549,21,6,12,Saturday,56.666666666666664,Unhealthy
14,22,11,431,20,63,83237,65420,22,6,12,Saturday,46.666666666666664,Unhealthy for Sensitive Groups
13,19,10,425,20,63,83217,58657,23,6,12,Saturday,43.333333333333336,Unhealthy for Sensitive Groups
16,24,13,433,20,64,83236,72991,0,7,12,Sunday,53.333333333333336,Unhealthy
17,26,14,432,20,66,83260,78916,1,7,12,Sunday,56.666666666666664,Unhealthy
17,26,14,430,20,69,83287,78625,2,7,12,Sunday,56.666666666666664,Unhealthy
19,29,15,423,20,72,83322,89678,3,7,12,Sunday,63.33333333333333,Unhealthy
14,21,11,415,20,73,83380,63207,4,7,12,Sunday,46.666666666666664,Unhealthy for Sensitive Groups
13,19,10,413,22,66,83434,58815,5,7,12,Sunday,43.333333333333336,Unhealthy for Sensitive Groups
9,14,7,409,26,54,83463,43500,6,7,12,Sunday,30.0,Unhealthy for Sensitive Groups
9,13,7,408,27,47,83448,41136,7,7,12,Sunday,30.0,Unhealthy for Sensitive Groups
9,14,7,407,28,43,83395,41193,8,7,12,Sunday,30.0,Unhealthy for Sensitive Groups
8,13,7,406,28,42,83328,39807,9,7,12,Sunday,26.666666666666668,Moderate
7,10,6,406,28,41,83238,31986,10,7,12,Sunday,23.333333333333332,Moderate
5,7,4,405,29,37,83132,22269,11,7,12,Sunday,16.666666666666664,Moderate
4,6,3,405,28,37,83072,20431,12,7,12,Sunday,13.333333333333334,Good
4,7,3,406,27,39,83073,21005,13,7,12,Sunday,13.333333333333334,Good
4,7,3,409,25,42,83108,20857,14,7,12,Sunday,13.333333333333334,Good
6,9,5,412,24,47,83154,28351,15,7,12,Sunday,20.0,Moderate
10,16,8,418,23,51,83211,45337,16,7,12,Sunday,33.33333333333333,Unhealthy for Sensitive Groups
13,19,10,421,22,57,83291,57935,17,7,12,Sunday,43.333333333333336,Unhealthy for Sensitive Groups
11,17,9,419,22,59,83327,52151,18,7,12,Sunday,36.666666666666664,Unhealthy for Sensitive Groups
12,18,9,421,21,61,83340,54026,19,7,12,Sunday,40.0,Unhealthy for Sensitive Groups
11,17,9,422,21,63,83342,52315,20,7,12,Sunday,36.666666666666664,Unhealthy for Sensitive Groups
10,15,8,422,21,64,83289,46078,21,7,12,Sunday,33.33333333333333,Unhealthy for Sensitive Groups
11,16,9,422,20,67,83233,49474,22,7,12,Sunday,36.666666666666664,Unhealthy for Sensitive Groups
11,17,9,424,20,69,83210,50838,23,7,12,Sunday,36.666666666666664,Unhealthy for Sensitive Groups
11,17,9,423,21,70,83220,52426,0,8,12,Monday,36.666666666666664,Unhealthy for Sensitive Groups
12,18,10,421,20,72,83266,53918,1,8,12,Monday,40.0,Unhealthy for Sensitive Groups
14,21,11,424,20,74,83313,61955,2,8,12,Monday,46.666666666666664,Unhealthy for Sensitive Groups
12,18,9,423,20,74,83369,54566,3,8,12,Monday,40.0,Unhealthy for Sensitive Groups
14,21,11,420,21,72,83402,64699,4,8,12,Monday,46.666666666666664,Unhealthy for Sensitive Groups
12,18,10,417,22,68,83458,55184,5,8,12,Monday,40.0,Unhealthy for Sensitive Groups
10,15,8,415,25,59,83471,44634,6,8,12,Monday,33.33333333333333,Unhealthy for Sensitive Groups
9,13,7,410,26,51,83433,40026,7,8,12,Monday,30.0,Unhealthy for Sensitive Groups
9,13,7,410,27,47,83397,40761,8,8,12,Monday,30.0,Unhealthy for Sensitive Groups
8,13,6,409,27,50,83355,36588,9,8,12,Monday,26.666666666666668,Moderate
6,9,5,409,27,49,83279,28153,10,8,12,Monday,20.0,Moderate
5,8,4,407,28,46,83184,25252,11,8,12,Monday,16.666666666666664,Moderate
7,11,6,409,26,48,83147,32402,12,8,12,Monday,23.333333333333332,Moderate
7,11,6,409,26,48,83120,32114,13,8,12,Monday,23.333333333333332,Moderate
8,12,6,412,24,53,83163,37556,14,8,12,Monday,26.666666666666668,Moderate
10,16,8,415,23,57,83205,47255,15,8,12,Monday,33.33333333333333,Unhealthy for Sensitive Groups
14,22,12,416,23,59,83252,65250,16,8,12,Monday,46.666666666666664,Unhealthy for Sensitive Groups
14,22,11,420,22,62,83297,64006,17,8,12,Monday,46.666666666666664,Unhealthy for Sensitive Groups
14,21,11,428,21,63,83326,62445,18,8,12,Monday,46.666666666666664,Unhealthy for Sensitive Groups
15,22,12,430,21,64,83343,67068,19,8,12,Monday,50.0,Unhealthy
16,24,13,427,21,65,83326,72317,20,8,12,Monday,53.333333333333336,Unhealthy
14,21,11,424,20,67,83276,62522,21,8,12,Monday,46.666666666666664,Unhealthy for Sensitive Groups
11,16,9,422,20,69,83234,48893,22,8,12,Monday,36.666666666666664,Unhealthy for Sensitive Groups
11,17,9,422,20,69,83212,50755,23,8,12,Monday,36.666666666666664,Unhealthy for Sensitive Groups
11,17,9,426,20,69,83204,49591,0,9,12,Tuesday,36.666666666666664,Unhealthy for Sensitive Groups
11,16,9,423,20,70,83217,49201,1,9,12,Tuesday,36.666666666666664,Unhealthy for Sensitive Groups
10,16,8,423,19,71,83257,47376,2,9,12,Tuesday,33.33333333333333,Unhealthy for Sensitive Groups
11,17,9,423,19,72,83294,50060,3,9,12,Tuesday,36.666666666666664,Unhealthy for Sensitive Groups
14,20,11,422,20,70,83362,61509,4,9,12,Tuesday,46.666666666666664,Unhealthy for Sensitive Groups
13,20,10,420,22,64,83407,60127,5,9,12,Tuesday,43.333333333333336,Unhealthy for Sensitive Groups
13,20,10,419,25,55,83423,60160,6,9,12,Tuesday,43.333333333333336,Unhealthy for Sensitive Groups
12,18,9,412,27,49,83385,53284,7,9,12,Tuesday,40.0,Unhealthy for Sensitive Groups
8,12,6,410,28,43,83325,36769,8,9,12,Tuesday,26.666666666666668,Moderate
9,14,7,410,29,42,83236,41402,9,9,12,Tuesday,30.0,Unhealthy for Sensitive Groups
8,12,6,410,29,39,83141,36295,10,9,12,Tuesday,26.666666666666668,Moderate
7,11,6,410,29,37,83056,33162,11,9,12,Tuesday,23.333333333333332,Moderate
6,10,5,408,29,37,83003,29817,12,9,12,Tuesday,20.0,Moderate
6,9,5,409,28,40,82995,26425,13,9,12,Tuesday,20.0,Moderate
6,10,5,413,26,43,83057,30039,14,9,12,Tuesday,20.0,Moderate
8,13,7,416,25,47,83131,38823,15,9,12,Tuesday,26.666666666666668,Moderate
11,17,9,419,24,51,83188,49788,16,9,12,Tuesday,36.666666666666664,Unhealthy for Sensitive Groups
13,20,10,426,23,54,83250,60666,17,9,12,Tuesday,43.333333333333336,Unhealthy for Sensitive Groups
15,22,12,430,22,57,83293,67156,18,9,12,Tuesday,50.0,Unhealthy
15,23,12,427,22,58,83289,68829,19,9,12,Tuesday,50.0,Unhealthy
14,21,11,424,22,59,83293,64067,20,9,12,Tuesday,46.666666666666664,Unhealthy for Sensitive Groups
13,20,10,424,22,60,83284,59793,21,9,12,Tuesday,43.333333333333336,Unhealthy for Sensitive Groups
13,20,10,424,21,61,83247,59240,22,9,12,Tuesday,43.333333333333336,Unhealthy for Sensitive Groups
12,18,10,431,21,63,83214,55453,23,9,12,Tuesday,40.0,Unhealthy for Sensitive Groups
13,19,10,432,21,65,83207,57395,0,10,12,Wednesday,43.333333333333336,Unhealthy for Sensitive Groups
12,18,10,435,21,65,83232,54429,1,10,12,Wednesday,40.0,Unhealthy for Sensitive Groups
12,18,10,438,20,67,83264,55828,2,10,12,Wednesday,40.0,Unhealthy for Sensitive Groups
12,19,9,452,20,67,83307,53244,3,10,12,Wednesday,40.0,Unhealthy for Sensitive Groups
16,25,13,433,22,63,83342,74738,4,10,12,Wednesday,53.333333333333336,Unhealthy
13,20,10,414,23,60,83359,62695,5,10,12,Wednesday,43.333333333333336,Unhealthy for Sensitive Groups
9,14,7,411,27,51,83346,41697,6,10,12,Wednesday,30.0,Unhealthy for Sensitive Groups
9,14,7,407,27,47,83327,42524,7,10,12,Wednesday,30.0,Unhealthy for Sensitive Groups
12,19,10,410,29,43,83262,57421,8,10,12,Wednesday,40.0,Unhealthy for Sensitive Groups
12,18,9,409,30,40,83193,53333,9,10,12,Wednesday,40.0,Unhealthy for Sensitive Groups
9,15,7,408,30,38,83115,43734,10,10,12,Wednesday,30.0,Unhealthy for Sensitive Groups
9,14,7,407,30,38,83002,40882,11,10,12,Wednesday,30.0,Unhealthy for Sensitive Groups
8,12,6,408,29,38,82964,36549,12,10,12,Wednesday,26.666666666666668,Moderate
8,12,6,409,28,41,82961,35933,13,10,12,Wednesday,26.666666666666668,Moderate
8,12,6,409,26,43,82999,35836,14,10,12,Wednesday,26.666666666666668,Moderate
10,15,8,413,26,47,83075,45050,15,10,12,Wednesday,33.33333333333333,Unhealthy for Sensitive Groups
13,20,10,416,25,50,83158,57807,16,10,12,Wednesday,43.333333333333336,Unhealthy for Sensitive Groups
13,20,11,419,24,53,83230,60723,17,10,12,Wednesday,43.333333333333336,Unhealthy for Sensitive Groups
15,23,12,420,23,56,83288,69380,18,10,12,Wednesday,50.0,Unhealthy
16,25,13,420,23,58,83301,74221,19,10,12,Wednesday,53.333333333333336,Unhealthy
16,24,13,419,23,58,83300,71473,20,10,12,Wednesday,53.333333333333336,Unhealthy
14,21,11,420,22,60,83248,63766,21,10,12,Wednesday,46.666666666666664,Unhealthy for Sensitive Groups
14,21,11,420,22,61,83208,61737,22,10,12,Wednesday,46.666666666666664,Unhealthy for Sensitive Groups
13,19,10,419,22,63,83164,57853,23,10,12,Wednesday,43.333333333333336,Unhealthy for Sensitive Groups
12,19,10,420,21,64,83152,55847,0,11,12,Thursday,40.0,Unhealthy for Sensitive Groups
12,19,10,421,21,64,83178,55573,1,11,12,Thursday,40.0,Unhealthy for Sensitive Groups
12,18,10,426,21,65,83231,54950,2,11,12,Thursday,40.0,Unhealthy for Sensitive Groups
13,20,10,429,21,66,83287,58955,3,11,12,Thursday,43.333333333333336,Unhealthy for Sensitive Groups
15,23,12,423,21,66,83345,68812,4,11,12,Thursday,50.0,Unhealthy
20,30,15,425,22,64,83377,88911,5,11,12,Thursday,66.66666666666666,Unhealthy
16,24,13,420,24,59,83359,72408,6,11,12,Thursday,53.333333333333336,Unhealthy
18,27,14,414,25,55,83335,83148,7,11,12,Thursday,60.0,Unhealthy
12,19,10,409,27,49,83239,57655,8,11,12,Thursday,40.0,Unhealthy for Sensitive Groups
11,16,9,408,28,44,83153,49420,9,11,12,Thursday,36.666666666666664,Unhealthy for Sensitive Groups
9,14,7,411,30,39,83060,43803,10,11,12,Thursday,30.0,Unhealthy for Sensitive Groups
9,15,7,408,29,39,82956,42782,11,11,12,Thursday,30.0,Unhealthy for Sensitive Groups
8,12,6,407,29,37,82889,34695,12,11,12,Thursday,26.666666666666668,Moderate
8,13,6,407,28,39,82874,37586,13,11,12,Thursday,26.666666666666668,Moderate
10,15,8,409,27,44,82902,45240,14,11,12,Thursday,33.33333333333333,Unhealthy for Sensitive Groups
11,17,9,411,25,48,82977,50154,15,11,12,Thursday,36.666666666666664,Unhealthy for Sensitive Groups
14,21,11,414,24,52,83043,62586,16,11,12,Thursday,46.666666666666664,Unhealthy for Sensitive Groups
16,24,13,416,23,55,83105,70430,17,11,12,Thursday,53.333333333333336,Unhealthy
15,23,12,418,23,56,83163,69017,18,11,12,Thursday,50.0,Unhealthy
17,26,14,419,23,59,83217,75908,19,11,12,Thursday,56.666666666666664,Unhealthy
15,23,12,420,23,61,83235,67450,20,11,12,Thursday,50.0,Unhealthy
13,20,10,419,22,62,83216,60604,21,11,12,Thursday,43.333333333333336,Unhealthy for Sensitive Groups
12,19,10,420,22,63,83167,56241,22,11,12,Thursday,40.0,Unhealthy for Sensitive Groups
12,18,10,417,22,65,83129,53922,23,11,12,Thursday,40.0,Unhealthy for Sensitive Groups
12,18,10,417,21,66,83113,53066,0,12,12,Friday,40.0,Unhealthy for Sensitive Groups
14,21,11,420,21,67,83135,61864,1,12,12,Friday,46.666666666666664,Unhealthy for Sensitive Groups
16,25,13,424,21,68,83164,73643,2,12,12,Friday,53.333333333333336,Unhealthy
16,24,13,423,21,69,83221,69670,3,12,12,Friday,53.333333333333336,Unhealthy
18,27,14,418,21,69,83279,79168,4,12,12,Friday,60.0,Unhealthy
18,27,14,415,22,66,83326,78245,5,12,12,Friday,60.0,Unhealthy
13,19,10,409,26,56,83317,56994,6,12,12,Friday,43.333333333333336,Unhealthy for Sensitive Groups
14,21,11,406,26,52,83277,61463,7,12,12,Friday,46.666666666666664,Unhealthy for Sensitive Groups
14,21,11,404,27,48,83218,61359,8,12,12,Friday,46.666666666666664,Unhealthy for Sensitive Groups
13,20,10,404,29,42,83133,58835,9,12,12,Friday,43.333333333333336,Unhealthy for Sensitive Groups
12,18,10,403,30,40,83047,53911,10,12,12,Friday,40.0,Unhealthy for Sensitive Groups
10,16,8,403,29,41,82977,47321,11,12,12,Friday,33.33333333333333,Unhealthy for Sensitive Groups
9,15,7,402,29,40,82911,43497,12,12,12,Friday,30.0,Unhealthy for Sensitive Groups
11,17,9,403,27,45,82912,50617,13,12,12,Friday,36.666666666666664,Unhealthy for Sensitive Groups
12,18,9,403,26,49,82950,53317,14,12,12,Friday,40.0,Unhealthy for Sensitive Groups
11,18,9,409,25,52,83019,50451,15,12,12,Friday,36.666666666666664,Unhealthy for Sensitive Groups
12,19,10,413,24,55,83075,55327,16,12,12,Friday,40.0,Unhealthy for Sensitive Groups
12,18,10,417,23,56,83172,53819,17,12,12,Friday,40.0,Unhealthy for Sensitive Groups
14,22,11,417,23,59,83250,64685,18,12,12,Friday,46.666666666666664,Unhealthy for Sensitive Groups
9,14,7,412,21,69,83293,41625,19,12,12,Friday,30.0,Unhealthy for Sensitive Groups
7,11,5,415,21,69,83305,30792,20,12,12,Friday,23.333333333333332,Moderate
6,9,5,416,21,69,83237,27942,21,12,12,Friday,20.0,Moderate
5,8,4,425,21,70,83179,25144,22,12,12,Friday,16.666666666666664,Moderate
4,6,3,427,20,69,83138,19546,23,12,12,Friday,13.333333333333334,Good
2,4,2,435,20,69,83124,12951,0,13,12,Saturday,6.666666666666667,Good
3,5,2,446,20,69,83144,14987,1,13,12,Saturday,10.0,Good
4,6,3,451,20,71,83196,20437,2,13,12,Saturday,13.333333333333334,Good
7,11,6,449,20,71,83256,32657,3,13,12,Saturday,23.333333333333332,Moderate
10,15,8,436,22,67,83309,46156,4,13,12,Saturday,33.33333333333333,Unhealthy for Sensitive Groups
11,17,9,413,24,61,83336,50044,5,13,12,Saturday,36.666666666666664,Unhealthy for Sensitive Groups
13,20,11,407,25,59,83328,61152,6,13,12,Saturday,43.333333333333336,Unhealthy for Sensitive Groups
18,27,14,407,25,59,83314,80940,7,13,12,Saturday,60.0,Unhealthy
18,28,14,406,27,52,83235,83262,8,13,12,Saturday,60.0,Unhealthy
15,23,12,405,28,49,83149,70226,9,13,12,Saturday,50.0,Unhealthy
16,24,13,403,27,54,83078,70222,10,13,12,Saturday,53.333333333333336,Unhealthy
13,20,10,403,27,50,82990,58221,11,13,12,Saturday,43.333333333333336,Unhealthy for Sensitive Groups
11,17,9,403,27,52,82945,49267,12,13,12,Saturday,36.666666666666664,Unhealthy for Sensitive Groups
9,13,7,408,24,61,82964,40068,13,13,12,Saturday,30.0,Unhealthy for Sensitive Groups
11,16,9,410,23,66,83000,48940,14,13,12,Saturday,36.666666666666664,Unhealthy for Sensitive Groups
12,17,9,412,23,66,83081,52025,15,13,12,Saturday,40.0,Unhealthy for Sensitive Groups
11,17,9,422,22,66,83183,51006,16,13,12,Saturday,36.666666666666664,Unhealthy for Sensitive Groups
16,25,13,427,22,67,83283,73991,17,13,12,Saturday,53.333333333333336,Unhealthy
16,24,13,429,22,68,83308,73697,18,13,12,Saturday,53.333333333333336,Unhealthy
12,18,9,421,22,69,83314,53720,19,13,12,Saturday,40.0,Unhealthy for Sensitive Groups
9,14,7,421,22,70,83301,42929,20,13,12,Saturday,30.0,Unhealthy for Sensitive Groups
6,9,4,419,21,71,83281,27520,21,13,12,Saturday,20.0,Moderate
4,6,3,417,21,71,83223,19656,22,13,12,Saturday,13.333333333333334,Good
5,7,4,423,21,71,83180,22612,23,13,12,Saturday,16.666666666666664,Moderate
6,10,5,430,21,73,83190,28906,0,14,12,Sunday,20.0,Moderate
3,4,2,418,19,73,83254,12707,1,14,12,Sunday,10.0,Good
1,2,1,418,19,73,83291,6038,2,14,12,Sunday,3.3333333333333335,Good
1,2,1,418,19,73,83304,8140,3,14,12,Sunday,3.3333333333333335,Good
4,6,3,417,20,73,83372,19630,4,14,12,Sunday,13.333333333333334,Good
4,6,3,414,22,69,83419,20518,5,14,12,Sunday,13.333333333333334,Good
5,8,4,407,24,62,83374,25709,6,14,12,Sunday,16.666666666666664,Moderate
5,8,4,405,25,58,83330,24695,7,14,12,Sunday,16.666666666666664,Moderate
5,8,4,404,25,58,83272,23936,8,14,12,Sunday,16.666666666666664,Moderate
6,9,5,404,26,55,83212,27863,9,14,12,Sunday,20.0,Moderate
5,8,4,404,26,52,83118,26002,10,14,12,Sunday,16.666666666666664,Moderate
6,9,5,404,28,47,83008,29190,11,14,12,Sunday,20.0,Moderate
7,10,6,405,27,49,82960,31721,12,14,12,Sunday,23.333333333333332,Moderate
7,11,6,406,26,50,82949,33997,13,14,12,Sunday,23.333333333333332,Moderate
8,12,6,408,25,55,82969,37377,14,14,12,Sunday,26.666666666666668,Moderate
9,14,7,412,24,59,83018,43278,15,14,12,Sunday,30.0,Unhealthy for Sensitive Groups
11,17,9,420,23,62,83088,51641,16,14,12,Sunday,36.666666666666664,Unhealthy for Sensitive Groups
12,19,10,423,22,64,83160,57159,17,14,12,Sunday,40.0,Unhealthy for Sensitive Groups
10,15,8,420,22,69,83220,45469,18,14,12,Sunday,33.33333333333333,Unhealthy for Sensitive Groups
13,19,10,425,22,70,83207,58126,19,14,12,Sunday,43.333333333333336,Unhealthy for Sensitive Groups
14,21,11,430,21,70,83193,62936,20,14,12,Sunday,46.666666666666664,Unhealthy for Sensitive Groups
12,19,10,427,21,70,83146,56100,21,14,12,Sunday,40.0,Unhealthy for Sensitive Groups
10,15,8,425,21,70,83092,46341,22,14,12,Sunday,33.33333333333333,Unhealthy for Sensitive Groups
9,14,7,420,21,70,83067,41187,23,14,12,Sunday,30.0,Unhealthy for Sensitive Groups
10,15,8,422,21,71,83058,44831,0,15,12,Monday,33.33333333333333,Unhealthy for Sensitive Groups
9,14,7,422,20,73,83104,42864,1,15,12,Monday,30.0,Unhealthy for Sensitive Groups
10,15,8,428,20,75,83138,45522,2,15,12,Monday,33.33333333333333,Unhealthy for Sensitive Groups
13,19,10,425,20,76,83178,57257,3,15,12,Monday,43.333333333333336,Unhealthy for Sensitive Groups
12,18,10,424,20,76,83245,54195,4,15,12,Monday,40.0,Unhealthy for Sensitive Groups
12,18,9,421,20,76,83292,52563,5,15,12,Monday,40.0,Unhealthy for Sensitive Groups
12,19,10,417,22,71,83286,55518,6,15,12,Monday,40.0,Unhealthy for Sensitive Groups
9,14,7,410,24,62,83229,42068,7,15,12,Monday,30.0,Unhealthy for Sensitive Groups
10,15,8,409,26,55,83161,46316,8,15,12,Monday,33.33333333333333,Unhealthy for Sensitive Groups
9,14,7,409,28,46,83086,44125,9,15,12,Monday,30.0,Unhealthy for Sensitive Groups
9,14,7,408,28,43,82997,41980,10,15,12,Monday,30.0,Unhealthy for Sensitive Groups
9,14,7,408,27,45,82924,43041,11,15,12,Monday,30.0,Unhealthy for Sensitive Groups
9,13,7,407,27,46,82887,39998,12,15,12,Monday,30.0,Unhealthy for Sensitive Groups
8,13,6,407,26,46,82873,38812,13,15,12,Monday,26.666666666666668,Moderate
8,12,6,409,25,47,82882,36851,14,15,12,Monday,26.666666666666668,Moderate
11,17,9,413,24,54,82919,51560,15,15,12,Monday,36.666666666666664,Unhealthy for Sensitive Groups
18,29,14,423,23,61,82967,82111,16,15,12,Monday,60.0,Unhealthy
18,27,14,427,22,62,83040,80441,17,15,12,Monday,60.0,Unhealthy
19,28,14,430,22,64,83083,84766,18,15,12,Monday,63.33333333333333,Unhealthy
23,34,18,433,21,65,83104,108012,19,15,12,Monday,76.66666666666667,Unhealthy
18,28,14,429,21,68,83113,84483,20,15,12,Monday,60.0,Unhealthy
13,20,10,425,21,69,83075,59434,21,15,12,Monday,43.333333333333336,Unhealthy for Sensitive Groups
10,16,8,424,21,69,83015,47535,22,15,12,Monday,33.33333333333333,Unhealthy for Sensitive Groups
8,12,6,420,21,69,82973,36526,23,15,12,Monday,26.666666666666668,Moderate
9,14,7,422,21,70,82986,41356,0,16,12,Tuesday,30.0,Unhealthy for Sensitive Groups
11,17,9,420,20,74,83012,49416,1,16,12,Tuesday,36.666666666666664,Unhealthy for Sensitive Groups
9,14,7,419,20,75,83031,41876,2,16,12,Tuesday,30.0,Unhealthy for Sensitive Groups
10,15,8,422,20,74,83055,44986,3,16,12,Tuesday,33.33333333333333,Unhealthy for Sensitive Groups
11,17,9,420,21,73,83126,50374,4,16,12,Tuesday,36.666666666666664,Unhealthy for Sensitive Groups
10,15,8,413,23,66,83161,46900,5,16,12,Tuesday,33.33333333333333,Unhealthy for Sensitive Groups
10,16,8,411,24,61,83141,48800,6,16,12,Tuesday,33.33333333333333,Unhealthy for Sensitive Groups
18,27,14,410,26,55,83109,84173,7,16,12,Tuesday,60.0,Unhealthy
13,20,11,409,26,52,83053,63113,8,16,12,Tuesday,43.333333333333336,Unhealthy for Sensitive Groups
7,11,6,406,28,46,82981,34158,9,16,12,Tuesday,23.333333333333332,Moderate
6,10,5,405,28,44,82898,30507,10,16,12,Tuesday,20.0,Moderate
6,9,5,403,28,43,82821,29248,11,16,12,Tuesday,20.0,Moderate
6,10,5,403,28,44,82792,29972,12,16,12,Tuesday,20.0,Moderate
6,10,5,404,26,47,82810,29976,13,16,12,Tuesday,20.0,Moderate
6,10,5,407,25,51,82853,30206,14,16,12,Tuesday,20.0,Moderate
7,10,6,411,24,52,82909,31854,15,16,12,Tuesday,23.333333333333332,Moderate
11,17,9,419,23,54,82967,49656,16,16,12,Tuesday,36.666666666666664,Unhealthy for Sensitive Groups
16,25,13,431,23,59,83027,73785,17,16,12,Tuesday,53.333333333333336,Unhealthy
21,31,16,434,22,62,83055,95940,18,16,12,Tuesday,70.0,Unhealthy
23,35,18,446,22,64,83072,109642,19,16,12,Tuesday,76.66666666666667,Unhealthy
21,31,16,450,21,66,83063,97998,20,16,12,Tuesday,70.0,Unhealthy
15,22,12,437,21,66,83037,68042,21,16,12,Tuesday,50.0,Unhealthy
11,16,9,427,21,67,82965,49455,22,16,12,Tuesday,36.666666666666664,Unhealthy for Sensitive Groups
10,15,8,428,21,68,82930,45530,23,16,12,Tuesday,33.33333333333333,Unhealthy for Sensitive Groups
9,14,7,424,21,68,82925,41336,0,17,12,Wednesday,30.0,Unhealthy for Sensitive Groups
11,16,9,430,21,70,82935,50134,1,17,12,Wednesday,36.666666666666664,Unhealthy for Sensitive Groups
10,16,8,423,20,73,83003,47132,2,17,12,Wednesday,33.33333333333333,Unhealthy for Sensitive Groups
9,13,7,420,20,74,83057,40189,3,17,12,Wednesday,30.0,Unhealthy for Sensitive Groups
10,16,8,417,20,75,83148,48064,4,17,12,Wednesday,33.33333333333333,Unhealthy for Sensitive Groups
11,17,9,414,22,72,83205,51227,5,17,12,Wednesday,36.666666666666664,Unhealthy for Sensitive Groups
12,18,10,409,24,65,83224,57003,6,17,12,Wednesday,40.0,Unhealthy for Sensitive Groups
9,13,7,407,25,59,83213,41736,7,17,12,Wednesday,30.0,Unhealthy for Sensitive Groups
9,14,7,406,26,53,83167,42171,8,17,12,Wednesday,30.0,Unhealthy for Sensitive Groups
7,11,6,405,28,47,83086,35805,9,17,12,Wednesday,23.333333333333332,Moderate
6,9,5,405,30,41,82987,27608,10,17,12,Wednesday,20.0,Moderate
5,7,4,404,30,39,82906,22490,11,17,12,Wednesday,16.666666666666664,Moderate
5,7,4,405,29,39,82855,22603,12,17,12,Wednesday,16.666666666666664,Moderate
4,7,3,406,28,40,82844,22223,13,17,12,Wednesday,13.333333333333334,Good
5,7,4,409,27,42,82863,22462,14,17,12,Wednesday,16.666666666666664,Moderate
7,10,5,413,25,47,82952,32106,15,17,12,Wednesday,23.333333333333332,Moderate
8,13,6,418,24,53,83056,39153,16,17,12,Wednesday,26.666666666666668,Moderate
12,19,10,421,23,57,83145,57250,17,17,12,Wednesday,40.0,Unhealthy for Sensitive Groups
18,27,14,430,23,58,83195,84077,18,17,12,Wednesday,60.0,Unhealthy
16,24,13,431,22,59,83215,74625,19,17,12,Wednesday,53.333333333333336,Unhealthy
14,21,11,425,22,61,83208,64812,20,17,12,Wednesday,46.666666666666664,Unhealthy for Sensitive Groups
15,22,12,430,22,62,83189,68745,21,17,12,Wednesday,50.0,Unhealthy
13,20,10,426,22,64,83157,60793,22,17,12,Wednesday,43.333333333333336,Unhealthy for Sensitive Groups
11,16,9,422,22,66,83118,50154,23,17,12,Wednesday,36.666666666666664,Unhealthy for Sensitive Groups
11,17,9,423,22,67,83143,51432,0,18,12,Thursday,36.666666666666664,Unhealthy for Sensitive Groups
12,18,10,424,21,71,83170,54800,1,18,12,Thursday,40.0,Unhealthy for Sensitive Groups
13,19,10,418,20,74,83216,58314,2,18,12,Thursday,43.333333333333336,Unhealthy for Sensitive Groups
11,16,9,416,20,75,83266,50046,3,18,12,Thursday,36.666666666666664,Unhealthy for Sensitive Groups
12,18,10,413,21,73,83325,56111,4,18,12,Thursday,40.0,Unhealthy for Sensitive Groups
15,22,12,412,21,72,83365,68000,5,18,12,Thursday,50.0,Unhealthy
14,22,11,410,23,67,83368,66528,6,18,12,Thursday,46.666666666666664,Unhealthy for Sensitive Groups
13,19,10,408,25,58,83338,58971,7,18,12,Thursday,43.333333333333336,Unhealthy for Sensitive Groups
10,16,8,405,27,54,83277,48436,8,18,12,Thursday,33.33333333333333,Unhealthy for Sensitive Groups
8,13,6,404,28,50,83207,39314,9,18,12,Thursday,26.666666666666668,Moderate
6,9,5,403,29,45,83112,28926,10,18,12,Thursday,20.0,Moderate
6,9,5,402,29,45,83021,30104,11,18,12,Thursday,20.0,Moderate
6,9,5,403,28,43,82956,28804,12,18,12,Thursday,20.0,Moderate
8,12,6,404,28,45,82959,36974,13,18,12,Thursday,26.666666666666668,Moderate
8,12,6,406,26,46,82980,37265,14,18,12,Thursday,26.666666666666668,Moderate
9,14,7,410,25,52,83047,42603,15,18,12,Thursday,30.0,Unhealthy for Sensitive Groups
15,23,12,415,24,57,83140,70573,16,18,12,Thursday,50.0,Unhealthy
14,22,11,418,23,61,83259,66529,17,18,12,Thursday,46.666666666666664,Unhealthy for Sensitive Groups
18,27,14,420,22,62,83343,83635,18,18,12,Thursday,60.0,Unhealthy
20,30,15,424,22,63,83366,95075,19,18,12,Thursday,66.66666666666666,Unhealthy
20,30,15,427,22,64,83343,93703,20,18,12,Thursday,66.66666666666666,Unhealthy
17,26,14,426,22,67,83306,79348,21,18,12,Thursday,56.666666666666664,Unhealthy
15,23,12,426,21,69,83244,70233,22,18,12,Thursday,50.0,Unhealthy
14,21,11,425,21,70,83202,64880,23,18,12,Thursday,46.666666666666664,Unhealthy for Sensitive Groups
14,21,11,426,21,70,83175,63981,0,19,12,Friday,46.666666666666664,Unhealthy for Sensitive Groups
14,21,11,426,21,71,83203,64392,1,19,12,Friday,46.666666666666664,Unhealthy for Sensitive Groups
15,22,12,426,21,73,83244,68367,2,19,12,Friday,50.0,Unhealthy
15,22,12,422,20,75,83301,67726,3,19,12,Friday,50.0,Unhealthy
15,23,12,417,21,74,83345,70844,4,19,12,Friday,50.0,Unhealthy
15,23,12,413,21,72,83375,70676,5,19,12,Friday,50.0,Unhealthy
14,21,11,410,23,66,83384,65776,6,19,12,Friday,46.666666666666664,Unhealthy for Sensitive Groups
13,19,10,411,22,66,83356,59469,7,19,12,Friday,43.333333333333336,Unhealthy for Sensitive Groups
11,17,9,409,26,57,83267,52127,8,19,12,Friday,36.666666666666664,Unhealthy for Sensitive Groups
8,12,6,407,28,50,83191,37773,9,19,12,Friday,26.666666666666668,Moderate
6,10,5,405,29,46,83104,31384,10,19,12,Friday,20.0,Moderate
7,10,5,404,28,45,83017,31851,11,19,12,Friday,23.333333333333332,Moderate
5,8,4,404,28,46,82946,26107,12,19,12,Friday,16.666666666666664,Moderate
6,9,5,405,27,46,82923,28415,13,19,12,Friday,20.0,Moderate
7,11,6,406,25,53,82947,34127,14,19,12,Friday,23.333333333333332,Moderate
9,14,7,410,24,59,82997,42232,15,19,12,Friday,30.0,Unhealthy for Sensitive Groups
11,17,9,412,23,61,83083,51669,16,19,12,Friday,36.666666666666664,Unhealthy for Sensitive Groups
12,18,10,415,23,63,83155,54531,17,19,12,Friday,40.0,Unhealthy for Sensitive Groups
12,18,10,419,22,65,83206,54712,18,19,12,Friday,40.0,Unhealthy for Sensitive Groups
12,18,10,420,22,66,83215,56306,19,19,12,Friday,40.0,Unhealthy for Sensitive Groups
15,23,12,420,22,69,83191,68676,20,19,12,Friday,50.0,Unhealthy
15,22,12,421,21,71,83162,68547,21,19,12,Friday,50.0,Unhealthy
16,24,12,423,21,71,83101,72157,22,19,12,Friday,53.333333333333336,Unhealthy
12,18,10,420,21,71,83036,55625,23,19,12,Friday,40.0,Unhealthy for Sensitive Groups
12,19,10,427,21,71,83000,57528,0,20,12,Saturday,40.0,Unhealthy for Sensitive Groups
11,17,9,424,21,72,83019,51684,1,20,12,Saturday,36.666666666666664,Unhealthy for Sensitive Groups
11,16,9,426,21,71,83046,50138,2,20,12,Saturday,36.666666666666664,Unhealthy for Sensitive Groups
11,17,9,427,20,73,83107,51437,3,20,12,Saturday,36.666666666666664,Unhealthy for Sensitive Groups
15,22,12,423,21,71,83149,67904,4,20,12,Saturday,50.0,Unhealthy
14,22,11,413,22,69,83184,66861,5,20,12,Saturday,46.666666666666664,Unhealthy for Sensitive Groups
13,20,10,412,24,63,83198,60839,6,20,12,Saturday,43.333333333333336,Unhealthy for Sensitive Groups
10,16,8,407,26,54,83158,49459,7,20,12,Saturday,33.33333333333333,Unhealthy for Sensitive Groups
9,15,8,406,27,50,83096,44977,8,20,12,Saturday,30.0,Unhealthy for Sensitive Groups
8,12,6,406,29,43,83039,36740,9,20,12,Saturday,26.666666666666668,Moderate
7,11,6,404,29,42,82954,34679,10,20,12,Saturday,23.333333333333332,Moderate
7,11,6,405,29,42,82860,34476,11,20,12,Saturday,23.333333333333332,Moderate
7,11,6,405,29,42,82783,33514,12,20,12,Saturday,23.333333333333332,Moderate
8,12,6,405,27,44,82766,36522,13,20,12,Saturday,26.666666666666668,Moderate
7,11,6,408,26,48,82758,34607,14,20,12,Saturday,23.333333333333332,Moderate
9,14,7,409,25,53,82829,41003,15,20,12,Saturday,30.0,Unhealthy for Sensitive Groups
9,14,7,411,23,58,82939,41939,16,20,12,Saturday,30.0,Unhealthy for Sensitive Groups
9,13,7,413,22,63,83050,40078,17,20,12,Saturday,30.0,Unhealthy for Sensitive Groups
9,14,7,416,23,63,83092,43545,18,20,12,Saturday,30.0,Unhealthy for Sensitive Groups
11,16,9,421,22,65,83104,49276,19,20,12,Saturday,36.666666666666664,Unhealthy for Sensitive Groups
10,16,8,422,22,66,83091,48127,20,20,12,Saturday,33.33333333333333,Unhealthy for Sensitive Groups
9,14,7,418,22,68,83067,44314,21,20,12,Saturday,30.0,Unhealthy for Sensitive Groups
10,16,8,419,21,69,83012,48900,22,20,12,Saturday,33.33333333333333,Unhealthy for Sensitive Groups
11,16,9,421,21,70,82981,50203,23,20,12,Saturday,36.666666666666664,Unhealthy for Sensitive Groups
10,15,8,423,21,70,82993,45923,0,21,12,Sunday,33.33333333333333,Unhealthy for Sensitive Groups
9,14,7,419,21,70,83019,44612,1,21,12,Sunday,30.0,Unhealthy for Sensitive Groups
11,16,9,421,21,73,83048,50876,2,21,12,Sunday,36.666666666666664,Unhealthy for Sensitive Groups
11,17,9,417,20,74,83076,51641,3,21,12,Sunday,36.666666666666664,Unhealthy for Sensitive Groups
12,18,10,415,20,74,83131,55808,4,21,12,Sunday,40.0,Unhealthy for Sensitive Groups
10,15,8,415,21,75,83175,45200,5,21,12,Sunday,33.33333333333333,Unhealthy for Sensitive Groups
10,16,8,410,22,71,83194,48529,6,21,12,Sunday,33.33333333333333,Unhealthy for Sensitive Groups
5,8,4,407,21,71,83212,25219,7,21,12,Sunday,16.666666666666664,Moderate
3,5,2,407,21,72,83189,16766,8,21,12,Sunday,10.0,Good
4,7,3,405,23,70,83103,21715,9,21,12,Sunday,13.333333333333334,Good
5,7,4,402,25,63,83001,23384,10,21,12,Sunday,16.666666666666664,Moderate
10,15,8,403,23,68,82950,46647,11,21,12,Sunday,33.33333333333333,Unhealthy for Sensitive Groups
8,13,7,402,24,67,82880,39301,12,21,12,Sunday,26.666666666666668,Moderate
9,14,7,403,24,67,82857,42636,13,21,12,Sunday,30.0,Unhealthy for Sensitive Groups
7,11,6,405,23,66,82881,33394,14,21,12,Sunday,23.333333333333332,Moderate
7,10,5,412,21,72,82990,31626,15,21,12,Sunday,23.333333333333332,Moderate
6,9,5,419,21,71,83056,29209,16,21,12,Sunday,20.0,Moderate
8,12,6,420,21,71,83107,38516,17,21,12,Sunday,26.666666666666668,Moderate
8,12,6,418,21,73,83146,37465,18,21,12,Sunday,26.666666666666668,Moderate
11,16,9,424,21,74,83155,50020,19,21,12,Sunday,36.666666666666664,Unhealthy for Sensitive Groups
13,19,10,439,20,73,83138,58645,20,21,12,Sunday,43.333333333333336,Unhealthy for Sensitive Groups
11,16,9,442,20,73,83105,50157,21,21,12,Sunday,36.666666666666664,Unhealthy for Sensitive Groups
10,16,8,454,20,73,83046,49281,22,21,12,Sunday,33.33333333333333,Unhealthy for Sensitive Groups
10,15,8,430,20,74,83007,45234,23,21,12,Sunday,33.33333333333333,Unhealthy for Sensitive Groups
10,15,8,424,20,75,83021,45090,0,22,12,Monday,33.33333333333333,Unhealthy for Sensitive Groups
10,16,8,421,20,75,83023,48748,1,22,12,Monday,33.33333333333333,Unhealthy for Sensitive Groups
11,17,9,421,20,75,83056,52063,2,22,12,Monday,36.666666666666664,Unhealthy for Sensitive Groups
12,18,10,422,20,74,83106,56555,3,22,12,Monday,40.0,Unhealthy for Sensitive Groups
15,22,12,420,20,74,83166,68782,4,22,12,Monday,50.0,Unhealthy
23,35,18,428,20,75,83198,111191,5,22,12,Monday,76.66666666666667,Unhealthy
21,32,16,419,21,73,83210,102604,6,22,12,Monday,70.0,Unhealthy
16,24,13,414,23,65,83180,72833,7,22,12,Monday,53.333333333333336,Unhealthy
12,18,10,411,25,57,83133,55857,8,22,12,Monday,40.0,Unhealthy for Sensitive Groups
9,14,7,411,26,54,83082,44037,9,22,12,Monday,30.0,Unhealthy for Sensitive Groups
9,14,7,409,26,51,83017,42931,10,22,12,Monday,30.0,Unhealthy for Sensitive Groups
9,14,7,407,26,48,82942,42300,11,22,12,Monday,30.0,Unhealthy for Sensitive Groups
8,13,6,406,26,47,82901,39028,12,22,12,Monday,26.666666666666668,Moderate
9,14,7,407,26,47,82888,43128,13,22,12,Monday,30.0,Unhealthy for Sensitive Groups
10,15,8,408,25,49,82906,45724,14,22,12,Monday,33.33333333333333,Unhealthy for Sensitive Groups
11,17,9,413,23,54,82958,50961,15,22,12,Monday,36.666666666666664,Unhealthy for Sensitive Groups
14,21,11,421,22,60,83039,63091,16,22,12,Monday,46.666666666666664,Unhealthy for Sensitive Groups
18,28,14,430,22,63,83120,83726,17,22,12,Monday,60.0,Unhealthy
21,32,16,440,21,67,83184,97669,18,22,12,Monday,70.0,Unhealthy
23,34,18,433,21,69,83202,108262,19,22,12,Monday,76.66666666666667,Unhealthy
20,31,16,438,21,69,83184,98032,20,22,12,Monday,66.66666666666666,Unhealthy
20,30,15,455,20,70,83155,93623,21,22,12,Monday,66.66666666666666,Unhealthy
19,29,15,445,20,70,83100,88944,22,22,12,Monday,63.33333333333333,Unhealthy
17,26,14,426,20,73,83064,79440,23,22,12,Monday,56.666666666666664,Unhealthy
17,25,14,420,19,74,83049,76552,0,23,12,Tuesday,56.666666666666664,Unhealthy
16,24,13,427,19,73,83061,72349,1,23,12,Tuesday,53.333333333333336,Unhealthy
15,23,12,427,19,73,83102,70100,2,23,12,Tuesday,50.0,Unhealthy
15,23,12,422,19,74,83134,69261,3,23,12,Tuesday,50.0,Unhealthy
17,27,14,421,21,68,83213,80290,4,23,12,Tuesday,56.666666666666664,Unhealthy
27,41,21,421,22,68,83275,127538,5,23,12,Tuesday,90.0,Unhealthy
25,38,20,419,23,65,83295,121777,6,23,12,Tuesday,83.33333333333334,Unhealthy
20,31,16,414,24,61,83271,95651,7,23,12,Tuesday,66.66666666666666,Unhealthy
14,23,11,409,26,53,83205,65401,8,23,12,Tuesday,46.666666666666664,Unhealthy for Sensitive Groups
11,17,9,407,28,47,83117,50931,9,23,12,Tuesday,36.666666666666664,Unhealthy for Sensitive Groups
11,18,9,406,28,44,83021,51742,10,23,12,Tuesday,36.666666666666664,Unhealthy for Sensitive Groups
10,16,8,405,28,44,82948,47029,11,23,12,Tuesday,33.33333333333333,Unhealthy for Sensitive Groups
10,15,8,406,27,45,82906,44355,12,23,12,Tuesday,33.33333333333333,Unhealthy for Sensitive Groups
8,13,6,406,27,46,82900,37748,13,23,12,Tuesday,26.666666666666668,Moderate
8,13,6,408,25,50,82929,35541,14,23,12,Tuesday,26.666666666666668,Moderate
9,14,7,411,24,54,82975,40514,15,23,12,Tuesday,30.0,Unhealthy for Sensitive Groups
11,18,9,415,23,59,83040,51079,16,23,12,Tuesday,36.666666666666664,Unhealthy for Sensitive Groups
15,24,12,419,22,62,83097,68364,17,23,12,Tuesday,50.0,Unhealthy
17,26,14,422,22,64,83126,76096,18,23,12,Tuesday,56.666666666666664,Unhealthy
22,35,17,422,21,66,83135,102566,19,23,12,Tuesday,73.33333333333333,Unhealthy
20,31,16,422,21,68,83160,92069,20,23,12,Tuesday,66.66666666666666,Unhealthy
19,30,15,423,21,69,83171,84306,21,23,12,Tuesday,63.33333333333333,Unhealthy
18,27,14,424,21,69,83132,77929,22,23,12,Tuesday,60.0,Unhealthy
14,22,11,423,21,69,83104,63957,23,23,12,Tuesday,46.666666666666664,Unhealthy for Sensitive Groups
14,22,11,424,21,70,83087,63900,0,24,12,Wednesday,46.666666666666664,Unhealthy for Sensitive Groups
15,23,12,426,21,71,83114,65579,1,24,12,Wednesday,50.0,Unhealthy
15,24,12,427,20,72,83171,68197,2,24,12,Wednesday,50.0,Unhealthy
17,26,13,428,20,74,83221,74177,3,24,12,Wednesday,56.666666666666664,Unhealthy
20,30,15,424,21,72,83274,89258,4,24,12,Wednesday,66.66666666666666,Unhealthy
17,26,13,417,22,68,83303,75211,5,24,12,Wednesday,56.666666666666664,Unhealthy
15,23,12,416,23,66,83313,67441,6,24,12,Wednesday,50.0,Unhealthy
11,18,8,410,24,60,83260,47685,7,24,12,Wednesday,36.666666666666664,Unhealthy for Sensitive Groups
11,17,8,407,26,54,83207,46788,8,24,12,Wednesday,36.666666666666664,Unhealthy for Sensitive Groups
9,14,7,407,27,47,83119,40685,9,24,12,Wednesday,30.0,Unhealthy for Sensitive Groups
9,15,7,407,28,44,83024,41778,10,24,12,Wednesday,30.0,Unhealthy for Sensitive Groups
10,15,8,408,28,44,82945,44657,11,24,12,Wednesday,33.33333333333333,Unhealthy for Sensitive Groups
8,13,6,406,28,42,82887,36559,12,24,12,Wednesday,26.666666666666668,Moderate
6,10,5,405,28,42,82894,28693,13,24,12,Wednesday,20.0,Moderate
7,12,6,408,26,47,82926,31741,14,24,12,Wednesday,23.333333333333332,Moderate
8,14,7,412,25,53,83013,38716,15,24,12,Wednesday,26.666666666666668,Moderate
14,21,11,417,24,57,83076,60732,16,24,12,Wednesday,46.666666666666664,Unhealthy for Sensitive Groups
14,22,11,419,23,60,83145,60157,17,24,12,Wednesday,46.666666666666664,Unhealthy for Sensitive Groups
11,17,9,419,22,63,83193,48890,18,24,12,Wednesday,36.666666666666664,Unhealthy for Sensitive Groups
12,18,10,419,22,64,83203,55311,19,24,12,Wednesday,40.0,Unhealthy for Sensitive Groups
11,18,9,419,22,66,83201,51946,20,24,12,Wednesday,36.666666666666664,Unhealthy for Sensitive Groups
12,19,10,420,22,67,83161,55047,21,24,12,Wednesday,40.0,Unhealthy for Sensitive Groups
12,19,10,426,21,68,83120,56314,22,24,12,Wednesday,40.0,Unhealthy for Sensitive Groups
11,17,9,427,21,68,83108,51159,23,24,12,Wednesday,36.666666666666664,Unhealthy for Sensitive Groups
10,15,8,429,21,68,83117,44469,0,25,12,Thursday,33.33333333333333,Unhealthy for Sensitive Groups
10,16,8,438,21,69,83166,46295,1,25,12,Thursday,33.33333333333333,Unhealthy for Sensitive Groups
10,15,8,440,20,70,83207,44065,2,25,12,Thursday,33.33333333333333,Unhealthy for Sensitive Groups
11,17,9,439,20,71,83235,51074,3,25,12,Thursday,36.666666666666664,Unhealthy for Sensitive Groups
14,22,11,430,22,66,83272,62515,4,25,12,Thursday,46.666666666666664,Unhealthy for Sensitive Groups
12,18,10,416,24,62,83295,54241,5,25,12,Thursday,40.0,Unhealthy for Sensitive Groups
11,18,9,413,26,56,83281,50993,6,25,12,Thursday,36.666666666666664,Unhealthy for Sensitive Groups
11,18,9,412,27,52,83253,50869,7,25,12,Thursday,36.666666666666664,Unhealthy for Sensitive Groups
12,19,9,410,28,47,83195,53316,8,25,12,Thursday,40.0,Unhealthy for Sensitive Groups
10,16,7,408,29,44,83110,43760,9,25,12,Thursday,33.33333333333333,Unhealthy for Sensitive Groups
9,15,7,407,30,41,83024,41956,10,25,12,Thursday,30.0,Unhealthy for Sensitive Groups
10,16,8,405,30,41,82930,43791,11,25,12,Thursday,33.33333333333333,Unhealthy for Sensitive Groups
10,16,8,406,29,41,82869,44561,12,25,12,Thursday,33.33333333333333,Unhealthy for Sensitive Groups
9,16,7,406,28,43,82879,42107,13,25,12,Thursday,30.0,Unhealthy for Sensitive Groups
9,15,7,408,27,48,82938,41218,14,25,12,Thursday,30.0,Unhealthy for Sensitive Groups
10,17,8,411,26,52,82977,47635,15,25,12,Thursday,33.33333333333333,Unhealthy for Sensitive Groups
11,18,8,412,25,57,83087,47077,16,25,12,Thursday,36.666666666666664,Unhealthy for Sensitive Groups
11,18,9,415,24,59,83152,48117,17,25,12,Thursday,36.666666666666664,Unhealthy for Sensitive Groups
10,17,8,417,24,61,83184,45706,18,25,12,Thursday,33.33333333333333,Unhealthy for Sensitive Groups
9,16,7,418,23,63,83215,42394,19,25,12,Thursday,30.0,Unhealthy for Sensitive Groups
9,15,7,419,23,63,83216,41708,20,25,12,Thursday,30.0,Unhealthy for Sensitive Groups
9,15,7,421,23,65,83165,42663,21,25,12,Thursday,30.0,Unhealthy for Sensitive Groups
10,16,7,421,23,65,83140,43277,22,25,12,Thursday,33.33333333333333,Unhealthy for Sensitive Groups
9,15,7,430,22,66,83110,40120,23,25,12,Thursday,30.0,Unhealthy for Sensitive Groups
9,14,7,446,21,67,83111,40070,0,26,12,Friday,30.0,Unhealthy for Sensitive Groups
8,14,6,452,21,68,83123,38891,1,26,12,Friday,26.666666666666668,Moderate
9,14,6,453,20,69,83144,39155,2,26,12,Friday,30.0,Unhealthy for Sensitive Groups
10,15,8,458,20,69,83184,43893,3,26,12,Friday,33.33333333333333,Unhealthy for Sensitive Groups
10,16,8,442,22,65,83238,46952,4,26,12,Friday,33.33333333333333,Unhealthy for Sensitive Groups
9,15,7,413,26,57,83248,40451,5,26,12,Friday,30.0,Unhealthy for Sensitive Groups
8,14,6,406,28,50,83229,37055,6,26,12,Friday,26.666666666666668,Moderate
8,14,6,406,30,45,83171,37244,7,26,12,Friday,26.666666666666668,Moderate
8,13,6,407,31,40,83100,36414,8,26,12,Friday,26.666666666666668,Moderate
10,16,7,408,31,39,83029,43391,9,26,12,Friday,33.33333333333333,Unhealthy for Sensitive Groups
9,14,7,408,31,38,82937,39258,10,26,12,Friday,30.0,Unhealthy for Sensitive Groups
7,11,6,407,31,36,82837,32198,11,26,12,Friday,23.333333333333332,Moderate
7,11,6,407,31,36,82783,30615,12,26,12,Friday,23.333333333333332,Moderate
7,11,6,408,30,38,82760,31438,13,26,12,Friday,23.333333333333332,Moderate
7,11,6,409,28,40,82794,31017,14,26,12,Friday,23.333333333333332,Moderate
9,14,7,412,27,45,82877,38780,15,26,12,Friday,30.0,Unhealthy for Sensitive Groups
14,22,10,418,26,50,82990,60115,16,26,12,Friday,46.666666666666664,Unhealthy for Sensitive Groups
10,16,8,421,25,54,83079,45167,17,26,12,Friday,33.33333333333333,Unhealthy for Sensitive Groups
13,21,11,427,24,56,83150,59287,18,26,12,Friday,43.333333333333336,Unhealthy for Sensitive Groups
16,26,13,423,24,59,83146,73046,19,26,12,Friday,53.333333333333336,Unhealthy
17,28,14,423,23,62,83171,76088,20,26,12,Friday,56.666666666666664,Unhealthy
17,26,13,424,23,64,83143,73685,21,26,12,Friday,56.666666666666664,Unhealthy
15,25,12,422,23,66,83089,67975,22,26,12,Friday,50.0,Unhealthy
14,22,11,423,23,68,83056,62323,23,26,12,Friday,46.666666666666664,Unhealthy for Sensitive Groups
13,21,10,424,22,69,83030,57852,0,27,12,Saturday,43.333333333333336,Unhealthy for Sensitive Groups
12,19,10,424,22,70,83045,53201,1,27,12,Saturday,40.0,Unhealthy for Sensitive Groups
12,18,10,428,22,70,83070,52842,2,27,12,Saturday,40.0,Unhealthy for Sensitive Groups
12,19,10,433,22,70,83120,56147,3,27,12,Saturday,40.0,Unhealthy for Sensitive Groups
14,22,11,436,22,71,83188,62077,4,27,12,Saturday,46.666666666666664,Unhealthy for Sensitive Groups
13,20,10,413,24,66,83151,58496,5,27,12,Saturday,43.333333333333336,Unhealthy for Sensitive Groups
13,20,10,410,28,54,83077,58707,6,27,12,Saturday,43.333333333333336,Unhealthy for Sensitive Groups
12,18,10,409,30,48,83028,53860,7,27,12,Saturday,40.0,Unhealthy for Sensitive Groups
14,21,11,406,31,42,82960,61669,8,27,12,Saturday,46.666666666666664,Unhealthy for Sensitive Groups
12,19,10,407,32,40,82886,56745,9,27,12,Saturday,40.0,Unhealthy for Sensitive Groups
11,18,9,406,31,41,82797,50944,10,27,12,Saturday,36.666666666666664,Unhealthy for Sensitive Groups
9,14,7,403,31,41,82686,41187,11,27,12,Saturday,30.0,Unhealthy for Sensitive Groups
9,15,7,404,29,45,82623,43977,12,27,12,Saturday,30.0,Unhealthy for Sensitive Groups
8,12,6,405,28,48,82661,37371,13,27,12,Saturday,26.666666666666668,Moderate
10,16,8,408,27,52,82731,47407,14,27,12,Saturday,33.33333333333333,Unhealthy for Sensitive Groups
10,16,8,413,26,53,82788,46039,15,27,12,Saturday,33.33333333333333,Unhealthy for Sensitive Groups
10,17,8,416,26,52,82877,47465,16,27,12,Saturday,33.33333333333333,Unhealthy for Sensitive Groups
12,20,10,417,25,56,82978,54200,17,27,12,Saturday,40.0,Unhealthy for Sensitive Groups
14,22,11,420,25,59,83018,60399,18,27,12,Saturday,46.666666666666664,Unhealthy for Sensitive Groups
13,21,11,423,24,63,83056,61152,19,27,12,Saturday,43.333333333333336,Unhealthy for Sensitive Groups
3,5,2,416,23,65,83063,15745,20,27,12,Saturday,10.0,Good
4,6,3,421,22,67,83034,17739,21,27,12,Saturday,13.333333333333334,Good
5,8,4,433,22,70,83006,24515,22,27,12,Saturday,16.666666666666664,Moderate
5,9,4,425,22,71,82979,25473,23,27,12,Saturday,16.666666666666664,Moderate
5,8,4,424,22,72,82993,22529,0,28,12,Sunday,16.666666666666664,Moderate
1,2,1,418,21,70,83010,6908,1,28,12,Sunday,3.3333333333333335,Good
1,2,1,427,21,71,83031,8363,2,28,12,Sunday,3.3333333333333335,Good
2,3,2,434,21,73,83094,11227,3,28,12,Sunday,6.666666666666667,Good
3,5,2,429,21,73,83154,15436,4,28,12,Sunday,10.0,Good
4,6,3,422,22,73,83191,18602,5,28,12,Sunday,13.333333333333334,Good
7,10,5,418,23,71,83217,31520,6,28,12,Sunday,23.333333333333332,Moderate
8,13,6,412,25,67,83179,39808,7,28,12,Sunday,26.666666666666668,Moderate
8,12,6,414,24,67,83136,36327,8,28,12,Sunday,26.666666666666668,Moderate
5,8,4,416,22,71,83121,25380,9,28,12,Sunday,16.666666666666664,Moderate
3,4,2,417,21,72,83117,12893,10,28,12,Sunday,10.0,Good
3,5,2,417,21,73,83054,16134,11,28,12,Sunday,10.0,Good
4,6,3,414,21,72,83002,19399,12,28,12,Sunday,13.333333333333334,Good
4,6,3,410,22,70,83034,19682,13,28,12,Sunday,13.333333333333334,Good
3,5,2,411,22,68,83100,16932,14,28,12,Sunday,10.0,Good
4,6,3,419,22,69,83164,19005,15,28,12,Sunday,13.333333333333334,Good
5,9,4,425,21,69,83185,27071,16,28,12,Sunday,16.666666666666664,Moderate
6,9,5,430,20,70,83218,27897,17,28,12,Sunday,20.0,Moderate
5,8,4,449,20,73,83266,26233,18,28,12,Sunday,16.666666666666664,Moderate
5,7,3,451,20,73,83255,22672,19,28,12,Sunday,16.666666666666664,Moderate
4,6,3,446,20,73,83243,18514,20,28,12,Sunday,13.333333333333334,Good
6,9,5,457,20,73,83255,29757,21,28,12,Sunday,20.0,Moderate
12,18,10,465,20,74,83224,57560,22,28,12,Sunday,40.0,Unhealthy for Sensitive Groups
19,29,15,461,20,74,83210,92341,23,28,12,Sunday,63.33333333333333,Unhealthy
20,30,16,472,20,73,83193,97824,0,29,12,Monday,66.66666666666666,Unhealthy
14,21,11,470,20,74,83222,66623,1,29,12,Monday,46.666666666666664,Unhealthy for Sensitive Groups
10,15,8,479,20,74,83263,47372,2,29,12,Monday,33.33333333333333,Unhealthy for Sensitive Groups
11,16,9,483,19,74,83325,51353,3,29,12,Monday,36.666666666666664,Unhealthy for Sensitive Groups
14,22,11,484,20,74,83383,67463,4,29,12,Monday,46.666666666666664,Unhealthy for Sensitive Groups
19,29,15,453,22,69,83424,92471,5,29,12,Monday,63.33333333333333,Unhealthy
13,19,10,432,24,64,83424,59362,6,29,12,Monday,43.333333333333336,Unhealthy for Sensitive Groups
7,10,5,415,26,56,83399,32090,7,29,12,Monday,23.333333333333332,Moderate
5,8,4,412,28,50,83341,25803,8,29,12,Monday,16.666666666666664,Moderate
4,6,3,410,28,46,83261,20290,9,29,12,Monday,13.333333333333334,Good
5,8,4,409,29,44,83175,24474,10,29,12,Monday,16.666666666666664,Moderate
5,8,4,409,29,43,83089,26354,11,29,12,Monday,16.666666666666664,Moderate
6,10,5,410,28,46,83042,30713,12,29,12,Monday,20.0,Moderate
5,8,4,412,26,49,83094,25833,13,29,12,Monday,16.666666666666664,Moderate
5,8,4,419,22,66,83245,23066,14,29,12,Monday,16.666666666666664,Moderate
6,9,5,424,21,69,83307,28198,15,29,12,Monday,20.0,Moderate
9,14,7,427,21,69,83331,45363,16,29,12,Monday,30.0,Unhealthy for Sensitive Groups
10,15,8,437,21,70,83361,47523,17,29,12,Monday,33.33333333333333,Unhealthy for Sensitive Groups
15,23,12,447,20,73,83461,72125,18,29,12,Monday,50.0,Unhealthy
22,33,17,463,21,73,83445,106602,19,29,12,Monday,73.33333333333333,Unhealthy
23,34,17,463,20,74,83443,112842,20,29,12,Monday,76.66666666666667,Unhealthy
19,28,14,457,20,74,83403,89788,21,29,12,Monday,63.33333333333333,Unhealthy
19,28,14,447,21,74,83342,89145,22,29,12,Monday,63.33333333333333,Unhealthy
17,26,13,444,21,73,83291,80681,23,29,12,Monday,56.666666666666664,Unhealthy
13,20,10,448,21,73,83303,62590,0,30,12,Tuesday,43.333333333333336,Unhealthy for Sensitive Groups
11,17,9,457,21,74,83327,51803,1,30,12,Tuesday,36.666666666666664,Unhealthy for Sensitive Groups
9,14,7,463,20,74,83356,43506,2,30,12,Tuesday,30.0,Unhealthy for Sensitive Groups
8,12,6,474,20,75,83427,37106,3,30,12,Tuesday,26.666666666666668,Moderate
10,14,8,455,21,75,83486,45470,4,30,12,Tuesday,33.33333333333333,Unhealthy for Sensitive Groups
10,16,8,439,22,74,83521,49940,5,30,12,Tuesday,33.33333333333333,Unhealthy for Sensitive Groups
8,12,6,417,24,65,83524,37412,6,30,12,Tuesday,26.666666666666668,Moderate
8,12,6,410,26,58,83499,37006,7,30,12,Tuesday,26.666666666666668,Moderate
8,12,6,409,27,55,83435,38497,8,30,12,Tuesday,26.666666666666668,Moderate
8,12,6,409,28,50,83334,36430,9,30,12,Tuesday,26.666666666666668,Moderate
8,12,6,410,28,46,83223,37157,10,30,12,Tuesday,26.666666666666668,Moderate
8,12,6,409,29,42,83110,38397,11,30,12,Tuesday,26.666666666666668,Moderate
9,13,7,408,29,42,83047,40305,12,30,12,Tuesday,30.0,Unhealthy for Sensitive Groups
10,15,8,410,27,51,83086,44439,13,30,12,Tuesday,33.33333333333333,Unhealthy for Sensitive Groups
9,14,7,414,25,55,83158,42793,14,30,12,Tuesday,30.0,Unhealthy for Sensitive Groups
9,14,7,425,24,59,83242,42707,15,30,12,Tuesday,30.0,Unhealthy for Sensitive Groups
13,20,11,438,23,62,83346,60074,16,30,12,Tuesday,43.333333333333336,Unhealthy for Sensitive Groups
14,22,11,443,22,63,83405,66697,17,30,12,Tuesday,46.666666666666664,Unhealthy for Sensitive Groups
16,24,13,437,22,63,83450,74867,18,30,12,Tuesday,53.333333333333336,Unhealthy
10,15,8,431,22,63,83425,44985,19,30,12,Tuesday,33.33333333333333,Unhealthy for Sensitive Groups
8,12,6,430,21,66,83408,37564,20,30,12,Tuesday,26.666666666666668,Moderate
7,11,6,430,21,69,83387,33413,21,30,12,Tuesday,23.333333333333332,Moderate
7,11,6,436,21,70,83343,34808,22,30,12,Tuesday,23.333333333333332,Moderate
23,34,17,456,21,73,83319,110043,23,30,12,Tuesday,76.66666666666667,Unhealthy
22,34,17,445,20,74,83323,107157,0,31,12,Wednesday,73.33333333333333,Unhealthy
15,23,12,428,20,76,83339,69479,1,31,12,Wednesday,50.0,Unhealthy
8,12,6,428,20,75,83340,36371,2,31,12,Wednesday,26.666666666666668,Moderate
9,13,7,432,20,73,83358,41486,3,31,12,Wednesday,30.0,Unhealthy for Sensitive Groups
11,16,9,429,22,69,83400,50097,4,31,12,Wednesday,36.666666666666664,Unhealthy for Sensitive Groups
11,17,9,415,25,62,83434,52133,5,31,12,Wednesday,36.666666666666664,Unhealthy for Sensitive Groups
10,16,8,410,26,57,83440,48463,6,31,12,Wednesday,33.33333333333333,Unhealthy for Sensitive Groups
10,15,8,409,27,51,83396,47246,7,31,12,Wednesday,33.33333333333333,Unhealthy for Sensitive Groups
12,18,10,409,28,46,83334,55589,8,31,12,Wednesday,40.0,Unhealthy for Sensitive Groups
10,15,8,408,28,42,83257,46268,9,31,12,Wednesday,33.33333333333333,Unhealthy for Sensitive Groups
9,14,7,408,29,41,83157,43151,10,31,12,Wednesday,30.0,Unhealthy for Sensitive Groups
9,14,7,410,29,41,83080,42671,11,31,12,Wednesday,30.0,Unhealthy for Sensitive Groups
8,12,6,408,28,41,83015,38182,12,31,12,Wednesday,26.666666666666668,Moderate
8,12,6,408,27,43,82997,36556,13,31,12,Wednesday,26.666666666666668,Moderate
8,13,6,410,26,48,83013,39972,14,31,12,Wednesday,26.666666666666668,Moderate
10,15,8,414,25,52,83090,45226,15,31,12,Wednesday,33.33333333333333,Unhealthy for Sensitive Groups
11,17,9,419,24,56,83175,52252,16,31,12,Wednesday,36.666666666666664,Unhealthy for Sensitive Groups
13,19,10,438,23,60,83295,59390,17,31,12,Wednesday,43.333333333333336,Unhealthy for Sensitive Groups
20,30,15,447,22,63,83362,92231,18,31,12,Wednesday,66.66666666666666,Unhealthy
23,35,18,455,22,64,83390,110139,19,31,12,Wednesday,76.66666666666667,Unhealthy
25,38,19,443,22,65,83386,119109,20,31,12,Wednesday,83.33333333333334,Unhealthy
